grid_lat,grid_lon,local_date,wind_direction_10m,precipitation,sea_surface_temperature
-42.8419,148.1963,2000-01-02,90.0,0.0,
-36.8407,150.02999999999997,2000-01-02,145.0,0.0,
-36.8407,150.19669999999996,2000-01-02,160.0,0.0,
-34.5069,150.8635,2000-01-02,142.0,0.7,
-33.8401,151.5303,2000-01-02,132.0,0.1,
-33.6734,151.36360000000002,2000-01-02,129.0,0.2,
-33.34,152.19709999999998,2000-01-02,165.0,0.0,
-33.1733,152.19709999999998,2000-01-02,165.0,0.0,
-33.0066,152.0304,2000-01-02,146.0,0.0,
-30.8395,153.0306,2000-01-02,164.0,0.2,
-30.3394,153.36400000000003,2000-01-02,166.0,0.0,
-27.8389,153.69740000000002,2000-01-02,151.0,0.0,
-27.0054,153.36400000000003,2000-01-02,131.0,0.0,
-27.0054,153.53070000000002,2000-01-02,134.0,0.0,
-26.5053,153.36400000000003,2000-01-02,134.0,0.0,
-16.3366,146.0292,2000-01-02,330.0,0.0,
-5.1677,145.8625,2000-01-02,63.0,0.0,
-35.1737,151.03020000000004,2000-01-03,30.0,0.0,
-35.007,150.8635,2000-01-03,41.0,0.0,
-34.0068,151.697,2000-01-03,34.0,0.0,
-33.8401,151.697,2000-01-03,43.0,0.0,
-33.6734,151.697,2000-01-03,43.0,0.0,
-33.5067,151.8637,2000-01-03,52.0,0.0,
-33.34,151.8637,2000-01-03,68.0,0.0,
-33.34,152.19709999999998,2000-01-03,39.0,0.0,
-33.1733,152.0304,2000-01-03,54.0,0.0,
-33.1733,152.19709999999998,2000-01-03,39.0,0.0,
-33.0066,151.8637,2000-01-03,67.0,0.0,
-33.0066,152.53049999999996,2000-01-03,37.0,0.0,
-32.8399,151.8637,2000-01-03,67.0,0.0,
-32.8399,152.6972,2000-01-03,33.0,0.0,
-32.6732,152.36379999999997,2000-01-03,53.0,0.0,
-32.6732,152.6972,2000-01-03,33.0,0.0,
-32.1731,152.6972,2000-01-03,52.0,0.0,
-30.8395,153.0306,2000-01-03,59.0,0.0,
-29.0058,168.03359999999998,2000-01-03,155.0,0.0,
-27.0054,153.36400000000003,2000-01-03,119.0,0.0,
-27.0054,153.53070000000002,2000-01-03,122.0,0.0,
-26.5053,153.36400000000003,2000-01-03,121.0,0.0,
-16.5033,146.0292,2000-01-03,214.0,0.0,
-35.1737,151.03020000000004,2000-01-04,24.0,0.0,
-33.1733,152.0304,2000-01-04,30.0,0.0,
-32.8399,151.8637,2000-01-04,318.0,0.0,
-32.6732,152.6972,2000-01-04,22.0,0.0,
-28.1723,153.53070000000002,2000-01-04,18.0,0.0,
-27.8389,153.53070000000002,2000-01-04,25.0,0.0,
-27.8389,153.69740000000002,2000-01-04,15.0,0.0,
-27.6722,153.53070000000002,2000-01-04,25.0,0.0,
-27.0054,153.36400000000003,2000-01-04,57.0,0.0,
-27.0054,153.53070000000002,2000-01-04,50.0,0.0,
-20.1707,149.3632,2000-01-04,115.0,0.2,
-12.0024,136.52729999999997,2000-01-04,23.0,0.0,
-35.8405,150.6968,2000-01-05,206.0,0.0,
-33.34,152.19709999999998,2000-01-05,207.0,0.0,
-33.0066,151.697,2000-01-05,180.0,0.0,
-30.8395,153.0306,2000-01-05,125.0,0.0,
-5.1677,145.8625,2000-01-05,95.0,0.0,
-30.8395,153.0306,2000-01-06,184.0,0.0,
-29.0058,168.03359999999998,2000-01-06,49.0,0.0,
-28.0056,153.69740000000002,2000-01-06,137.0,0.0,
-27.0054,153.53070000000002,2000-01-06,134.0,0.0,
-30.8395,153.0306,2000-01-07,173.0,0.0,
-28.1723,153.69740000000002,2000-01-07,118.0,0.0,
-27.0054,153.53070000000002,2000-01-07,129.0,0.0,
-26.5053,153.36400000000003,2000-01-07,126.0,0.2,
-34.8403,150.8635,2000-01-08,149.0,0.4,
-33.0066,151.697,2000-01-08,164.0,0.1,
-31.673,152.8639,2000-01-08,177.0,0.1,
-31.3396,152.8639,2000-01-08,175.0,0.2,
-31.3396,153.0306,2000-01-08,179.0,0.0,
-31.3396,153.19730000000004,2000-01-08,185.0,0.0,
-31.1729,153.0306,2000-01-08,180.0,0.2,
-31.1729,153.19730000000004,2000-01-08,180.0,0.2,
-30.8395,153.0306,2000-01-08,184.0,0.1,
-30.8395,153.19730000000004,2000-01-08,184.0,0.1,
-28.0056,153.53070000000002,2000-01-08,158.0,0.1,
-27.0054,153.36400000000003,2000-01-08,137.0,0.0,
-27.0054,153.53070000000002,2000-01-08,147.0,0.0,
-17.8369,168.36699999999996,2000-01-08,16.0,0.3,
-7.0014,147.69619999999998,2000-01-08,120.0,0.0,
-5.1677,145.8625,2000-01-08,90.0,0.0,
-38.1743,140.5281,2000-01-09,208.0,0.0,
-37.0074,150.02999999999997,2000-01-09,42.0,0.0,
-36.3406,150.5301,2000-01-09,41.0,0.0,
-35.1737,151.03020000000004,2000-01-09,66.0,0.0,
-35.007,151.03020000000004,2000-01-09,77.0,0.0,
-34.8403,150.8635,2000-01-09,85.0,0.2,
-34.8403,151.03020000000004,2000-01-09,85.0,0.0,
-34.0068,151.19690000000003,2000-01-09,102.0,0.0,
-34.0068,151.5303,2000-01-09,110.0,0.0,
-34.0068,151.8637,2000-01-09,116.0,0.0,
-33.6734,151.36360000000002,2000-01-09,104.0,0.0,
-33.6734,151.697,2000-01-09,113.0,0.0,
-33.5067,151.5303,2000-01-09,109.0,0.0,
-33.34,152.19709999999998,2000-01-09,114.0,0.0,
-33.1733,151.697,2000-01-09,109.0,0.0,
-33.1733,152.53049999999996,2000-01-09,117.0,0.0,
-33.0066,152.19709999999998,2000-01-09,114.0,0.0,
-31.3396,152.8639,2000-01-09,129.0,0.2,
-31.3396,153.0306,2000-01-09,137.0,0.1,
-31.3396,153.19730000000004,2000-01-09,139.0,0.1,
-31.1729,153.0306,2000-01-09,144.0,0.1,
-31.1729,153.19730000000004,2000-01-09,144.0,0.1,
-31.0062,153.19730000000004,2000-01-09,144.0,0.1,
-30.3394,153.36400000000003,2000-01-09,157.0,0.1,
-29.0058,168.03359999999998,2000-01-09,294.0,0.0,
-27.6722,153.53070000000002,2000-01-09,147.0,0.0,
-27.0054,153.53070000000002,2000-01-09,152.0,0.0,
-26.5053,153.36400000000003,2000-01-09,148.0,0.1,
-5.1677,145.8625,2000-01-09,112.0,0.0,
-35.1737,151.03020000000004,2000-01-10,67.0,0.0,
-33.34,151.697,2000-01-10,103.0,0.0,
-33.1733,152.19709999999998,2000-01-10,117.0,0.0,
-28.0056,153.69740000000002,2000-01-10,163.0,0.0,
-26.5053,153.19730000000004,2000-01-10,142.0,0.0,
-24.3382,153.36400000000003,2000-01-10,135.0,0.0,
-20.004,148.86310000000003,2000-01-10,101.0,0.0,
-36.5073,150.19669999999996,2000-01-11,76.0,0.1,
-36.1739,150.5301,2000-01-11,84.0,0.0,
-36.0072,150.5301,2000-01-11,91.0,0.0,
-35.8405,150.3634,2000-01-11,105.0,0.2,
-35.6738,150.3634,2000-01-11,112.0,0.2,
-35.1737,151.03020000000004,2000-01-11,109.0,0.0,
-35.007,151.03020000000004,2000-01-11,112.0,0.1,
-33.1733,152.19709999999998,2000-01-11,132.0,0.0,
-32.8399,152.6972,2000-01-11,132.0,0.0,
-32.6732,133.19330000000002,2000-01-11,341.0,0.0,
-31.3396,152.8639,2000-01-11,147.0,0.0,
-31.3396,153.0306,2000-01-11,153.0,0.0,
-31.3396,153.19730000000004,2000-01-11,153.0,0.0,
-31.1729,153.0306,2000-01-11,155.0,0.0,
-31.1729,153.19730000000004,2000-01-11,155.0,0.0,
-36.8407,150.19669999999996,2000-01-12,77.0,0.0,
-36.5073,150.19669999999996,2000-01-12,75.0,0.2,
-34.0068,151.36360000000002,2000-01-12,134.0,0.0,
-36.5073,150.19669999999996,2000-01-13,59.0,0.0,
-32.6732,133.19330000000002,2000-01-13,61.0,0.0,
-20.004,148.86310000000003,2000-01-13,133.0,0.0,
-36.5073,150.19669999999996,2000-01-14,32.0,0.0,
-36.1739,150.19669999999996,2000-01-14,42.0,0.0,
-36.1739,150.3634,2000-01-14,39.0,0.0,
-36.0072,150.3634,2000-01-14,48.0,0.0,
-35.8405,150.5301,2000-01-14,49.0,0.0,
-35.6738,150.19669999999996,2000-01-14,61.0,0.0,
-35.6738,150.3634,2000-01-14,61.0,0.0,
-35.6738,150.5301,2000-01-14,49.0,0.0,
-35.6738,150.6968,2000-01-14,45.0,0.0,
-35.5071,150.3634,2000-01-14,61.0,0.0,
-35.007,150.8635,2000-01-14,70.0,0.0,
-34.8403,151.03020000000004,2000-01-14,84.0,0.0,
-33.8401,151.36360000000002,2000-01-14,111.0,0.0,
-33.5067,152.36379999999997,2000-01-14,109.0,0.0,
-32.8399,152.53049999999996,2000-01-14,115.0,0.0,
-31.3396,153.0306,2000-01-14,137.0,0.9,
-31.3396,153.19730000000004,2000-01-14,124.0,1.9,
-31.1729,153.0306,2000-01-14,150.0,0.8,
-31.0062,153.36400000000003,2000-01-14,133.0,0.9,
-17.6702,146.52930000000003,2000-01-14,139.0,0.0,
-36.5073,150.19669999999996,2000-01-15,38.0,0.0,
-36.0072,150.5301,2000-01-15,37.0,0.0,
-35.8405,150.5301,2000-01-15,41.0,0.0,
-35.6738,150.3634,2000-01-15,48.0,0.0,
-35.6738,150.5301,2000-01-15,41.0,0.0,
-35.5071,150.3634,2000-01-15,48.0,0.0,
-35.5071,150.6968,2000-01-15,41.0,0.0,
-35.3404,150.6968,2000-01-15,51.0,0.0,
-35.1737,151.03020000000004,2000-01-15,41.0,0.0,
-35.007,150.8635,2000-01-15,50.0,0.0,
-34.8403,150.8635,2000-01-15,50.0,0.0,
-34.6736,151.03020000000004,2000-01-15,55.0,0.0,
-33.5067,151.8637,2000-01-15,90.0,0.0,
-33.0066,151.8637,2000-01-15,124.0,0.0,
-32.8399,152.19709999999998,2000-01-15,122.0,0.2,
-28.1723,153.69740000000002,2000-01-15,128.0,0.0,
-27.0054,153.53070000000002,2000-01-15,136.0,0.0,
-7.3348,147.3628,2000-01-15,90.0,1.3,
-7.0014,147.69619999999998,2000-01-15,93.0,0.0,
-38.5077,145.029,2000-01-16,200.0,0.0,
-37.8409,144.8623,2000-01-16,171.0,0.1,
-36.5073,150.19669999999996,2000-01-16,164.0,0.2,
-36.3406,150.3634,2000-01-16,196.0,0.0,
-36.1739,150.5301,2000-01-16,221.0,0.0,
-36.0072,150.3634,2000-01-16,214.0,0.0,
-35.8405,150.5301,2000-01-16,335.0,0.0,
-35.6738,150.5301,2000-01-16,335.0,0.0,
-35.6738,150.6968,2000-01-16,359.0,0.0,
-35.3404,150.5301,2000-01-16,328.0,0.0,
-35.007,150.8635,2000-01-16,349.0,0.0,
-34.8403,150.8635,2000-01-16,350.0,0.0,
-34.6736,151.19690000000003,2000-01-16,16.0,0.0,
-34.0068,151.36360000000002,2000-01-16,31.0,0.0,
-34.0068,151.697,2000-01-16,8.0,0.0,
-33.8401,151.36360000000002,2000-01-16,41.0,0.0,
-33.8401,151.5303,2000-01-16,40.0,0.0,
-33.6734,151.36360000000002,2000-01-16,41.0,0.0,
-33.6734,151.697,2000-01-16,20.0,0.0,
-33.5067,151.5303,2000-01-16,45.0,0.0,
-33.5067,151.697,2000-01-16,37.0,0.0,
-33.5067,151.8637,2000-01-16,37.0,0.0,
-33.34,152.19709999999998,2000-01-16,13.0,0.0,
-33.0066,152.53049999999996,2000-01-16,22.0,0.0,
-32.8399,151.8637,2000-01-16,352.0,0.0,
-32.8399,152.6972,2000-01-16,22.0,0.0,
-32.6732,152.53049999999996,2000-01-16,40.0,0.0,
-32.5065,152.8639,2000-01-16,40.0,0.0,
-31.3396,153.0306,2000-01-16,73.0,0.0,
-31.3396,153.19730000000004,2000-01-16,61.0,0.0,
-31.0062,153.0306,2000-01-16,73.0,0.1,
-30.3394,153.69740000000002,2000-01-16,140.0,0.0,
-28.1723,153.53070000000002,2000-01-16,143.0,0.0,
-27.8389,153.53070000000002,2000-01-16,142.0,0.0,
-27.0054,153.8641,2000-01-16,155.0,0.0,
-5.1677,145.8625,2000-01-16,202.0,1.8,
-36.5073,150.19669999999996,2000-01-17,136.0,0.0,
-35.6738,150.5301,2000-01-17,158.0,0.0,
-31.0062,153.0306,2000-01-17,63.0,0.0,
-31.0062,153.36400000000003,2000-01-17,55.0,0.0,
-28.1723,153.69740000000002,2000-01-17,38.0,0.0,
-27.8389,153.36400000000003,2000-01-17,32.0,0.0,
-27.8389,153.69740000000002,2000-01-17,343.0,0.0,
-27.6722,153.53070000000002,2000-01-17,24.0,0.0,
-26.8387,153.53070000000002,2000-01-17,146.0,0.0,
-36.8407,150.19669999999996,2000-01-18,29.0,0.0,
-36.5073,150.19669999999996,2000-01-18,36.0,0.0,
-36.1739,150.5301,2000-01-18,30.0,0.0,
-35.1737,151.03020000000004,2000-01-18,35.0,0.0,
-31.0062,153.36400000000003,2000-01-18,120.0,0.0,
-30.8395,153.0306,2000-01-18,105.0,0.0,
-30.3394,153.36400000000003,2000-01-18,125.0,0.0,
-27.8389,153.69740000000002,2000-01-18,148.0,0.0,
-36.5073,150.19669999999996,2000-01-19,144.0,0.0,
-36.3406,150.3634,2000-01-19,159.0,0.0,
-33.0066,152.53049999999996,2000-01-19,27.0,0.0,
-31.0062,153.0306,2000-01-19,22.0,0.0,
-30.8395,153.0306,2000-01-19,28.0,0.0,
-27.6722,153.53070000000002,2000-01-19,336.0,0.0,
-26.5053,153.36400000000003,2000-01-19,357.0,0.0,
-36.8407,150.02999999999997,2000-01-20,58.0,0.0,
-36.5073,150.19669999999996,2000-01-20,54.0,0.0,
-36.3406,150.3634,2000-01-20,52.0,0.0,
-35.007,150.8635,2000-01-20,27.0,0.0,
-34.8403,151.03020000000004,2000-01-20,42.0,0.0,
-34.6736,151.19690000000003,2000-01-20,30.0,0.0,
-33.8401,151.5303,2000-01-20,50.0,0.0,
-32.6732,152.36379999999997,2000-01-20,281.0,0.0,
-31.0062,153.36400000000003,2000-01-20,117.0,0.0,
-30.8395,153.0306,2000-01-20,85.0,0.0,
-27.5055,153.69740000000002,2000-01-20,342.0,0.0,
-36.8407,150.19669999999996,2000-01-21,156.0,0.0,
-36.5073,150.19669999999996,2000-01-21,105.0,0.0,
-36.3406,150.3634,2000-01-21,128.0,0.0,
-33.6734,151.36360000000002,2000-01-21,243.0,0.0,
-33.6734,151.5303,2000-01-21,120.0,0.0,
-33.5067,151.5303,2000-01-21,241.0,0.0,
-33.1733,152.19709999999998,2000-01-21,180.0,0.0,
-32.1731,152.6972,2000-01-21,160.0,0.0,
-31.0062,153.0306,2000-01-21,139.0,0.0,
-30.8395,153.0306,2000-01-21,133.0,0.0,
-27.8389,153.53070000000002,2000-01-21,2.0,0.0,
-27.0054,153.36400000000003,2000-01-21,16.0,0.0,
-26.5053,153.36400000000003,2000-01-21,13.0,0.0,
-36.5073,150.19669999999996,2000-01-22,128.0,0.0,
-36.3406,150.3634,2000-01-22,124.0,0.0,
-36.1739,150.19669999999996,2000-01-22,87.0,0.0,
-36.1739,150.3634,2000-01-22,124.0,0.0,
-35.1737,151.03020000000004,2000-01-22,156.0,0.0,
-34.8403,150.8635,2000-01-22,127.0,0.2,
-34.0068,151.36360000000002,2000-01-22,155.0,0.0,
-34.0068,151.5303,2000-01-22,157.0,0.0,
-34.0068,151.697,2000-01-22,165.0,0.0,
-33.8401,151.36360000000002,2000-01-22,162.0,0.0,
-33.8401,151.5303,2000-01-22,167.0,0.0,
-33.8401,151.8637,2000-01-22,176.0,0.0,
-33.8401,155.53110000000004,2000-01-22,50.0,0.0,
-33.6734,151.36360000000002,2000-01-22,173.0,0.0,
-33.6734,151.697,2000-01-22,176.0,0.0,
-33.5067,151.697,2000-01-22,177.0,0.0,
-33.5067,151.8637,2000-01-22,177.0,0.0,
-33.34,152.19709999999998,2000-01-22,192.0,0.0,
-33.1733,151.697,2000-01-22,170.0,0.0,
-33.1733,151.8637,2000-01-22,169.0,0.0,
-33.1733,152.19709999999998,2000-01-22,192.0,0.0,
-32.8399,152.53049999999996,2000-01-22,184.0,0.1,
-32.8399,152.6972,2000-01-22,201.0,0.2,
-32.6732,152.36379999999997,2000-01-22,192.0,0.2,
-32.6732,152.6972,2000-01-22,201.0,0.2,
-32.5065,152.6972,2000-01-22,188.0,0.2,
-32.5065,153.0306,2000-01-22,270.0,0.2,
-30.8395,153.0306,2000-01-22,94.0,0.0,
-28.1723,153.53070000000002,2000-01-22,87.0,0.0,
-27.8389,153.69740000000002,2000-01-22,133.0,0.0,
-27.8389,153.8641,2000-01-22,133.0,0.0,
-27.6722,153.53070000000002,2000-01-22,92.0,0.0,
-27.0054,153.36400000000003,2000-01-22,104.0,0.0,
-27.0054,153.8641,2000-01-22,159.0,0.0,
-26.8387,153.69740000000002,2000-01-22,172.0,0.0,
-26.5053,153.36400000000003,2000-01-22,111.0,0.0,
-7.0014,147.69619999999998,2000-01-22,95.0,0.0,
-7.0014,147.86289999999997,2000-01-22,95.0,0.0,
-36.5073,150.19669999999996,2000-01-23,213.0,0.0,
-36.3406,150.02999999999997,2000-01-23,207.0,0.0,
-36.3406,150.19669999999996,2000-01-23,207.0,0.0,
-36.0072,150.3634,2000-01-23,194.0,0.0,
-35.6738,150.3634,2000-01-23,192.0,0.0,
-34.3402,138.1943,2000-01-23,131.0,0.0,
-34.3402,151.03020000000004,2000-01-23,172.0,0.0,
-34.0068,151.19690000000003,2000-01-23,166.0,0.0,
-34.0068,151.36360000000002,2000-01-23,174.0,0.0,
-34.0068,151.5303,2000-01-23,184.0,0.0,
-34.0068,151.697,2000-01-23,191.0,0.0,
-33.8401,151.697,2000-01-23,184.0,0.0,
-33.8401,151.8637,2000-01-23,184.0,0.0,
-33.6734,151.36360000000002,2000-01-23,165.0,0.1,
-33.6734,151.697,2000-01-23,184.0,0.0,
-33.34,152.19709999999998,2000-01-23,182.0,0.0,
-33.1733,152.0304,2000-01-23,179.0,0.0,
-33.1733,152.19709999999998,2000-01-23,182.0,0.0,
-33.0066,151.697,2000-01-23,169.0,0.0,
-33.0066,152.6972,2000-01-23,180.0,0.2,
-32.8399,152.53049999999996,2000-01-23,185.0,0.0,
-32.8399,152.6972,2000-01-23,185.0,0.0,
-32.6732,152.36379999999997,2000-01-23,191.0,0.0,
-30.8395,153.0306,2000-01-23,164.0,0.0,
-28.1723,153.53070000000002,2000-01-23,162.0,0.0,
-28.1723,153.69740000000002,2000-01-23,162.0,0.0,
-27.0054,153.36400000000003,2000-01-23,128.0,0.0,
-26.5053,153.36400000000003,2000-01-23,135.0,0.0,
-7.0014,147.69619999999998,2000-01-23,75.0,0.0,
-6.8347,147.0294,2000-01-23,108.0,0.0,
-6.668,147.0294,2000-01-23,108.0,0.0,
-5.3344,145.8625,2000-01-23,281.0,0.2,
-5.1677,145.8625,2000-01-23,281.0,0.2,
-36.5073,150.19669999999996,2000-01-24,126.0,0.0,
-31.0062,153.36400000000003,2000-01-24,175.0,0.0,
-29.0058,168.03359999999998,2000-01-24,354.0,0.1,
-16.67,146.1959,2000-01-24,95.0,0.0,
-36.8407,150.19669999999996,2000-01-25,18.0,0.1,
-36.5073,150.19669999999996,2000-01-25,19.0,0.0,
-34.6736,151.03020000000004,2000-01-25,40.0,0.0,
-33.8401,151.5303,2000-01-25,50.0,0.0,
-33.1733,151.697,2000-01-25,70.0,0.0,
-32.8399,151.8637,2000-01-25,74.0,0.0,
-30.8395,153.0306,2000-01-25,95.0,0.0,
-30.3394,153.19730000000004,2000-01-25,96.0,0.0,
-30.1727,153.19730000000004,2000-01-25,67.0,0.2,
-16.5033,146.0292,2000-01-25,135.0,0.0,
-36.5073,150.19669999999996,2000-01-26,31.0,0.0,
-36.3406,150.3634,2000-01-26,31.0,0.0,
-35.6738,150.5301,2000-01-26,32.0,0.0,
-34.8403,150.8635,2000-01-26,26.0,0.3,
-34.3402,151.36360000000002,2000-01-26,7.0,1.4,
-34.0068,151.19690000000003,2000-01-26,11.0,1.8,
-34.0068,151.8637,2000-01-26,357.0,0.3,
-33.8401,151.5303,2000-01-26,355.0,0.7,
-33.5067,151.36360000000002,2000-01-26,344.0,0.9,
-33.1733,151.8637,2000-01-26,354.0,0.5,
-33.1733,152.0304,2000-01-26,1.0,0.5,
-33.1733,152.19709999999998,2000-01-26,1.0,0.3,
-33.0066,151.697,2000-01-26,342.0,0.0,
-28.1723,153.53070000000002,2000-01-26,67.0,0.0,
-27.8389,153.36400000000003,2000-01-26,85.0,0.0,
-27.8389,153.69740000000002,2000-01-26,107.0,0.0,
-27.0054,153.36400000000003,2000-01-26,110.0,0.0,
-26.5053,153.36400000000003,2000-01-26,119.0,0.0,
-11.669,136.69399999999996,2000-01-26,97.0,0.0,
-36.8407,150.19669999999996,2000-01-27,204.0,0.0,
-36.5073,150.19669999999996,2000-01-27,198.0,0.0,
-35.3404,150.5301,2000-01-27,191.0,0.0,
-35.007,151.03020000000004,2000-01-27,197.0,0.0,
-27.8389,153.36400000000003,2000-01-27,355.0,0.0,
-27.0054,153.36400000000003,2000-01-27,8.0,0.0,
-26.8387,153.36400000000003,2000-01-27,7.0,0.0,
-26.8387,153.53070000000002,2000-01-27,356.0,0.0,
-26.8387,153.69740000000002,2000-01-27,348.0,0.0,
-36.5073,150.19669999999996,2000-01-28,210.0,0.0,
-35.3404,150.5301,2000-01-28,200.0,0.0,
-35.3404,150.6968,2000-01-28,200.0,0.0,
-35.007,150.8635,2000-01-28,204.0,0.0,
-35.007,151.03020000000004,2000-01-28,204.0,0.0,
-34.8403,150.8635,2000-01-28,203.0,0.1,
-34.3402,150.8635,2000-01-28,188.0,0.0,
-30.8395,153.0306,2000-01-28,168.0,0.0,
-30.3394,153.36400000000003,2000-01-28,183.0,0.1,
-43.0086,148.02959999999996,2000-01-29,242.0,0.0,
-36.5073,150.19669999999996,2000-01-29,212.0,0.0,
-35.5071,150.6968,2000-01-29,188.0,0.0,
-35.3404,150.5301,2000-01-29,160.0,0.0,
-35.007,150.8635,2000-01-29,176.0,0.0,
-34.0068,151.36360000000002,2000-01-29,177.0,0.0,
-33.1733,151.697,2000-01-29,179.0,0.0,
-32.0064,115.6898,2000-01-29,40.0,0.0,
-30.8395,153.0306,2000-01-29,178.0,0.0,
-30.1727,153.19730000000004,2000-01-29,144.0,0.1,
-28.1723,153.53070000000002,2000-01-29,131.0,0.0,
-27.8389,153.36400000000003,2000-01-29,94.0,0.0,
-27.1721,153.53070000000002,2000-01-29,135.0,0.0,
-27.1721,153.69740000000002,2000-01-29,144.0,0.0,
-27.0054,153.36400000000003,2000-01-29,123.0,0.1,
-26.8387,153.19730000000004,2000-01-29,107.0,0.3,
-26.8387,153.36400000000003,2000-01-29,132.0,0.1,
-32.0064,115.6898,2000-01-29,40.0,0.0,
-26.5053,153.36400000000003,2000-01-29,134.0,0.0,
-36.5073,150.19669999999996,2000-01-30,147.0,0.0,
-35.8405,150.5301,2000-01-30,169.0,0.0,
-35.6738,150.5301,2000-01-30,169.0,0.0,
-35.3404,150.5301,2000-01-30,160.0,0.0,
-35.1737,151.03020000000004,2000-01-30,185.0,0.0,
-35.007,150.8635,2000-01-30,176.0,0.0,
-34.8403,150.8635,2000-01-30,171.0,0.0,
-34.0068,151.36360000000002,2000-01-30,167.0,0.0,
-34.0068,151.5303,2000-01-30,174.0,0.0,
-34.0068,151.8637,2000-01-30,179.0,0.0,
-33.8401,151.36360000000002,2000-01-30,162.0,0.0,
-33.8401,151.5303,2000-01-30,169.0,0.0,
-33.8401,151.697,2000-01-30,174.0,0.0,
-33.5067,151.5303,2000-01-30,160.0,0.0,
-33.34,152.19709999999998,2000-01-30,177.0,0.0,
-33.1733,151.8637,2000-01-30,167.0,0.0,
-33.1733,152.0304,2000-01-30,171.0,0.0,
-33.1733,152.19709999999998,2000-01-30,177.0,0.0,
-33.0066,151.697,2000-01-30,151.0,0.7,
-33.0066,151.8637,2000-01-30,149.0,0.0,
-33.0066,152.36379999999997,2000-01-30,172.0,0.0,
-33.0066,152.53049999999996,2000-01-30,178.0,0.0,
-32.8399,152.6972,2000-01-30,180.0,0.0,
-32.0064,115.6898,2000-01-30,235.0,0.0,
-31.3396,153.0306,2000-01-30,155.0,0.0,
-30.8395,153.0306,2000-01-30,136.0,0.1,
-30.3394,153.19730000000004,2000-01-30,131.0,1.4,
-28.1723,153.53070000000002,2000-01-30,84.0,0.5,
-26.8387,153.19730000000004,2000-01-30,90.0,0.0,
-26.8387,153.36400000000003,2000-01-30,94.0,0.0,
-21.8377,114.3562,2000-01-30,354.0,0.0,
-16.5033,146.0292,2000-01-30,149.0,1.3,
-11.669,136.69399999999996,2000-01-30,297.0,0.0,
-5.5011,146.0292,2000-01-30,328.0,0.1,
-5.1677,145.8625,2000-01-30,239.0,0.0,
-36.8407,150.02999999999997,2000-01-31,51.0,0.0,
-36.5073,150.19669999999996,2000-01-31,50.0,0.0,
-34.8403,150.8635,2000-01-31,51.0,0.0,
-34.0068,151.36360000000002,2000-01-31,51.0,0.0,
-33.34,151.697,2000-01-31,76.0,0.0,
-30.8395,153.0306,2000-01-31,93.0,0.1,
-30.3394,153.19730000000004,2000-01-31,108.0,0.3,
-17.8369,146.52930000000003,2000-01-31,155.0,0.2,
-36.5073,150.19669999999996,2000-02-01,40.0,0.2,
-34.6736,151.19690000000003,2000-02-01,63.0,0.0,
-33.8401,151.5303,2000-02-01,71.0,0.0,
-33.1733,152.19709999999998,2000-02-01,79.0,0.0,
-33.0066,151.697,2000-02-01,94.0,0.0,
-32.8399,152.53049999999996,2000-02-01,78.0,0.1,
-36.5073,150.19669999999996,2000-02-02,31.0,0.0,
-34.8403,150.8635,2000-02-02,23.0,0.0,
-34.0068,151.8637,2000-02-02,25.0,0.0,
-33.8401,151.36360000000002,2000-02-02,42.0,0.0,
-33.1733,151.697,2000-02-02,59.0,0.0,
-33.0066,151.697,2000-02-02,72.0,0.0,
-32.8399,152.6972,2000-02-02,56.0,0.0,
-30.8395,153.0306,2000-02-02,94.0,0.0,
-36.5073,150.19669999999996,2000-02-03,40.0,0.0,
-33.8401,151.697,2000-02-03,18.0,0.0,
-27.3388,153.53070000000002,2000-02-03,132.0,0.0,
-26.5053,153.36400000000003,2000-02-03,129.0,0.0,
-36.5073,150.19669999999996,2000-02-04,80.0,0.0,
-34.0068,151.36360000000002,2000-02-04,36.0,0.0,
-33.8401,151.36360000000002,2000-02-04,45.0,0.0,
-33.5067,151.8637,2000-02-04,35.0,0.0,
-33.0066,151.697,2000-02-04,66.0,0.0,
-32.8399,152.6972,2000-02-04,22.0,0.0,
-27.0054,153.36400000000003,2000-02-04,103.0,0.0,
-26.8387,153.53070000000002,2000-02-04,105.0,0.0,
-26.5053,153.36400000000003,2000-02-04,108.0,0.0,
-32.0064,115.6898,2000-01-29,40.0,0.0,
-32.0064,115.6898,2000-01-30,235.0,0.0,
-26.5053,153.8641,2000-02-04,105.0,0.0,
-36.5073,150.19669999999996,2000-02-05,287.0,0.0,
-34.8403,150.8635,2000-02-05,309.0,0.0,
-34.3402,150.8635,2000-02-05,309.0,0.0,
-34.0068,151.19690000000003,2000-02-05,333.0,0.0,
-34.0068,151.36360000000002,2000-02-05,25.0,0.0,
-33.6734,151.36360000000002,2000-02-05,336.0,0.0,
-33.5067,151.5303,2000-02-05,341.0,0.0,
-33.5067,151.8637,2000-02-05,33.0,0.0,
-33.34,151.697,2000-02-05,341.0,0.0,
-33.34,151.8637,2000-02-05,20.0,0.0,
-33.34,152.19709999999998,2000-02-05,24.0,0.0,
-33.1733,151.697,2000-02-05,341.0,0.0,
-33.1733,152.0304,2000-02-05,30.0,0.0,
-33.1733,152.19709999999998,2000-02-05,24.0,0.0,
-33.0066,151.697,2000-02-05,321.0,0.0,
-33.0066,151.8637,2000-02-05,303.0,0.0,
-33.0066,152.0304,2000-02-05,336.0,0.0,
-33.0066,152.19709999999998,2000-02-05,29.0,0.0,
-33.0066,152.36379999999997,2000-02-05,29.0,0.0,
-33.0066,152.53049999999996,2000-02-05,22.0,0.0,
-32.8399,152.19709999999998,2000-02-05,336.0,0.0,
-32.8399,152.36379999999997,2000-02-05,29.0,0.0,
-32.8399,152.6972,2000-02-05,18.0,0.0,
-32.6732,152.36379999999997,2000-02-05,28.0,0.0,
-32.5065,152.6972,2000-02-05,22.0,0.0,
-32.0064,115.6898,2000-02-05,100.0,0.0,
-26.8387,153.69740000000002,2000-02-05,87.0,0.0,
-26.5053,153.36400000000003,2000-02-05,91.0,0.0,
-26.5053,153.53070000000002,2000-02-05,91.0,0.0,
-26.5053,153.8641,2000-02-05,92.0,0.0,
-5.1677,145.8625,2000-02-05,90.0,0.0,
-36.5073,150.19669999999996,2000-02-06,135.0,0.0,
-36.3406,150.3634,2000-02-06,156.0,0.0,
-34.5069,150.8635,2000-02-06,143.0,0.0,
-33.8401,151.8637,2000-02-06,159.0,0.0,
-33.5067,151.8637,2000-02-06,164.0,0.2,
-33.34,151.697,2000-02-06,169.0,0.5,
-33.1733,151.697,2000-02-06,169.0,0.5,
-33.1733,151.8637,2000-02-06,169.0,0.3,
-33.1733,152.0304,2000-02-06,163.0,0.4,
-33.1733,152.19709999999998,2000-02-06,143.0,0.4,
-33.0066,152.0304,2000-02-06,165.0,0.1,
-33.0066,152.19709999999998,2000-02-06,126.0,0.0,
-33.0066,152.53049999999996,2000-02-06,76.0,0.0,
-32.8399,152.19709999999998,2000-02-06,165.0,0.1,
-32.8399,152.36379999999997,2000-02-06,123.0,0.0,
-32.6732,152.6972,2000-02-06,62.0,0.0,
-32.0064,115.6898,2000-02-06,70.0,0.0,
-31.8397,115.5231,2000-02-06,74.0,0.0,
-30.3394,153.19730000000004,2000-02-06,75.0,0.0,
-30.3394,153.36400000000003,2000-02-06,53.0,0.0,
-26.5053,153.36400000000003,2000-02-06,104.0,0.0,
-12.0024,136.52729999999997,2000-02-06,356.0,0.7,
-36.5073,150.19669999999996,2000-02-07,31.0,0.0,
-36.1739,150.3634,2000-02-07,32.0,0.0,
-35.007,136.0272,2000-02-07,109.0,0.0,
-34.8403,150.8635,2000-02-07,30.0,0.0,
-33.0066,152.19709999999998,2000-02-07,51.0,0.0,
-43.0086,148.02959999999996,2000-02-08,186.0,0.0,
-42.8419,148.1963,2000-02-08,174.0,0.0,
-36.5073,150.19669999999996,2000-02-08,32.0,0.0,
-33.8401,151.36360000000002,2000-02-08,48.0,0.0,
-33.0066,152.19709999999998,2000-02-08,43.0,0.0,
-32.8399,152.6972,2000-02-08,26.0,0.0,
-30.8395,153.0306,2000-02-08,38.0,0.0,
-36.5073,150.19669999999996,2000-02-09,124.0,0.0,
-34.0068,151.5303,2000-02-09,35.0,0.0,
-33.8401,151.5303,2000-02-09,47.0,0.0,
-33.8401,151.697,2000-02-09,29.0,0.0,
-32.8399,151.8637,2000-02-09,323.0,0.0,
-32.6732,152.36379999999997,2000-02-09,42.0,0.0,
-36.5073,150.19669999999996,2000-02-10,40.0,0.0,
-33.6734,151.697,2000-02-10,36.0,0.0,
-32.8399,152.6972,2000-02-10,26.0,0.0,
-36.5073,150.19669999999996,2000-02-11,137.0,0.0,
-36.1739,150.3634,2000-02-11,138.0,0.0,
-35.8405,150.6968,2000-02-11,29.0,0.0,
-35.5071,150.8635,2000-02-11,35.0,0.0,
-33.0066,151.697,2000-02-11,358.0,0.0,
-30.8395,153.0306,2000-02-11,26.0,0.0,
-26.5053,153.36400000000003,2000-02-11,108.0,0.0,
-17.5035,168.5337,2000-02-11,237.0,0.0,
-5.1677,145.8625,2000-02-11,81.0,0.0,
-43.0086,148.02959999999996,2000-02-12,235.0,0.0,
-42.8419,148.1963,2000-02-12,229.0,0.0,
-36.5073,150.19669999999996,2000-02-12,159.0,0.0,
-35.6738,150.5301,2000-02-12,157.0,0.4,
-35.007,150.8635,2000-02-12,166.0,0.8,
-34.8403,150.8635,2000-02-12,164.0,0.7,
-34.6736,151.03020000000004,2000-02-12,169.0,0.4,
-34.0068,151.36360000000002,2000-02-12,178.0,0.0,
-33.8401,151.36360000000002,2000-02-12,177.0,0.0,
-33.8401,151.5303,2000-02-12,192.0,0.0,
-33.0066,152.53049999999996,2000-02-12,211.0,0.0,
-32.8399,152.53049999999996,2000-02-12,207.0,0.0,
-32.0064,115.6898,2000-02-12,94.0,0.0,
-28.0056,153.8641,2000-02-12,3.0,0.0,
-27.8389,153.69740000000002,2000-02-12,358.0,0.0,
-27.3388,153.53070000000002,2000-02-12,9.0,0.0,
-26.5053,153.36400000000003,2000-02-12,35.0,0.0,
-26.5053,153.8641,2000-02-12,32.0,0.0,
-43.0086,148.02959999999996,2000-02-13,190.0,0.0,
-36.5073,150.19669999999996,2000-02-13,165.0,0.0,
-36.3406,150.3634,2000-02-13,165.0,0.0,
-34.8403,150.8635,2000-02-13,154.0,0.0,
-27.8389,153.69740000000002,2000-02-13,143.0,1.8,
-16.5033,146.0292,2000-02-13,141.0,0.5,
-36.5073,150.19669999999996,2000-02-14,124.0,0.0,
-29.0058,168.03359999999998,2000-02-14,111.0,0.0,
-36.5073,150.19669999999996,2000-02-15,48.0,0.0,
-35.007,136.0272,2000-02-15,129.0,0.0,
-32.6732,152.36379999999997,2000-02-15,116.0,0.1,
-32.0064,115.6898,2000-02-15,157.0,0.0,
-36.5073,150.19669999999996,2000-02-16,50.0,0.0,
-34.8403,150.8635,2000-02-16,54.0,0.0,
-34.6736,138.52769999999998,2000-02-16,277.0,0.0,
-34.6736,151.03020000000004,2000-02-16,46.0,0.0,
-34.6736,151.19690000000003,2000-02-16,29.0,0.0,
-34.5069,150.8635,2000-02-16,52.0,0.0,
-33.8401,151.36360000000002,2000-02-16,63.0,0.0,
-33.8401,151.5303,2000-02-16,59.0,0.0,
-33.8401,151.8637,2000-02-16,43.0,0.0,
-33.6734,151.697,2000-02-16,43.0,0.0,
-33.34,151.697,2000-02-16,70.0,0.0,
-33.1733,152.19709999999998,2000-02-16,39.0,0.0,
-32.8399,152.53049999999996,2000-02-16,73.0,0.0,
-30.8395,153.0306,2000-02-16,105.0,0.0,
-36.5073,150.19669999999996,2000-02-17,44.0,0.0,
-36.3406,150.3634,2000-02-17,39.0,0.0,
-35.6738,150.5301,2000-02-17,39.0,0.0,
-34.8403,150.8635,2000-02-17,40.0,0.0,
-33.6734,151.36360000000002,2000-02-17,76.0,0.0,
-30.8395,153.0306,2000-02-17,73.0,0.0,
-30.3394,153.36400000000003,2000-02-17,109.0,0.0,
-21.8377,114.3562,2000-02-17,265.0,0.0,
-36.5073,150.19669999999996,2000-02-18,39.0,0.0,
-36.1739,150.19669999999996,2000-02-18,46.0,0.0,
-36.1739,150.5301,2000-02-18,29.0,0.0,
-34.8403,150.8635,2000-02-18,27.0,0.0,
-34.0068,151.36360000000002,2000-02-18,41.0,0.0,
-34.0068,151.5303,2000-02-18,36.0,0.0,
-32.8399,151.8637,2000-02-18,77.0,0.0,
-32.8399,152.6972,2000-02-18,50.0,0.0,
-32.6732,152.6972,2000-02-18,50.0,0.0,
-31.3396,153.0306,2000-02-18,56.0,0.0,
-43.0086,148.02959999999996,2000-02-19,10.0,0.0,
-42.8419,148.02959999999996,2000-02-19,5.0,0.0,
-42.8419,148.1963,2000-02-19,14.0,0.0,
-36.5073,150.19669999999996,2000-02-19,34.0,0.0,
-36.1739,150.19669999999996,2000-02-19,43.0,0.0,
-35.007,150.8635,2000-02-19,30.0,0.0,
-34.8403,150.8635,2000-02-19,28.0,0.0,
-34.3402,151.03020000000004,2000-02-19,30.0,0.0,
-33.8401,151.5303,2000-02-19,39.0,0.0,
-33.6734,151.36360000000002,2000-02-19,55.0,0.0,
-33.34,152.0304,2000-02-19,35.0,0.0,
-33.34,152.19709999999998,2000-02-19,27.0,0.0,
-33.0066,152.53049999999996,2000-02-19,27.0,0.0,
-32.8399,152.53049999999996,2000-02-19,32.0,0.0,
-32.8399,152.6972,2000-02-19,26.0,0.0,
-32.8399,153.36400000000003,2000-02-19,21.0,0.0,
-32.6732,152.36379999999997,2000-02-19,44.0,0.0,
-32.6732,152.8639,2000-02-19,26.0,0.0,
-32.5065,152.6972,2000-02-19,29.0,0.0,
-32.5065,153.0306,2000-02-19,23.0,0.0,
-31.673,152.8639,2000-02-19,33.0,0.0,
-31.3396,153.0306,2000-02-19,33.0,0.0,
-30.8395,153.0306,2000-02-19,41.0,0.0,
-30.3394,153.19730000000004,2000-02-19,49.0,0.0,
-30.3394,153.36400000000003,2000-02-19,49.0,0.0,
-36.5073,150.19669999999996,2000-02-20,329.0,0.0,
-36.1739,150.19669999999996,2000-02-20,330.0,0.0,
-34.8403,150.8635,2000-02-20,6.0,0.0,
-34.8403,151.03020000000004,2000-02-20,42.0,0.0,
-34.3402,151.36360000000002,2000-02-20,12.0,0.0,
-34.0068,151.19690000000003,2000-02-20,329.0,0.0,
-33.8401,151.36360000000002,2000-02-20,21.0,0.0,
-33.8401,151.5303,2000-02-20,25.0,0.0,
-33.6734,151.36360000000002,2000-02-20,338.0,0.0,
-33.6734,151.697,2000-02-20,8.0,0.0,
-33.5067,151.697,2000-02-20,20.0,0.0,
-33.34,152.19709999999998,2000-02-20,11.0,0.0,
-33.1733,152.0304,2000-02-20,20.0,0.0,
-33.0066,152.0304,2000-02-20,355.0,0.0,
-33.0066,152.53049999999996,2000-02-20,16.0,0.0,
-32.8399,152.6972,2000-02-20,15.0,0.0,
-32.6732,152.19709999999998,2000-02-20,51.0,0.0,
-32.6732,152.36379999999997,2000-02-20,51.0,0.0,
-32.6732,152.53049999999996,2000-02-20,25.0,0.0,
-32.5065,153.0306,2000-02-20,10.0,0.0,
-32.3398,152.53049999999996,2000-02-20,80.0,0.0,
-30.8395,153.0306,2000-02-20,24.0,0.0,
-30.3394,153.36400000000003,2000-02-20,9.0,0.0,
-28.1723,153.53070000000002,2000-02-20,56.0,0.0,
-27.8389,153.36400000000003,2000-02-20,63.0,0.0,
-27.1721,153.36400000000003,2000-02-20,63.0,0.0,
-26.5053,153.36400000000003,2000-02-20,92.0,0.0,
-21.671,114.3562,2000-02-20,242.0,0.0,
-18.5037,178.53570000000002,2000-02-20,20.0,0.0,
-7.0014,147.86289999999997,2000-02-20,166.0,0.0,
-5.1677,145.8625,2000-02-20,90.0,0.0,
-4.8343,145.8625,2000-02-20,35.0,0.0,
-4.8343,146.1959,2000-02-20,126.0,0.0,
-36.5073,150.19669999999996,2000-02-21,146.0,0.0,
-36.3406,150.3634,2000-02-21,155.0,0.0,
-34.8403,150.8635,2000-02-21,154.0,0.0,
-33.8401,151.36360000000002,2000-02-21,122.0,0.0,
-33.6734,151.36360000000002,2000-02-21,104.0,0.0,
-32.6732,152.36379999999997,2000-02-21,53.0,0.0,
-32.5065,152.53049999999996,2000-02-21,53.0,0.0,
-30.8395,153.0306,2000-02-21,52.0,0.0,
-36.5073,150.19669999999996,2000-02-22,25.0,0.0,
-36.3406,150.3634,2000-02-22,26.0,0.0,
-34.8403,150.8635,2000-02-22,33.0,0.0,
-34.0068,151.8637,2000-02-22,39.0,0.0,
-30.8395,153.0306,2000-02-22,49.0,0.0,
-26.5053,153.36400000000003,2000-02-22,92.0,0.0,
-24.8383,153.0306,2000-02-22,96.0,0.0,
-36.5073,150.19669999999996,2000-02-23,23.0,0.0,
-36.3406,150.3634,2000-02-23,18.0,0.0,
-35.007,151.03020000000004,2000-02-23,24.0,0.0,
-34.8403,150.8635,2000-02-23,24.0,0.0,
-33.8401,151.36360000000002,2000-02-23,54.0,0.0,
-33.0066,151.697,2000-02-23,68.0,0.0,
-30.8395,153.0306,2000-02-23,43.0,0.0,
-24.8383,153.0306,2000-02-23,101.0,0.0,
-36.8407,150.19669999999996,2000-02-24,163.0,0.0,
-36.5073,150.19669999999996,2000-02-24,147.0,0.0,
-36.5073,150.3634,2000-02-24,158.0,0.0,
-34.8403,150.8635,2000-02-24,77.0,0.0,
-33.5067,151.8637,2000-02-24,60.0,0.0,
-32.8399,152.53049999999996,2000-02-24,43.0,0.0,
-32.8399,152.6972,2000-02-24,37.0,0.0,
-30.8395,153.0306,2000-02-24,46.0,0.0,
-36.5073,150.19669999999996,2000-02-25,31.0,0.0,
-35.5071,150.5301,2000-02-25,43.0,0.0,
-34.8403,150.8635,2000-02-25,35.0,0.0,
-33.8401,151.36360000000002,2000-02-25,65.0,0.0,
-33.8401,151.5303,2000-02-25,60.0,0.0,
-33.0066,152.53049999999996,2000-02-25,54.0,0.0,
-32.6732,152.36379999999997,2000-02-25,65.0,0.1,
-43.0086,148.02959999999996,2000-02-26,240.0,0.4,
-42.8419,148.1963,2000-02-26,228.0,0.1,
-36.5073,150.19669999999996,2000-02-26,45.0,0.0,
-36.5073,150.3634,2000-02-26,22.0,0.0,
-35.1737,151.03020000000004,2000-02-26,21.0,0.0,
-34.8403,150.8635,2000-02-26,17.0,0.0,
-34.6736,151.03020000000004,2000-02-26,28.0,0.0,
-34.0068,151.36360000000002,2000-02-26,43.0,0.0,
-34.0068,151.697,2000-02-26,21.0,0.0,
-33.8401,151.36360000000002,2000-02-26,56.0,0.0,
-33.8401,151.5303,2000-02-26,48.0,0.0,
-33.5067,151.5303,2000-02-26,71.0,0.0,
-33.5067,151.697,2000-02-26,43.0,0.0,
-33.5067,151.8637,2000-02-26,43.0,0.0,
-33.1733,151.8637,2000-02-26,58.0,0.0,
-33.1733,152.0304,2000-02-26,39.0,0.0,
-33.1733,152.36379999999997,2000-02-26,23.0,0.0,
-33.0066,152.53049999999996,2000-02-26,25.0,0.0,
-32.8399,152.53049999999996,2000-02-26,33.0,0.0,
-32.8399,152.6972,2000-02-26,23.0,0.0,
-32.6732,152.19709999999998,2000-02-26,40.0,0.0,
-32.6732,152.36379999999997,2000-02-26,40.0,0.0,
-32.6732,152.53049999999996,2000-02-26,33.0,0.0,
-32.6732,152.6972,2000-02-26,23.0,0.0,
-32.6732,152.8639,2000-02-26,23.0,0.0,
-32.5065,152.36379999999997,2000-02-26,40.0,0.0,
-32.5065,152.53049999999996,2000-02-26,40.0,0.0,
-32.5065,152.6972,2000-02-26,29.0,0.0,
-32.5065,153.0306,2000-02-26,18.0,0.0,
-32.5065,154.0308,2000-02-26,4.0,0.0,
-7.1681,147.1961,2000-02-26,103.0,0.0,
-7.0014,147.86289999999997,2000-02-26,60.0,0.0,
-5.1677,145.8625,2000-02-26,105.0,0.0,
-36.5073,150.19669999999996,2000-02-27,143.0,0.0,
-36.1739,150.19669999999996,2000-02-27,135.0,0.0,
-36.1739,150.5301,2000-02-27,164.0,0.0,
-35.007,150.8635,2000-02-27,157.0,0.0,
-34.8403,150.8635,2000-02-27,156.0,0.0,
-34.0068,151.36360000000002,2000-02-27,165.0,0.0,
-34.0068,151.5303,2000-02-27,166.0,0.0,
-34.0068,151.8637,2000-02-27,167.0,0.0,
-33.34,152.19709999999998,2000-02-27,202.0,0.0,
-33.1733,151.697,2000-02-27,172.0,0.1,
-33.1733,151.8637,2000-02-27,179.0,0.0,
-33.1733,152.19709999999998,2000-02-27,202.0,0.0,
-33.1733,152.36379999999997,2000-02-27,202.0,0.0,
-33.0066,152.0304,2000-02-27,137.0,0.0,
-33.0066,152.53049999999996,2000-02-27,102.0,0.0,
-32.8399,151.8637,2000-02-27,148.0,0.0,
-32.8399,152.53049999999996,2000-02-27,109.0,0.0,
-32.8399,152.6972,2000-02-27,99.0,0.0,
-32.6732,152.36379999999997,2000-02-27,119.0,0.0,
-32.6732,152.53049999999996,2000-02-27,109.0,0.0,
-32.6732,152.6972,2000-02-27,99.0,0.0,
-32.5065,152.53049999999996,2000-02-27,119.0,0.0,
-32.5065,152.6972,2000-02-27,98.0,0.0,
-32.5065,153.0306,2000-02-27,100.0,0.0,
-32.3398,152.53049999999996,2000-02-27,114.0,0.0,
-29.0058,168.03359999999998,2000-02-27,107.0,0.0,
-27.3388,153.8641,2000-02-27,131.0,0.3,
-27.1721,153.69740000000002,2000-02-27,131.0,0.3,
-26.8387,153.36400000000003,2000-02-27,134.0,0.0,
-7.0014,148.02959999999996,2000-02-27,25.0,0.0,
-4.5009,146.0292,2000-02-27,28.0,0.6,
-36.5073,150.19669999999996,2000-02-28,36.0,0.0,
-35.6738,150.5301,2000-02-28,57.0,0.0,
-34.8403,150.8635,2000-02-28,65.0,0.0,
-34.5069,150.8635,2000-02-28,58.0,0.0,
-34.3402,150.8635,2000-02-28,41.0,0.0,
-34.0068,151.5303,2000-02-28,102.0,0.0,
-33.6734,151.36360000000002,2000-02-28,101.0,0.1,
-33.34,152.0304,2000-02-28,72.0,0.0,
-33.34,152.19709999999998,2000-02-28,60.0,0.0,
-32.8399,152.53049999999996,2000-02-28,72.0,0.0,
-32.8399,152.6972,2000-02-28,69.0,0.0,
-32.6732,152.36379999999997,2000-02-28,75.0,0.0,
-32.6732,152.53049999999996,2000-02-28,72.0,0.0,
-32.5065,152.36379999999997,2000-02-28,75.0,0.0,
-32.5065,153.0306,2000-02-28,72.0,0.0,
-32.3398,152.53049999999996,2000-02-28,76.0,0.0,
-30.8395,153.0306,2000-02-28,124.0,0.0,
-36.5073,150.19669999999996,2000-02-29,61.0,0.0,
-35.6738,150.5301,2000-02-29,96.0,0.0,
-34.8403,150.8635,2000-02-29,90.0,0.3,
-34.0068,151.697,2000-02-29,49.0,0.1,
-32.8399,152.53049999999996,2000-02-29,86.0,0.2,
-32.8399,152.6972,2000-02-29,87.0,0.2,
-32.6732,152.6972,2000-02-29,87.0,0.2,
-32.5065,152.6972,2000-02-29,92.0,0.2,
-36.5073,150.19669999999996,2000-03-01,35.0,0.1,
-36.3406,150.3634,2000-03-01,32.0,0.0,
-34.8403,150.8635,2000-03-01,65.0,0.0,
-33.8401,151.36360000000002,2000-03-01,107.0,0.0,
-33.0066,152.53049999999996,2000-03-01,138.0,0.0,
-32.8399,152.6972,2000-03-01,140.0,0.0,
-32.5065,154.0308,2000-03-01,120.0,0.2,
-31.673,152.8639,2000-03-01,168.0,0.0,
-36.5073,150.19669999999996,2000-03-02,35.0,0.0,
-34.8403,150.8635,2000-03-02,33.0,0.0,
-34.1735,136.8607,2000-03-02,169.0,0.0,
-33.34,152.19709999999998,2000-03-02,44.0,0.0,
-32.8399,152.6972,2000-03-02,52.0,0.0,
-32.6732,152.36379999999997,2000-03-02,73.0,0.2,
-32.5065,152.36379999999997,2000-03-02,73.0,0.2,
-32.3398,152.53049999999996,2000-03-02,69.0,0.2,
-28.339,153.53070000000002,2000-03-02,122.0,0.4,
-36.5073,150.19669999999996,2000-03-03,37.0,0.0,
-36.3406,150.3634,2000-03-03,32.0,0.0,
-33.5067,151.5303,2000-03-03,36.0,0.0,
-33.0066,151.697,2000-03-03,33.0,0.0,
-32.8399,152.53049999999996,2000-03-03,25.0,0.0,
-32.8399,152.6972,2000-03-03,18.0,0.0,
-32.6732,152.36379999999997,2000-03-03,31.0,0.0,
-32.5065,152.53049999999996,2000-03-03,31.0,0.0,
-32.5065,153.0306,2000-03-03,14.0,0.0,
-4.8343,146.1959,2000-03-03,124.0,0.0,
-41.1749,148.5297,2000-03-04,29.0,0.0,
-41.1749,148.69640000000004,2000-03-04,7.0,0.0,
-41.0082,148.363,2000-03-04,34.0,0.0,
-36.5073,150.19669999999996,2000-03-04,191.0,0.0,
-34.0068,151.19690000000003,2000-03-04,186.0,0.0,
-34.0068,151.36360000000002,2000-03-04,196.0,0.0,
-33.8401,151.5303,2000-03-04,200.0,0.0,
-33.6734,151.36360000000002,2000-03-04,189.0,0.2,
-33.6734,151.697,2000-03-04,203.0,0.1,
-33.34,152.0304,2000-03-04,200.0,0.0,
-33.1733,151.697,2000-03-04,193.0,0.1,
-33.1733,151.8637,2000-03-04,198.0,0.0,
-33.1733,152.19709999999998,2000-03-04,216.0,0.0,
-33.1733,152.36379999999997,2000-03-04,216.0,0.0,
-33.0066,151.697,2000-03-04,182.0,0.0,
-33.0066,151.8637,2000-03-04,184.0,0.0,
-33.0066,152.0304,2000-03-04,197.0,0.0,
-33.0066,152.36379999999997,2000-03-04,215.0,0.0,
-33.0066,152.53049999999996,2000-03-04,321.0,0.0,
-32.8399,152.53049999999996,2000-03-04,344.0,0.0,
-32.8399,152.6972,2000-03-04,8.0,0.0,
-32.6732,152.19709999999998,2000-03-04,191.0,0.0,
-32.6732,152.36379999999997,2000-03-04,191.0,0.0,
-32.6732,152.53049999999996,2000-03-04,344.0,0.0,
-32.5065,152.36379999999997,2000-03-04,191.0,0.0,
-32.5065,152.53049999999996,2000-03-04,191.0,0.0,
-32.5065,152.6972,2000-03-04,20.0,0.0,
-32.5065,153.0306,2000-03-04,15.0,0.0,
-32.0064,115.6898,2000-03-04,112.0,0.0,
-31.3396,153.19730000000004,2000-03-04,22.0,0.0,
-30.8395,153.19730000000004,2000-03-04,37.0,0.0,
-27.3388,153.53070000000002,2000-03-04,122.0,0.0,
-27.1721,153.19730000000004,2000-03-04,107.0,0.0,
-18.8371,147.69619999999998,2000-03-04,135.0,0.0,
-12.0024,136.52729999999997,2000-03-04,29.0,0.5,
-36.8407,150.19669999999996,2000-03-05,42.0,0.0,
-36.5073,150.19669999999996,2000-03-05,54.0,0.0,
-36.5073,150.3634,2000-03-05,27.0,0.0,
-36.1739,150.3634,2000-03-05,41.0,0.0,
-35.8405,150.5301,2000-03-05,76.0,0.0,
-35.007,150.8635,2000-03-05,45.0,0.0,
-34.8403,150.8635,2000-03-05,27.0,1.4,
-34.0068,151.19690000000003,2000-03-05,355.0,0.0,
-34.0068,151.36360000000002,2000-03-05,339.0,0.0,
-33.6734,151.36360000000002,2000-03-05,351.0,0.0,
-33.1733,152.36379999999997,2000-03-05,289.0,0.0,
-33.0066,152.0304,2000-03-05,16.0,0.0,
-33.0066,152.19709999999998,2000-03-05,284.0,0.0,
-33.0066,152.53049999999996,2000-03-05,311.0,0.0,
-32.8399,151.8637,2000-03-05,10.0,0.0,
-32.8399,152.53049999999996,2000-03-05,345.0,0.0,
-32.8399,152.6972,2000-03-05,346.0,0.0,
-32.6732,152.19709999999998,2000-03-05,17.0,0.0,
-32.6732,152.36379999999997,2000-03-05,17.0,0.0,
-32.6732,152.53049999999996,2000-03-05,345.0,0.0,
-32.6732,152.6972,2000-03-05,346.0,0.0,
-32.5065,152.53049999999996,2000-03-05,17.0,0.0,
-32.5065,152.6972,2000-03-05,13.0,0.0,
-32.0064,115.6898,2000-03-05,89.0,0.0,
-30.8395,153.19730000000004,2000-03-05,44.0,0.0,
-27.3388,153.53070000000002,2000-03-05,108.0,3.7,
-19.0038,152.36379999999997,2000-03-05,144.0,0.0,
-36.5073,150.19669999999996,2000-03-06,166.0,0.0,
-36.3406,150.3634,2000-03-06,176.0,0.0,
-35.6738,150.5301,2000-03-06,182.0,0.0,
-34.8403,150.8635,2000-03-06,188.0,0.2,
-33.5067,151.5303,2000-03-06,187.0,0.3,
-33.1733,151.697,2000-03-06,187.0,0.3,
-33.1733,152.36379999999997,2000-03-06,163.0,0.2,
-33.1733,152.53049999999996,2000-03-06,169.0,0.2,
-33.0066,151.697,2000-03-06,196.0,0.3,
-32.6732,152.36379999999997,2000-03-06,212.0,0.6,
-32.6732,152.6972,2000-03-06,211.0,0.0,
-32.5065,152.53049999999996,2000-03-06,212.0,0.6,
-32.5065,154.0308,2000-03-06,330.0,0.1,
-32.0064,115.6898,2000-03-06,78.0,0.0,
-30.8395,153.0306,2000-03-06,119.0,0.0,
-25.005,153.0306,2000-03-06,143.0,0.0,
-24.6716,153.19730000000004,2000-03-06,170.0,0.0,
-30.8395,153.0306,2000-03-07,205.0,0.0,
-26.8387,153.19730000000004,2000-03-07,122.0,0.2,
-26.5053,153.36400000000003,2000-03-07,137.0,0.0,
-20.6708,149.6966,2000-03-07,142.0,0.0,
-36.5073,150.19669999999996,2000-03-08,133.0,0.0,
-36.1739,150.5301,2000-03-08,128.0,0.3,
-30.8395,153.0306,2000-03-08,17.0,0.7,
-41.1749,148.363,2000-03-09,71.0,0.0,
-36.5073,150.19669999999996,2000-03-09,117.0,8.4,
-26.5053,153.36400000000003,2000-03-09,82.0,0.2,
-36.5073,150.19669999999996,2000-03-10,32.0,0.0,
-36.1739,150.5301,2000-03-10,4.0,0.0,
-32.5065,152.36379999999997,2000-03-10,32.0,0.2,
-26.5053,153.36400000000003,2000-03-10,83.0,0.0,
-12.0024,136.52729999999997,2000-03-10,342.0,0.0,
-41.1749,148.5297,2000-03-11,341.0,0.0,
-36.8407,150.02999999999997,2000-03-11,101.0,0.0,
-36.5073,150.19669999999996,2000-03-11,93.0,0.0,
-35.6738,150.3634,2000-03-11,111.0,0.0,
-34.8403,150.8635,2000-03-11,99.0,0.0,
-34.1735,151.19690000000003,2000-03-11,52.0,0.0,
-34.0068,151.5303,2000-03-11,263.0,0.0,
-33.8401,151.5303,2000-03-11,253.0,0.0,
-32.0064,115.6898,2000-01-29,40.0,0.0,
-32.0064,115.6898,2000-01-30,235.0,0.0,
-32.0064,115.6898,2000-02-05,100.0,0.0,
-32.0064,115.6898,2000-02-06,70.0,0.0,
-32.0064,115.6898,2000-02-12,94.0,0.0,
-32.0064,115.6898,2000-02-15,157.0,0.0,
-32.0064,115.6898,2000-03-04,112.0,0.0,
-32.0064,115.6898,2000-03-05,89.0,0.0,
-32.0064,115.6898,2000-03-06,78.0,0.0,
-33.6734,151.36360000000002,2000-03-11,270.0,0.0,
-33.0066,152.53049999999996,2000-03-11,275.0,0.3,
-32.8399,152.53049999999996,2000-03-11,261.0,0.1,
-32.8399,152.6972,2000-03-11,313.0,0.0,
-32.6732,152.36379999999997,2000-03-11,214.0,0.3,
-32.6732,152.6972,2000-03-11,313.0,0.0,
-32.5065,152.36379999999997,2000-03-11,214.0,0.3,
-32.5065,152.53049999999996,2000-03-11,214.0,0.3,
-32.3398,152.53049999999996,2000-03-11,180.0,0.3,
-31.3396,152.8639,2000-03-11,36.0,0.0,
-26.5053,153.36400000000003,2000-03-11,115.0,0.0,
-12.0024,136.52729999999997,2000-03-11,304.0,0.2,
-36.5073,150.19669999999996,2000-03-12,150.0,0.0,
-34.8403,150.8635,2000-03-12,96.0,0.0,
-34.3402,151.19690000000003,2000-03-12,94.0,0.0,
-33.8401,151.5303,2000-03-12,117.0,0.0,
-33.8401,151.697,2000-03-12,127.0,0.0,
-33.6734,115.02300000000002,2000-03-12,188.0,0.0,
-33.34,151.697,2000-03-12,121.0,1.2,
-33.1733,152.19709999999998,2000-03-12,134.0,0.4,
-33.0066,152.53049999999996,2000-03-12,141.0,0.2,
-32.8399,152.53049999999996,2000-03-12,147.0,0.0,
-32.8399,152.6972,2000-03-12,150.0,0.0,
-32.8399,152.8639,2000-03-12,150.0,0.0,
-32.5065,152.36379999999997,2000-03-12,149.0,0.1,
-32.5065,152.53049999999996,2000-03-12,149.0,0.1,
-32.3398,152.53049999999996,2000-03-12,151.0,0.0,
-32.3398,152.6972,2000-03-12,159.0,0.0,
-27.8389,153.69740000000002,2000-03-12,118.0,0.0,
-36.5073,150.19669999999996,2000-03-13,26.0,0.0,
-35.007,150.8635,2000-03-13,38.0,0.0,
-34.3402,151.03020000000004,2000-03-13,36.0,0.0,
-33.0066,152.19709999999998,2000-03-13,73.0,0.0,
-33.0066,152.53049999999996,2000-03-13,75.0,0.0,
-32.8399,151.8637,2000-03-13,79.0,0.1,
-32.8399,152.53049999999996,2000-03-13,78.0,0.0,
-32.8399,152.6972,2000-03-13,81.0,0.0,
-32.6732,152.6972,2000-03-13,81.0,0.0,
-32.5065,152.36379999999997,2000-03-13,84.0,0.0,
-32.5065,152.53049999999996,2000-03-13,84.0,0.0,
-32.5065,152.6972,2000-03-13,84.0,0.0,
-32.5065,153.0306,2000-03-13,86.0,0.0,
-32.3398,152.53049999999996,2000-03-13,90.0,0.3,
-32.3398,152.6972,2000-03-13,87.0,0.0,
-32.0064,115.6898,2000-03-13,124.0,0.0,
-30.8395,153.0306,2000-03-13,144.0,0.0,
-29.0058,168.03359999999998,2000-03-13,221.0,0.0,
-26.5053,153.36400000000003,2000-03-13,122.0,0.0,
-24.6716,153.19730000000004,2000-03-13,121.0,0.0,
-36.5073,150.19669999999996,2000-03-14,153.0,0.0,
-35.6738,150.5301,2000-03-14,168.0,0.0,
-35.5071,137.52750000000003,2000-03-14,170.0,0.0,
-33.6734,151.36360000000002,2000-03-14,326.0,0.0,
-32.5065,152.36379999999997,2000-03-14,328.0,0.0,
-31.5063,153.69740000000002,2000-03-14,360.0,0.0,
-41.1749,148.5297,2000-03-15,35.0,0.0,
-36.5073,150.19669999999996,2000-03-15,31.0,0.0,
-35.5071,137.36080000000004,2000-03-15,221.0,0.0,
-34.8403,150.8635,2000-03-15,50.0,0.0,
-33.5067,151.5303,2000-03-15,140.0,0.0,
-32.5065,152.53049999999996,2000-03-15,126.0,0.0,
-26.5053,153.36400000000003,2000-03-15,90.0,0.0,
-37.0074,150.19669999999996,2000-03-16,185.0,0.0,
-36.8407,150.19669999999996,2000-03-16,175.0,0.0,
-36.5073,150.19669999999996,2000-03-16,128.0,0.0,
-36.1739,150.5301,2000-03-16,168.0,0.0,
-34.8403,150.8635,2000-03-16,34.0,0.0,
-30.8395,153.19730000000004,2000-03-16,46.0,0.2,
-36.5073,150.19669999999996,2000-03-17,43.0,0.0,
-30.8395,153.0306,2000-03-17,47.0,0.0,
-30.8395,153.19730000000004,2000-03-17,47.0,0.0,
-29.0058,168.03359999999998,2000-03-17,148.0,0.0,
-18.1703,-173.8681,2000-03-17,30.0,0.0,
-36.5073,150.19669999999996,2000-03-18,22.0,0.0,
-34.8403,150.8635,2000-03-18,2.0,0.0,
-34.1735,151.19690000000003,2000-03-18,25.0,0.0,
-34.0068,151.36360000000002,2000-03-18,41.0,0.0,
-34.0068,151.5303,2000-03-18,33.0,0.0,
-34.0068,151.697,2000-03-18,19.0,0.0,
-33.8401,151.36360000000002,2000-03-18,56.0,0.0,
-33.8401,151.5303,2000-03-18,46.0,0.0,
-33.6734,151.36360000000002,2000-03-18,76.0,0.0,
-33.6734,151.697,2000-03-18,28.0,0.0,
-33.5067,151.5303,2000-03-18,60.0,0.0,
-33.5067,151.697,2000-03-18,40.0,0.0,
-33.5067,151.8637,2000-03-18,40.0,0.0,
-33.5067,152.6972,2000-03-18,7.0,0.0,
-33.34,151.8637,2000-03-18,51.0,0.0,
-33.34,152.0304,2000-03-18,36.0,0.0,
-33.1733,151.5303,2000-03-18,60.0,0.0,
-33.1733,151.697,2000-03-18,60.0,0.0,
-33.1733,151.8637,2000-03-18,51.0,0.0,
-33.1733,152.19709999999998,2000-03-18,22.0,0.0,
-33.0066,152.0304,2000-03-18,38.0,0.0,
-33.0066,152.53049999999996,2000-03-18,20.0,0.0,
-32.8399,152.6972,2000-03-18,16.0,0.0,
-32.5065,152.36379999999997,2000-03-18,40.0,0.0,
-30.3394,153.36400000000003,2000-03-18,36.0,0.0,
-26.5053,153.36400000000003,2000-03-18,151.0,0.0,
-7.0014,147.69619999999998,2000-03-18,123.0,2.1,
-43.0086,148.02959999999996,2000-03-19,332.0,0.0,
-41.3416,148.69640000000004,2000-03-19,322.0,0.0,
-36.5073,150.19669999999996,2000-03-19,22.0,0.0,
-34.0068,151.36360000000002,2000-03-19,162.0,0.0,
-34.0068,151.5303,2000-03-19,184.0,0.0,
-33.8401,151.36360000000002,2000-03-19,151.0,0.0,
-33.8401,151.5303,2000-03-19,170.0,0.0,
-33.8401,151.697,2000-03-19,185.0,0.0,
-33.6734,151.36360000000002,2000-03-19,143.0,0.0,
-33.6734,151.5303,2000-03-19,170.0,0.0,
-33.5067,151.36360000000002,2000-03-19,143.0,0.0,
-33.5067,151.5303,2000-03-19,160.0,0.0,
-33.5067,151.697,2000-03-19,175.0,0.0,
-33.34,151.8637,2000-03-19,169.0,0.0,
-33.0066,151.697,2000-03-19,153.0,0.0,
-33.0066,152.6972,2000-03-19,21.0,0.0,
-32.8399,152.6972,2000-03-19,24.0,0.0,
-32.5065,152.36379999999997,2000-03-19,55.0,0.0,
-32.5065,152.6972,2000-03-19,28.0,0.0,
-27.8389,153.53070000000002,2000-03-19,112.0,0.0,
-26.5053,153.36400000000003,2000-03-19,121.0,0.0,
-7.0014,147.1961,2000-03-19,63.0,0.0,
-36.5073,150.19669999999996,2000-03-20,178.0,0.0,
-32.5065,152.36379999999997,2000-03-20,205.0,0.2,
-30.8395,153.0306,2000-03-20,19.0,0.0,
-36.8407,150.19669999999996,2000-03-21,109.0,0.2,
-36.5073,150.19669999999996,2000-03-21,109.0,1.6,
-36.5073,150.19669999999996,2000-03-22,32.0,0.1,
-32.5065,152.36379999999997,2000-03-23,231.0,0.0,
-26.5053,153.36400000000003,2000-03-23,115.0,0.0,
-18.337,168.5337,2000-03-23,111.0,0.0,
-36.5073,150.19669999999996,2000-03-24,191.0,0.1,
-35.007,150.8635,2000-03-24,193.0,0.0,
-34.8403,150.8635,2000-03-24,189.0,0.0,
-42.1751,148.5297,2000-03-25,158.0,0.0,
-41.1749,148.5297,2000-03-25,161.0,0.0,
-37.0074,150.19669999999996,2000-03-25,206.0,0.0,
-36.8407,150.19669999999996,2000-03-25,202.0,0.0,
-36.5073,150.19669999999996,2000-03-25,153.0,0.0,
-35.1737,151.03020000000004,2000-03-25,199.0,0.0,
-34.8403,150.8635,2000-03-25,167.0,0.0,
-34.8403,151.03020000000004,2000-03-25,183.0,0.0,
-33.0066,151.697,2000-03-25,160.0,0.1,
-30.8395,153.0306,2000-03-25,207.0,0.2,
-42.1751,148.5297,2000-03-26,119.0,0.0,
-38.0076,147.52949999999998,2000-03-26,96.0,0.0,
-36.8407,150.02999999999997,2000-03-26,66.0,0.0,
-36.8407,150.19669999999996,2000-03-26,38.0,0.0,
-36.5073,150.19669999999996,2000-03-26,66.0,0.0,
-35.6738,150.5301,2000-03-26,60.0,0.0,
-35.1737,151.03020000000004,2000-03-26,58.0,0.0,
-34.8403,150.8635,2000-03-26,68.0,0.0,
-34.8403,151.03020000000004,2000-03-26,72.0,0.0,
-33.6734,151.36360000000002,2000-03-26,139.0,0.0,
-33.6734,151.697,2000-03-26,160.0,0.0,
-33.0066,151.697,2000-03-26,141.0,0.1,
-32.8399,152.6972,2000-03-26,156.0,0.0,
-32.5065,152.6972,2000-03-26,159.0,0.0,
-36.5073,150.19669999999996,2000-03-27,32.0,0.0,
-34.8403,150.8635,2000-03-27,56.0,0.0,
-28.339,153.69740000000002,2000-03-27,133.0,0.1,
-36.8407,150.02999999999997,2000-03-28,157.0,0.0,
-36.5073,150.19669999999996,2000-03-28,145.0,0.0,
-34.8403,150.8635,2000-03-28,297.0,0.0,
-17.5035,168.5337,2000-03-28,36.0,0.5,
-36.5073,150.19669999999996,2000-03-29,184.0,0.0,
-34.5069,151.19690000000003,2000-03-29,164.0,0.0,
-34.0068,151.8637,2000-03-29,167.0,0.0,
-30.8395,153.0306,2000-03-29,177.0,0.0,
-26.5053,153.36400000000003,2000-03-29,124.0,0.0,
-17.5035,168.7004,2000-03-29,327.0,1.1,
-36.5073,150.19669999999996,2000-03-30,9.0,0.0,
-35.6738,150.5301,2000-03-30,26.0,0.0,
-34.8403,150.8635,2000-03-30,24.0,0.0,
-33.6734,151.36360000000002,2000-03-30,49.0,0.0,
-26.8387,153.19730000000004,2000-03-30,134.0,0.0,
-36.5073,150.19669999999996,2000-03-31,87.0,0.0,
-36.0072,150.3634,2000-03-31,127.0,0.0,
-35.8405,150.5301,2000-03-31,162.0,0.0,
-35.6738,150.19669999999996,2000-03-31,135.0,0.0,
-35.6738,150.5301,2000-03-31,162.0,0.0,
-35.6738,150.6968,2000-03-31,184.0,0.0,
-35.5071,150.6968,2000-03-31,180.0,0.0,
-34.8403,150.8635,2000-03-31,225.0,0.0,
-31.673,159.19849999999997,2000-03-31,21.0,0.0,
-31.1729,159.03179999999998,2000-03-31,27.0,0.0,
-43.0086,148.02959999999996,2000-04-01,235.0,0.0,
-42.8419,148.1963,2000-04-01,223.0,0.0,
-42.6752,148.02959999999996,2000-04-01,227.0,0.0,
-36.5073,150.19669999999996,2000-04-01,169.0,0.0,
-36.3406,150.3634,2000-04-01,174.0,0.0,
-35.8405,150.3634,2000-04-01,165.0,0.0,
-35.6738,150.5301,2000-04-01,177.0,0.0,
-35.5071,150.5301,2000-04-01,177.0,0.0,
-34.0068,151.36360000000002,2000-04-01,187.0,0.0,
-33.6734,151.36360000000002,2000-04-01,170.0,0.0,
-32.0064,115.6898,2000-04-01,195.0,0.0,
-31.3396,153.0306,2000-04-01,29.0,0.0,
-28.8391,113.85609999999996,2000-04-01,168.0,0.0,
-28.8391,153.8641,2000-04-01,27.0,0.0,
-28.0056,153.53070000000002,2000-04-01,39.0,0.0,
-27.8389,153.69740000000002,2000-04-01,63.0,0.0,
-26.5053,153.36400000000003,2000-04-01,95.0,0.0,
-26.3386,153.19730000000004,2000-04-01,102.0,0.0,
-7.1681,147.1961,2000-04-01,90.0,0.8,
-7.0014,147.69619999999998,2000-04-01,75.0,0.2,
-43.0086,148.02959999999996,2000-04-02,15.0,0.0,
-42.8419,148.1963,2000-04-02,17.0,0.0,
-36.5073,150.19669999999996,2000-04-02,17.0,0.0,
-36.1739,150.3634,2000-04-02,343.0,0.2,
-36.0072,150.3634,2000-04-02,310.0,0.3,
-35.6738,150.3634,2000-04-02,270.0,0.2,
-35.6738,150.5301,2000-04-02,235.0,0.3,
-35.6738,150.6968,2000-04-02,210.0,0.2,
-34.8403,150.8635,2000-04-02,162.0,0.8,
-34.6736,151.19690000000003,2000-04-02,129.0,0.7,
-34.5069,150.8635,2000-04-02,149.0,1.2,
-34.0068,151.36360000000002,2000-04-02,177.0,2.0,
-34.0068,151.5303,2000-04-02,193.0,2.4,
-34.0068,151.697,2000-04-02,248.0,3.0,
-33.6734,151.697,2000-04-02,228.0,3.1,
-32.8399,152.6972,2000-04-02,189.0,0.0,
-32.0064,115.18970000000002,2000-04-02,177.0,0.0,
-32.0064,115.6898,2000-04-02,205.0,0.0,
-6.668,147.0294,2000-04-02,148.0,2.5,
-36.5073,150.19669999999996,2000-04-03,345.0,0.0,
-36.3406,150.3634,2000-04-03,4.0,0.0,
-32.0064,115.6898,2000-04-03,100.0,0.0,
-27.1721,153.69740000000002,2000-04-03,110.0,0.0,
-24.8383,113.5227,2000-04-03,148.0,0.0,
-36.8407,150.19669999999996,2000-04-04,79.0,0.0,
-36.5073,150.19669999999996,2000-04-04,41.0,0.0,
-36.3406,150.3634,2000-04-04,6.0,0.0,
-26.5053,153.36400000000003,2000-04-04,127.0,0.0,
-36.5073,150.19669999999996,2000-04-05,178.0,0.7,
-30.3394,153.36400000000003,2000-04-05,5.0,0.0,
-26.5053,153.36400000000003,2000-04-05,358.0,0.0,
-43.0086,148.02959999999996,2000-04-06,270.0,0.0,
-36.5073,150.19669999999996,2000-04-06,168.0,0.0,
-43.1753,148.1963,2000-04-07,254.0,0.0,
-43.0086,148.02959999999996,2000-04-07,249.0,0.0,
-42.8419,148.1963,2000-04-07,239.0,0.0,
-42.8419,148.363,2000-04-07,239.0,0.0,
-42.5085,148.1963,2000-04-07,225.0,0.0,
-36.5073,150.19669999999996,2000-04-07,135.0,0.0,
-36.3406,150.3634,2000-04-07,187.0,0.0,
-33.0066,151.697,2000-04-07,127.0,0.0,
-26.5053,153.36400000000003,2000-04-07,150.0,0.6,
-43.1753,148.02959999999996,2000-04-08,18.0,0.0,
-43.1753,148.1963,2000-04-08,12.0,0.0,
-43.0086,148.02959999999996,2000-04-08,21.0,0.0,
-42.8419,148.1963,2000-04-08,15.0,0.0,
-42.8419,148.363,2000-04-08,15.0,0.0,
-42.5085,148.1963,2000-04-08,17.0,0.0,
-36.5073,150.19669999999996,2000-04-08,47.0,0.0,
-36.3406,150.3634,2000-04-08,144.0,0.0,
-36.0072,150.3634,2000-04-08,164.0,0.0,
-34.3402,151.19690000000003,2000-04-08,105.0,0.0,
-33.1733,152.19709999999998,2000-04-08,102.0,0.0,
-33.0066,151.697,2000-04-08,105.0,0.2,
-33.0066,151.8637,2000-04-08,117.0,0.3,
-43.1753,148.02959999999996,2000-04-09,345.0,0.0,
-43.1753,148.1963,2000-04-09,337.0,0.0,
-43.0086,148.02959999999996,2000-04-09,326.0,0.0,
-42.5085,148.1963,2000-04-09,359.0,0.0,
-38.1743,140.5281,2000-04-09,247.0,0.0,
-36.5073,150.19669999999996,2000-04-09,19.0,0.0,
-36.3406,150.3634,2000-04-09,8.0,0.0,
-36.0072,150.3634,2000-04-09,12.0,0.0,
-35.1737,151.03020000000004,2000-04-09,17.0,0.0,
-33.6734,151.36360000000002,2000-04-09,70.0,0.0,
-33.0066,152.53049999999996,2000-04-09,81.0,0.0,
-17.5035,168.5337,2000-04-09,117.0,0.0,
-43.1753,148.02959999999996,2000-04-10,217.0,0.0,
-42.8419,148.1963,2000-04-10,201.0,0.0,
-36.5073,150.19669999999996,2000-04-10,158.0,0.0,
-33.6734,151.36360000000002,2000-04-10,135.0,0.0,
-33.0066,151.697,2000-04-10,118.0,0.0,
-26.5053,153.36400000000003,2000-04-10,124.0,0.1,
-36.5073,150.19669999999996,2000-04-11,130.0,0.0,
-36.3406,150.19669999999996,2000-04-11,127.0,0.0,
-35.8405,150.5301,2000-04-11,184.0,0.0,
-17.5035,168.5337,2000-04-11,128.0,0.0,
-36.5073,150.19669999999996,2000-04-12,15.0,0.0,
-36.3406,150.3634,2000-04-12,326.0,0.0,
-36.1739,150.3634,2000-04-12,326.0,0.0,
-20.004,148.86310000000003,2000-04-12,121.0,0.0,
-36.5073,150.19669999999996,2000-04-13,22.0,0.0,
-33.6734,151.36360000000002,2000-04-13,41.0,0.0,
-30.8395,153.0306,2000-04-13,56.0,0.0,
-30.3394,153.36400000000003,2000-04-13,69.0,0.2,
-26.5053,153.36400000000003,2000-04-13,96.0,0.2,
-37.0074,150.19669999999996,2000-04-14,4.0,0.0,
-36.8407,150.02999999999997,2000-04-14,6.0,1.0,
-36.8407,150.19669999999996,2000-04-14,9.0,0.6,
-36.674,150.3634,2000-04-14,9.0,0.6,
-36.5073,150.19669999999996,2000-04-14,1.0,0.5,
-33.5067,152.0304,2000-04-14,2.0,0.0,
-32.8399,152.6972,2000-04-14,5.0,0.0,
-32.5065,152.36379999999997,2000-04-14,29.0,0.0,
-19.8373,148.86310000000003,2000-04-14,122.0,0.0,
-41.3416,148.69640000000004,2000-04-15,312.0,0.0,
-37.0074,150.19669999999996,2000-04-15,190.0,0.0,
-36.8407,150.19669999999996,2000-04-15,181.0,0.0,
-36.5073,150.19669999999996,2000-04-15,133.0,0.0,
-34.8403,151.03020000000004,2000-04-15,214.0,0.0,
-34.6736,151.19690000000003,2000-04-15,225.0,0.0,
-34.0068,151.5303,2000-04-15,240.0,0.0,
-33.0066,151.8637,2000-04-15,275.0,0.0,
-32.8399,151.8637,2000-04-15,275.0,0.0,
-32.8399,152.6972,2000-04-15,265.0,0.0,
-32.6732,152.53049999999996,2000-04-15,261.0,0.0,
-32.0064,115.6898,2000-04-15,151.0,0.0,
-30.8395,153.0306,2000-04-15,21.0,0.0,
-29.0058,113.68939999999998,2000-04-15,135.0,0.0,
-29.0058,113.85609999999996,2000-04-15,135.0,0.0,
-29.0058,114.02280000000002,2000-04-15,137.0,0.0,
-28.8391,113.85609999999996,2000-04-15,134.0,0.0,
-28.6724,113.68939999999998,2000-04-15,134.0,0.0,
-26.8387,153.53070000000002,2000-04-15,163.0,0.0,
-26.5053,153.36400000000003,2000-04-15,133.0,0.0,
-26.5053,153.53070000000002,2000-04-15,152.0,0.0,
-26.3386,153.53070000000002,2000-04-15,149.0,0.0,
-21.8377,114.3562,2000-04-15,84.0,0.0,
-37.1741,150.3634,2000-04-16,14.0,0.0,
-37.0074,150.19669999999996,2000-04-16,17.0,0.0,
-37.0074,150.3634,2000-04-16,17.0,0.0,
-36.8407,150.02999999999997,2000-04-16,29.0,0.0,
-36.8407,150.19669999999996,2000-04-16,13.0,0.0,
-36.5073,150.19669999999996,2000-04-16,21.0,0.0,
-35.1737,151.03020000000004,2000-04-16,335.0,0.0,
-35.007,150.8635,2000-04-16,330.0,0.0,
-34.6736,151.19690000000003,2000-04-16,331.0,0.0,
-34.0068,151.19690000000003,2000-04-16,324.0,0.0,
-34.0068,151.36360000000002,2000-04-16,342.0,0.0,
-34.0068,151.5303,2000-04-16,346.0,0.0,
-33.6734,151.36360000000002,2000-04-16,342.0,0.0,
-33.6734,151.697,2000-04-16,350.0,0.0,
-33.34,151.697,2000-04-16,343.0,0.0,
-33.1733,152.19709999999998,2000-04-16,347.0,0.0,
-33.0066,151.8637,2000-04-16,304.0,0.0,
-33.0066,152.36379999999997,2000-04-16,353.0,0.0,
-32.0064,115.6898,2000-04-16,99.0,0.0,
-32.0064,152.6972,2000-04-16,25.0,0.0,
-29.0058,113.85609999999996,2000-04-16,145.0,0.0,
-29.0058,114.02280000000002,2000-04-16,147.0,0.0,
-28.8391,113.85609999999996,2000-04-16,147.0,0.0,
-26.5053,153.36400000000003,2000-04-16,28.0,0.0,
-24.8383,153.69740000000002,2000-04-16,110.0,0.0,
-6.8347,147.86289999999997,2000-04-16,194.0,0.1,
-38.1743,140.5281,2000-04-17,257.0,0.0,
-36.8407,150.19669999999996,2000-04-17,288.0,0.0,
-36.5073,150.19669999999996,2000-04-17,21.0,0.0,
-30.1727,153.19730000000004,2000-04-17,169.0,0.6,
-29.0058,113.68939999999998,2000-04-17,152.0,0.0,
-28.8391,113.85609999999996,2000-04-17,152.0,0.0,
-26.5053,153.36400000000003,2000-04-17,312.0,0.0,
-19.8373,148.86310000000003,2000-04-17,117.0,0.0,
-7.0014,147.69619999999998,2000-04-17,207.0,0.0,
-35.6738,150.5301,2000-04-18,177.0,1.2,
-33.1733,151.697,2000-04-18,146.0,0.0,
-29.0058,113.68939999999998,2000-04-18,142.0,0.0,
-29.0058,113.85609999999996,2000-04-18,142.0,0.0,
-29.0058,168.03359999999998,2000-04-18,329.0,0.0,
-28.8391,113.85609999999996,2000-04-18,144.0,0.0,
-7.0014,147.69619999999998,2000-04-18,205.0,0.0,
-4.3342,152.36379999999997,2000-04-18,166.0,0.3,
-37.0074,150.19669999999996,2000-04-19,212.0,0.0,
-36.8407,150.19669999999996,2000-04-19,207.0,0.0,
-36.5073,150.19669999999996,2000-04-19,194.0,0.0,
-29.0058,113.68939999999998,2000-04-19,136.0,0.0,
-29.0058,113.85609999999996,2000-04-19,136.0,0.0,
-28.8391,113.85609999999996,2000-04-19,139.0,0.0,
-36.5073,150.19669999999996,2000-04-20,256.0,0.1,
-28.8391,113.85609999999996,2000-04-20,100.0,0.2,
-17.5035,168.5337,2000-04-20,345.0,0.2,
-12.0024,136.52729999999997,2000-04-20,77.0,0.0,
-7.0014,147.3628,2000-04-20,95.0,0.5,
-36.8407,150.19669999999996,2000-04-21,212.0,0.0,
-36.674,150.19669999999996,2000-04-21,203.0,0.0,
-36.5073,150.19669999999996,2000-04-21,203.0,0.0,
-35.6738,150.5301,2000-04-21,230.0,0.0,
-33.1733,151.697,2000-04-21,252.0,0.0,
-26.5053,153.36400000000003,2000-04-21,130.0,0.0,
-13.5027,136.8607,2000-04-21,73.0,0.2,
-7.5015,147.52949999999998,2000-04-21,72.0,0.0,
-41.3416,148.363,2000-04-22,186.0,0.0,
-38.1743,140.5281,2000-04-22,184.0,0.0,
-36.5073,150.19669999999996,2000-04-22,209.0,0.0,
-36.3406,150.3634,2000-04-22,207.0,0.0,
-32.8399,151.8637,2000-04-22,190.0,0.0,
-32.8399,152.6972,2000-04-22,205.0,0.0,
-26.5053,153.36400000000003,2000-04-22,198.0,0.0,
-26.5053,153.53070000000002,2000-04-22,208.0,0.1,
-17.5035,168.5337,2000-04-22,65.0,0.6,
-7.0014,147.69619999999998,2000-04-22,109.0,0.3,
-38.1743,140.5281,2000-04-23,232.0,0.0,
-36.5073,150.19669999999996,2000-04-23,215.0,0.0,
-35.6738,150.3634,2000-04-23,195.0,0.0,
-33.0066,152.53049999999996,2000-04-23,193.0,0.0,
-32.6732,152.36379999999997,2000-04-23,190.0,0.0,
-32.0064,115.6898,2000-04-23,33.0,0.0,
-31.8397,115.18970000000002,2000-04-23,40.0,0.0,
-16.5033,146.0292,2000-04-23,139.0,0.1,
-38.1743,140.5281,2000-04-24,132.0,0.0,
-36.8407,150.19669999999996,2000-04-24,204.0,0.0,
-36.5073,150.19669999999996,2000-04-24,192.0,0.0,
-36.3406,150.19669999999996,2000-04-24,184.0,0.0,
-32.0064,115.6898,2000-04-24,3.0,0.0,
-17.5035,168.5337,2000-04-24,121.0,0.0,
-16.5033,145.8625,2000-04-24,136.0,0.2,
-38.1743,140.5281,2000-04-25,99.0,0.0,
-26.5053,153.36400000000003,2000-04-25,151.0,0.4,
-21.671,114.3562,2000-04-25,57.0,0.0,
-38.1743,140.5281,2000-04-26,344.0,0.0,
-36.5073,150.19669999999996,2000-04-26,77.0,0.0,
-6.668,147.86289999999997,2000-04-26,105.0,0.9,
-37.0074,150.19669999999996,2000-04-27,14.0,0.0,
-35.8405,150.5301,2000-04-27,31.0,0.0,
-5.1677,145.8625,2000-04-27,293.0,0.2,
-43.0086,148.1963,2000-04-28,4.0,0.0,
-7.0014,147.69619999999998,2000-04-29,54.0,0.0,
-34.0068,151.36360000000002,2000-04-30,10.0,0.0,
-33.6734,151.36360000000002,2000-04-30,8.0,0.0,
-33.34,152.0304,2000-04-30,14.0,0.0,
-33.1733,152.0304,2000-04-30,14.0,0.0,
-7.0014,147.69619999999998,2000-04-30,100.0,0.0,
-36.8407,150.3634,2000-05-05,18.0,0.0,
-36.5073,150.19669999999996,2000-05-05,34.0,0.0,
-32.0064,115.6898,2000-05-05,30.0,0.0,
-19.1705,146.86270000000002,2000-05-05,192.0,0.0,
-32.0064,115.6898,2000-05-06,15.0,0.0,
-38.1743,140.5281,2000-05-07,260.0,0.0,
-36.5073,150.19669999999996,2000-05-07,201.0,0.0,
-34.0068,151.19690000000003,2000-05-07,185.0,0.0,
-34.0068,151.36360000000002,2000-05-07,190.0,0.0,
-34.0068,151.5303,2000-05-07,194.0,0.0,
-34.0068,151.697,2000-05-07,193.0,0.0,
-33.8401,151.8637,2000-05-07,193.0,0.0,
-33.6734,151.697,2000-05-07,193.0,0.0,
-33.5067,151.5303,2000-05-07,188.0,0.0,
-33.1733,152.19709999999998,2000-05-07,192.0,0.0,
-32.8399,152.53049999999996,2000-05-07,192.0,0.0,
-38.1743,140.5281,2000-05-08,321.0,0.0,
-36.5073,150.19669999999996,2000-05-08,25.0,0.0,
-38.1743,140.5281,2000-05-09,122.0,0.0,
-32.8399,151.8637,2000-05-09,234.0,0.0,
-38.1743,140.6948,2000-05-10,36.0,0.0,
-36.5073,150.19669999999996,2000-05-10,186.0,0.0,
-17.5035,168.5337,2000-05-10,245.0,0.0,
-38.1743,140.6948,2000-05-11,7.0,0.0,
-36.5073,150.19669999999996,2000-05-11,63.0,0.0,
-17.5035,168.5337,2000-05-12,80.0,0.0,
-37.0074,150.19669999999996,2000-05-13,9.0,0.0,
-36.8407,150.02999999999997,2000-05-13,21.0,0.0,
-36.8407,150.19669999999996,2000-05-13,12.0,0.0,
-36.5073,150.19669999999996,2000-05-13,28.0,0.0,
-32.8399,151.8637,2000-05-13,312.0,0.0,
-26.5053,153.36400000000003,2000-05-13,137.0,0.2,
-23.6714,152.19709999999998,2000-05-13,150.0,0.0,
-7.0014,147.69619999999998,2000-05-13,125.0,0.1,
-37.0074,150.19669999999996,2000-05-14,295.0,0.0,
-36.8407,150.02999999999997,2000-05-14,291.0,0.0,
-20.8375,149.5299,2000-05-14,151.0,0.0,
-17.5035,122.0244,2000-05-14,118.0,0.0,
-4.5009,146.0292,2000-05-14,121.0,0.6,
-38.1743,140.5281,2000-05-15,262.0,0.1,
-36.8407,150.19669999999996,2000-05-15,219.0,0.0,
-34.8403,138.361,2000-05-15,282.0,0.2,
-34.0068,151.36360000000002,2000-05-15,207.0,0.0,
-29.0058,168.03359999999998,2000-05-15,177.0,0.0,
-38.1743,140.5281,2000-05-16,289.0,0.0,
-38.1743,140.6948,2000-05-16,289.0,0.0,
-36.3406,150.3634,2000-05-16,17.0,0.0,
-35.007,151.03020000000004,2000-05-16,132.0,0.0,
-29.0058,168.03359999999998,2000-05-16,154.0,0.0,
-41.1749,140.5281,2000-05-17,290.0,0.0,
-38.1743,140.5281,2000-05-17,270.0,0.0,
-36.5073,150.19669999999996,2000-05-17,216.0,0.0,
-38.1743,140.5281,2000-05-18,302.0,0.0,
-38.1743,140.6948,2000-05-18,302.0,0.0,
-38.1743,140.5281,2000-05-19,286.0,0.0,
-36.3406,150.3634,2000-05-19,183.0,0.0,
-30.8395,153.0306,2000-05-19,197.0,0.0,
-38.1743,140.5281,2000-05-20,206.0,0.0,
-36.5073,150.19669999999996,2000-05-20,194.0,0.0,
-36.1739,150.3634,2000-05-20,220.0,0.0,
-33.8401,151.5303,2000-05-20,278.0,0.0,
-33.5067,152.0304,2000-05-20,302.0,0.0,
-33.0066,151.697,2000-05-20,302.0,0.0,
-33.0066,151.8637,2000-05-20,301.0,0.0,
-33.0066,152.19709999999998,2000-05-20,309.0,0.0,
-29.0058,168.03359999999998,2000-05-20,99.0,0.0,
-26.5053,153.36400000000003,2000-05-20,161.0,0.0,
-7.0014,147.69619999999998,2000-05-20,76.0,0.0,
-36.5073,150.19669999999996,2000-05-21,63.0,0.0,
-36.3406,150.3634,2000-05-21,209.0,0.0,
-36.1739,150.3634,2000-05-21,209.0,0.0,
-36.0072,150.3634,2000-05-21,194.0,0.0,
-35.6738,150.3634,2000-05-21,153.0,0.0,
-34.0068,151.8637,2000-05-21,178.0,0.0,
-26.5053,153.36400000000003,2000-05-21,152.0,0.0,
-22.0044,113.85609999999996,2000-05-21,82.0,0.0,
-7.1681,147.1961,2000-05-21,72.0,0.0,
-7.0014,148.02959999999996,2000-05-21,146.0,0.2,
-36.5073,150.19669999999996,2000-05-22,96.0,0.0,
-36.3406,150.3634,2000-05-22,170.0,0.0,
-36.1739,150.19669999999996,2000-05-22,96.0,0.0,
-36.1739,150.3634,2000-05-22,170.0,0.0,
-22.0044,113.85609999999996,2000-05-22,59.0,0.0,
-37.0074,150.19669999999996,2000-05-23,348.0,0.0,
-21.8377,114.3562,2000-05-23,91.0,0.0,
-15.1697,167.7002,2000-05-23,87.0,0.3,
-17.1701,167.5335,2000-05-25,94.0,0.2,
-36.5073,150.19669999999996,2000-05-26,355.0,0.0,
-35.8405,150.5301,2000-05-26,298.0,0.0,
-34.8403,150.8635,2000-05-26,270.0,0.0,
-26.5053,153.36400000000003,2000-05-26,333.0,0.0,
-35.6738,150.19669999999996,2000-05-27,302.0,0.0,
-26.5053,153.36400000000003,2000-05-27,255.0,0.0,
-16.1699,145.8625,2000-05-27,150.0,0.0,
-36.5073,150.19669999999996,2000-05-28,303.0,0.0,
-33.6734,151.697,2000-05-28,297.0,0.0,
-33.5067,151.8637,2000-05-28,296.0,0.0,
-7.0014,147.69619999999998,2000-05-28,166.0,0.3,
-17.5035,122.0244,2000-05-29,106.0,0.0,
-38.1743,140.5281,2000-06-03,271.0,0.1,
-34.8403,138.361,2000-06-03,305.0,0.5,
-26.5053,153.36400000000003,2000-06-03,200.0,0.0,
-6.668,147.86289999999997,2000-06-03,151.0,1.9,
-33.1733,152.19709999999998,2000-06-04,274.0,0.0,
-33.0066,151.8637,2000-06-04,287.0,0.0,
-28.1723,153.8641,2000-06-04,335.0,0.0,
-27.0054,153.8641,2000-06-04,244.0,0.0,
-26.8387,153.69740000000002,2000-06-04,233.0,0.0,
-7.0014,147.1961,2000-06-04,120.0,0.8,
-6.668,147.0294,2000-06-04,135.0,1.0,
-6.668,147.86289999999997,2000-06-04,188.0,0.0,
-7.0014,147.69619999999998,2000-06-05,234.0,0.2,
-7.0014,148.02959999999996,2000-06-05,198.0,0.3,
-17.5035,168.5337,2000-06-06,132.0,0.0,
-34.3402,151.03020000000004,2000-06-08,320.0,0.0,
-33.8401,151.5303,2000-06-08,259.0,0.0,
-36.5073,150.19669999999996,2000-06-09,302.0,0.0,
-23.6714,151.5303,2000-06-09,141.0,0.1,
-17.5035,168.5337,2000-06-09,124.0,0.0,
-36.5073,150.19669999999996,2000-06-10,227.0,0.0,
-33.8401,151.5303,2000-06-10,190.0,0.0,
-27.0054,153.8641,2000-06-10,138.0,0.2,
-26.5053,153.36400000000003,2000-06-10,142.0,1.1,
-17.0034,178.36900000000003,2000-06-10,124.0,0.0,
-5.1677,145.8625,2000-06-10,108.0,0.0,
-5.1677,145.8625,2000-06-11,162.0,0.0,
-36.5073,150.19669999999996,2000-06-12,216.0,0.0,
-33.8401,151.36360000000002,2000-06-12,176.0,0.0,
-34.0068,151.697,2000-06-14,207.0,0.0,
-27.0054,153.36400000000003,2000-06-14,151.0,0.1,
-36.674,150.3634,2000-06-15,1.0,0.0,
-36.5073,150.19669999999996,2000-06-15,11.0,0.0,
-34.6736,151.19690000000003,2000-06-15,333.0,0.0,
-33.6734,151.5303,2000-06-15,276.0,0.0,
-36.674,150.3634,2000-06-16,301.0,0.0,
-36.5073,150.19669999999996,2000-06-17,67.0,0.0,
-33.6734,151.5303,2000-06-17,287.0,0.0,
-33.0066,151.8637,2000-06-17,295.0,0.0,
-32.0064,115.6898,2000-06-17,70.0,0.0,
-30.8395,153.0306,2000-06-17,264.0,0.0,
-26.8387,153.69740000000002,2000-06-17,115.0,0.0,
-26.5053,153.36400000000003,2000-06-17,121.0,0.0,
-7.0014,147.69619999999998,2000-06-17,258.0,0.3,
-36.8407,150.19669999999996,2000-06-18,235.0,0.0,
-33.8401,151.697,2000-06-18,163.0,0.0,
-30.006,153.36400000000003,2000-06-18,161.0,0.0,
-26.5053,153.36400000000003,2000-06-18,117.0,0.0,
-26.5053,153.36400000000003,2000-06-21,308.0,0.0,
-21.8377,114.02280000000002,2000-06-21,140.0,0.0,
-19.8373,149.02980000000002,2000-06-22,144.0,0.0,
-34.0068,151.5303,2000-06-24,245.0,0.0,
-27.6722,153.53070000000002,2000-06-24,165.0,0.0,
-27.0054,153.8641,2000-06-24,162.0,0.0,
-26.5053,153.36400000000003,2000-06-24,179.0,0.0,
-34.1735,151.19690000000003,2000-06-25,129.0,0.0,
-32.8399,152.6972,2000-06-25,148.0,0.0,
-7.0014,147.69619999999998,2000-06-25,287.0,0.4,
-26.5053,153.36400000000003,2000-06-28,322.0,0.0,
-20.6708,149.6966,2000-06-29,180.0,0.0,
-17.0034,178.36900000000003,2000-07-01,126.0,0.0,
-7.0014,147.69619999999998,2000-07-03,161.0,3.4,
-7.0014,147.86289999999997,2000-07-03,161.0,3.4,
-21.8377,114.3562,2000-07-05,41.0,0.0,
-20.3374,116.69,2000-07-05,135.0,0.0,
-26.5053,153.36400000000003,2000-07-06,197.0,0.0,
-35.6738,150.3634,2000-07-07,252.0,0.0,
-34.8403,150.8635,2000-07-07,257.0,0.0,
-26.5053,153.36400000000003,2000-07-07,285.0,0.0,
-34.8403,150.8635,2000-07-08,259.0,0.0,
-34.6736,151.19690000000003,2000-07-08,256.0,0.0,
-26.5053,153.36400000000003,2000-07-08,328.0,0.0,
-24.6716,153.19730000000004,2000-07-08,273.0,0.0,
-20.5041,149.6966,2000-07-08,158.0,0.0,
-7.0014,147.86289999999997,2000-07-08,134.0,2.1,
-36.8407,150.19669999999996,2000-07-09,317.0,0.0,
-35.007,150.8635,2000-07-09,315.0,0.0,
-34.8403,150.8635,2000-07-09,314.0,0.0,
-33.8401,151.36360000000002,2000-07-09,314.0,0.0,
-33.0066,151.8637,2000-07-09,305.0,0.0,
-20.6708,149.5299,2000-07-09,162.0,0.0,
-17.5035,122.0244,2000-07-09,123.0,0.0,
-6.8347,147.86289999999997,2000-07-09,165.0,0.9,
-17.5035,119.35720000000003,2000-07-12,51.0,0.0,
-17.5035,119.35720000000003,2000-07-13,339.0,0.0,
-36.5073,150.19669999999996,2000-07-15,252.0,0.0,
-24.8383,113.5227,2000-07-15,3.0,0.0,
-17.5035,119.35720000000003,2000-07-15,111.0,0.0,
-17.5035,122.0244,2000-07-15,152.0,0.0,
-37.1741,150.3634,2000-07-16,226.0,0.0,
-36.5073,150.19669999999996,2000-07-16,202.0,0.0,
-34.0068,151.697,2000-07-16,208.0,0.0,
-33.0066,151.697,2000-07-16,212.0,0.0,
-26.8387,153.36400000000003,2000-07-16,194.0,0.0,
-21.671,114.1895,2000-07-16,137.0,0.0,
-7.5015,148.02959999999996,2000-07-16,138.0,0.0,
-16.67,145.8625,2000-07-21,144.0,0.0,
-34.0068,151.697,2000-07-22,270.0,0.0,
-33.8401,151.36360000000002,2000-07-22,290.0,0.0,
-33.1733,151.697,2000-07-22,302.0,0.0,
-26.5053,153.36400000000003,2000-07-22,179.0,0.0,
-19.0038,147.3628,2000-07-22,149.0,0.0,
-17.1701,118.35699999999996,2000-07-22,176.0,0.0,
-34.3402,151.03020000000004,2000-07-23,262.0,0.0,
-34.0068,151.697,2000-07-23,271.0,0.0,
-28.1723,154.0308,2000-07-23,216.0,0.0,
-18.8371,147.1961,2000-07-23,115.0,0.0,
-17.5035,122.0244,2000-07-23,218.0,0.0,
-26.5053,153.36400000000003,2000-07-25,347.0,0.0,
-5.1677,145.8625,2000-07-26,149.0,0.0,
-33.8401,151.5303,2000-07-27,262.0,0.0,
-17.5035,168.7004,2000-07-29,99.0,0.0,
-34.8403,150.8635,2000-07-30,287.0,0.0,
-34.3402,151.03020000000004,2000-07-30,315.0,0.0,
-34.3402,151.36360000000002,2000-07-30,298.0,0.0,
-34.1735,151.36360000000002,2000-07-30,298.0,0.0,
-34.0068,151.697,2000-07-30,288.0,0.0,
-17.5035,168.5337,2000-07-30,101.0,0.0,
-35.1737,151.03020000000004,2000-07-31,252.0,0.0,
-34.0068,151.697,2000-07-31,242.0,0.0,
-20.3374,116.8567,2000-07-31,216.0,0.0,
-34.0068,151.697,2000-08-01,176.0,0.0,
-35.1737,151.03020000000004,2000-08-02,311.0,0.0,
-34.0068,151.697,2000-08-02,243.0,0.0,
-20.3374,116.8567,2000-08-02,133.0,0.0,
-34.3402,151.36360000000002,2000-08-03,180.0,0.0,
-33.8401,151.5303,2000-08-03,202.0,0.0,
-35.1737,151.03020000000004,2000-08-04,280.0,0.0,
-34.0068,151.5303,2000-08-04,225.0,0.0,
-20.5041,116.69,2000-08-04,88.0,0.0,
-20.5041,117.02339999999998,2000-08-04,92.0,0.0,
-20.3374,116.69,2000-08-04,98.0,0.0,
-20.004,116.8567,2000-08-04,100.0,0.0,
-17.1701,118.35699999999996,2000-08-04,105.0,0.0,
-37.1741,150.3634,2000-08-05,127.0,0.0,
-34.3402,151.36360000000002,2000-08-05,173.0,0.0,
-34.0068,151.697,2000-08-05,154.0,0.0,
-33.8401,151.697,2000-08-05,168.0,0.0,
-33.8401,151.8637,2000-08-05,168.0,0.0,
-33.6734,151.36360000000002,2000-08-05,171.0,0.0,
-32.8399,152.53049999999996,2000-08-05,163.0,0.0,
-20.5041,116.69,2000-08-05,81.0,0.0,
-20.3374,116.69,2000-08-05,97.0,0.0,
-20.004,116.8567,2000-08-05,98.0,0.0,
-17.1701,118.35699999999996,2000-08-05,108.0,0.0,
-37.1741,150.3634,2000-08-06,1.0,0.0,
-34.1735,151.5303,2000-08-06,98.0,0.0,
-34.0068,151.5303,2000-08-06,106.0,0.0,
-34.0068,151.697,2000-08-06,108.0,0.0,
-33.8401,151.5303,2000-08-06,117.0,0.0,
-33.8401,151.8637,2000-08-06,117.0,0.0,
-33.6734,151.36360000000002,2000-08-06,137.0,0.1,
-20.5041,116.69,2000-08-06,47.0,0.0,
-20.5041,116.8567,2000-08-06,47.0,0.0,
-20.3374,116.69,2000-08-06,95.0,0.0,
-17.1701,118.35699999999996,2000-08-06,150.0,0.0,
-7.0014,147.69619999999998,2000-08-06,152.0,0.0,
-35.007,151.03020000000004,2000-08-07,33.0,0.0,
-34.0068,151.697,2000-08-07,360.0,0.0,
-20.5041,116.5233,2000-08-07,119.0,0.0,
-20.5041,116.69,2000-08-07,103.0,0.0,
-20.5041,116.8567,2000-08-07,103.0,0.0,
-20.3374,116.69,2000-08-07,123.0,0.0,
-20.3374,116.8567,2000-08-07,123.0,0.0,
-17.5035,168.5337,2000-08-07,132.0,1.1,
-17.1701,118.35699999999996,2000-08-07,162.0,0.0,
-17.5035,122.0244,2000-08-08,128.0,0.0,
-20.5041,116.5233,2000-08-09,101.0,0.0,
-17.5035,122.0244,2000-08-09,132.0,0.0,
-17.5035,122.0244,2000-08-10,143.0,0.0,
-16.1699,145.8625,2000-08-10,158.0,0.0,
-17.5035,122.0244,2000-08-11,126.0,0.0,
-35.6738,150.5301,2000-08-12,188.0,0.0,
-34.0068,151.697,2000-08-12,176.0,0.0,
-27.8389,153.36400000000003,2000-08-12,146.0,0.0,
-17.5035,122.0244,2000-08-12,155.0,0.0,
-35.1737,151.03020000000004,2000-08-13,29.0,0.0,
-34.8403,151.03020000000004,2000-08-13,18.0,0.0,
-34.0068,151.5303,2000-08-13,341.0,0.5,
-17.5035,122.0244,2000-08-13,184.0,0.0,
-29.0058,168.03359999999998,2000-08-14,96.0,0.0,
-17.5035,122.0244,2000-08-14,189.0,0.0,
-26.5053,153.36400000000003,2000-08-15,180.0,0.0,
-17.5035,119.35720000000003,2000-08-15,225.0,0.0,
-17.5035,119.35720000000003,2000-08-16,244.0,0.0,
-17.8369,122.1911,2000-08-17,227.0,0.0,
-17.5035,122.0244,2000-08-17,227.0,0.0,
-17.5035,119.35720000000003,2000-08-18,119.0,0.0,
-34.5069,150.8635,2000-08-19,24.0,0.0,
-34.0068,151.36360000000002,2000-08-19,186.0,0.0,
-26.5053,153.36400000000003,2000-08-19,154.0,0.0,
-17.8369,122.1911,2000-08-19,135.0,0.0,
-7.0014,147.86289999999997,2000-08-19,230.0,0.0,
-34.0068,151.697,2000-08-20,247.0,0.0,
-33.8401,151.8637,2000-08-20,247.0,0.0,
-26.8387,153.69740000000002,2000-08-20,327.0,0.0,
-26.5053,153.36400000000003,2000-08-20,336.0,0.0,
-19.0038,147.3628,2000-08-20,317.0,0.0,
-16.67,145.8625,2000-08-20,93.0,0.0,
-7.5015,148.02959999999996,2000-08-20,124.0,0.7,
-7.1681,147.1961,2000-08-20,66.0,0.0,
-7.0014,147.69619999999998,2000-08-20,158.0,1.2,
-6.668,147.0294,2000-08-20,111.0,0.0,
-17.6702,122.1911,2000-08-23,109.0,0.0,
-12.0024,136.52729999999997,2000-08-23,346.0,0.0,
-17.8369,122.1911,2000-08-24,210.0,0.0,
-17.6702,122.1911,2000-08-24,210.0,0.0,
-17.5035,122.0244,2000-08-24,210.0,0.0,
-12.0024,136.52729999999997,2000-08-24,124.0,0.0,
-17.5035,122.0244,2000-08-25,182.0,0.0,
-12.1691,136.8607,2000-08-25,118.0,0.0,
-7.0014,147.69619999999998,2000-08-25,128.0,0.0,
-21.5043,115.02300000000002,2000-08-26,176.0,0.0,
-19.0038,147.3628,2000-08-26,299.0,0.0,
-16.8367,146.1959,2000-08-26,163.0,0.0,
-16.5033,145.8625,2000-08-26,124.0,0.0,
-16.5033,146.0292,2000-08-26,152.0,0.0,
-17.5035,146.3626,2000-08-27,127.0,0.0,
-16.5033,145.8625,2000-08-27,130.0,0.0,
-5.3344,145.8625,2000-08-27,186.0,3.5,
-4.8343,146.1959,2000-08-27,178.0,1.2,
-19.0038,147.3628,2000-08-28,323.0,0.0,
-16.8367,146.1959,2000-08-28,308.0,0.0,
-19.0038,147.3628,2000-08-29,173.0,0.0,
-17.5035,168.5337,2000-08-29,31.0,0.1,
-34.0068,151.697,2000-08-31,256.0,0.0,
-20.1707,149.02980000000002,2000-08-31,308.0,0.0,
-19.0038,147.3628,2000-08-31,3.0,0.0,
-19.0038,147.3628,2000-09-01,331.0,0.0,
-34.5069,151.03020000000004,2000-09-03,295.0,0.0,
-19.1705,147.0294,2000-09-03,118.0,0.0,
-19.0038,147.3628,2000-09-03,136.0,0.0,
-6.8347,147.1961,2000-09-03,133.0,0.0,
-5.1677,145.8625,2000-09-03,90.0,0.0,
-21.671,114.1895,2000-09-04,187.0,0.0,
-19.1705,147.0294,2000-09-04,73.0,0.0,
-19.1705,147.69619999999998,2000-09-04,112.0,0.0,
-19.0038,147.3628,2000-09-04,109.0,0.0,
-21.8377,114.1895,2000-09-05,216.0,0.0,
-20.3374,149.02980000000002,2000-09-05,30.0,0.0,
-19.1705,147.0294,2000-09-05,31.0,0.0,
-19.0038,147.3628,2000-09-05,46.0,0.0,
-27.1721,153.19730000000004,2000-09-06,357.0,0.0,
-19.0038,147.3628,2000-09-06,32.0,0.0,
-21.8377,114.5229,2000-09-07,161.0,0.0,
-19.0038,147.3628,2000-09-07,350.0,0.0,
-18.8371,147.1961,2000-09-07,350.0,0.0,
-15.3364,145.69579999999996,2000-09-07,133.0,0.0,
-14.6696,145.69579999999996,2000-09-07,120.0,0.0,
-26.5053,153.36400000000003,2000-09-08,338.0,0.0,
-21.8377,114.5229,2000-09-08,150.0,0.0,
-0.5001,166.86670000000004,2000-09-08,89.0,0.0,
-34.1735,151.5303,2000-09-09,272.0,0.0,
-26.5053,153.36400000000003,2000-09-09,42.0,0.0,
-24.5049,153.53070000000002,2000-09-09,203.0,0.0,
-19.0038,146.69600000000003,2000-09-09,130.0,0.0,
-19.0038,147.3628,2000-09-09,113.0,0.0,
-0.5001,166.86670000000004,2000-09-09,77.0,0.3,
-26.5053,153.36400000000003,2000-09-10,281.0,0.0,
-24.5049,153.53070000000002,2000-09-10,197.0,0.0,
-21.671,114.02280000000002,2000-09-10,76.0,0.0,
-19.0038,147.3628,2000-09-10,184.0,0.0,
-6.668,147.0294,2000-09-10,110.0,0.0,
-0.5001,166.86670000000004,2000-09-10,162.0,0.0,
-27.6722,153.53070000000002,2000-09-11,359.0,0.0,
-30.3394,153.36400000000003,2000-09-13,168.0,0.0,
-7.0014,147.69619999999998,2000-09-13,158.0,0.4,
-30.3394,153.36400000000003,2000-09-15,175.0,0.0,
-26.5053,153.36400000000003,2000-09-15,98.0,0.0,
-34.8403,151.03020000000004,2000-09-16,50.0,0.0,
-34.5069,151.03020000000004,2000-09-16,40.0,0.0,
-34.5069,151.36360000000002,2000-09-16,40.0,0.0,
-34.3402,151.36360000000002,2000-09-16,39.0,0.0,
-34.1735,151.19690000000003,2000-09-16,40.0,0.0,
-34.1735,151.5303,2000-09-16,40.0,0.0,
-34.0068,151.5303,2000-09-16,46.0,0.0,
-33.0066,151.697,2000-09-16,75.0,0.0,
-29.0058,168.03359999999998,2000-09-16,57.0,0.0,
-26.5053,153.36400000000003,2000-09-16,149.0,0.2,
-7.5015,148.02959999999996,2000-09-16,144.0,0.4,
-7.3348,147.52949999999998,2000-09-16,6.0,0.1,
-7.0014,148.02959999999996,2000-09-16,167.0,1.0,
-6.668,147.0294,2000-09-16,102.0,0.3,
-35.3404,150.6968,2000-09-17,294.0,0.0,
-34.1735,151.19690000000003,2000-09-17,360.0,0.0,
-34.0068,151.19690000000003,2000-09-17,326.0,0.0,
-34.0068,151.5303,2000-09-17,357.0,0.0,
-34.0068,151.697,2000-09-17,346.0,0.0,
-33.8401,151.36360000000002,2000-09-17,354.0,0.0,
-33.6734,151.36360000000002,2000-09-17,299.0,0.0,
-33.1733,152.19709999999998,2000-09-17,357.0,0.0,
-26.5053,153.36400000000003,2000-09-17,124.0,0.0,
-7.5015,148.02959999999996,2000-09-17,159.0,0.4,
-7.3348,147.3628,2000-09-17,129.0,1.8,
-7.3348,147.52949999999998,2000-09-17,144.0,1.4,
-7.0014,147.86289999999997,2000-09-17,129.0,0.8,
-24.6716,153.19730000000004,2000-09-18,111.0,0.0,
-34.6736,151.19690000000003,2000-09-20,132.0,0.0,
-16.3366,146.0292,2000-09-20,135.0,0.0,
-34.0068,151.5303,2000-09-21,42.0,0.0,
-26.5053,153.36400000000003,2000-09-21,49.0,0.0,
-34.6736,151.19690000000003,2000-09-22,35.0,0.0,
-26.5053,153.36400000000003,2000-09-22,33.0,0.0,
-26.5053,153.53070000000002,2000-09-22,17.0,0.0,
-16.3366,146.0292,2000-09-22,126.0,0.0,
-5.1677,145.8625,2000-09-22,71.0,2.3,
-35.1737,151.03020000000004,2000-09-23,178.0,0.0,
-34.6736,151.03020000000004,2000-09-23,161.0,0.0,
-34.6736,151.19690000000003,2000-09-23,162.0,0.0,
-34.5069,151.03020000000004,2000-09-23,131.0,0.3,
-34.0068,151.697,2000-09-23,86.0,0.0,
-33.5067,114.85630000000003,2000-09-23,152.0,0.0,
-30.3394,153.36400000000003,2000-09-23,141.0,0.0,
-26.5053,153.36400000000003,2000-09-23,19.0,0.0,
-20.1707,149.3632,2000-09-23,126.0,0.0,
-17.5035,168.5337,2000-09-23,121.0,0.0,
-16.67,145.8625,2000-09-23,127.0,0.0,
-16.5033,145.8625,2000-09-23,134.0,0.0,
-7.8349,148.5297,2000-09-23,133.0,2.2,
-5.1677,145.8625,2000-09-23,63.0,0.1,
-4.6676,145.69579999999996,2000-09-23,30.0,0.0,
-35.007,150.8635,2000-09-24,161.0,0.0,
-35.007,151.19690000000003,2000-09-24,179.0,0.0,
-32.8399,152.6972,2000-09-24,199.0,0.0,
-30.3394,153.19730000000004,2000-09-24,98.0,0.0,
-30.3394,153.36400000000003,2000-09-24,88.0,0.0,
-26.5053,153.36400000000003,2000-09-24,22.0,0.0,
-17.1701,118.35699999999996,2000-09-24,210.0,0.0,
-16.3366,146.0292,2000-09-24,133.0,0.1,
-7.0014,147.69619999999998,2000-09-24,164.0,0.2,
-5.1677,145.8625,2000-09-24,99.0,0.0,
-37.0074,150.19669999999996,2000-09-25,23.0,0.6,
-33.1733,152.19709999999998,2000-09-25,65.0,0.0,
-30.3394,153.19730000000004,2000-09-25,125.0,0.4,
-30.3394,153.36400000000003,2000-09-25,119.0,0.4,
-30.3394,153.53070000000002,2000-09-25,113.0,0.1,
-30.3394,153.69740000000002,2000-09-25,112.0,0.0,
-17.5035,168.5337,2000-09-25,131.0,0.0,
-30.3394,153.19730000000004,2000-09-26,40.0,0.0,
-30.3394,153.36400000000003,2000-09-26,16.0,0.0,
-30.3394,153.53070000000002,2000-09-26,13.0,0.0,
-30.3394,153.69740000000002,2000-09-26,4.0,0.0,
-26.5053,153.36400000000003,2000-09-26,38.0,0.0,
-16.3366,146.0292,2000-09-26,137.0,0.0,
-29.0058,168.03359999999998,2000-09-27,122.0,0.0,
-15.8365,145.69579999999996,2000-09-28,148.0,0.0,
-15.1697,145.69579999999996,2000-09-28,146.0,0.0,
-37.0074,150.19669999999996,2000-09-29,12.0,0.0,
-17.1701,118.35699999999996,2000-09-29,255.0,0.0,
-16.3366,146.0292,2000-09-29,140.0,0.0,
-14.1695,136.36059999999998,2000-09-29,39.0,0.0,
-33.0066,151.697,2000-09-30,85.0,0.0,
-33.0066,151.8637,2000-09-30,118.0,0.0,
-19.5039,149.1965,2000-09-30,95.0,0.0,
-18.0036,146.52930000000003,2000-09-30,116.0,0.0,
-14.1695,136.36059999999998,2000-09-30,57.0,0.0,
-7.5015,148.02959999999996,2000-09-30,118.0,0.3,
-1.8337,153.19730000000004,2000-09-30,96.0,0.6,
-33.5067,151.5303,2000-10-01,259.0,0.0,
-33.0066,151.8637,2000-10-01,281.0,0.0,
-19.3372,149.02980000000002,2000-10-01,341.0,0.0,
-17.6702,146.52930000000003,2000-10-01,156.0,0.0,
-14.6696,145.69579999999996,2000-10-01,134.0,0.0,
-14.1695,136.36059999999998,2000-10-01,18.0,0.0,
-13.8361,136.36059999999998,2000-10-01,18.0,0.0,
-13.5027,136.8607,2000-10-01,66.0,0.0,
-19.5039,116.69,2000-10-02,136.0,0.0,
-14.6696,145.69579999999996,2000-10-02,136.0,0.0,
-29.0058,168.03359999999998,2000-10-03,175.0,0.0,
-24.5049,153.53070000000002,2000-10-03,120.0,0.0,
-17.5035,168.5337,2000-10-03,124.0,0.0,
-14.6696,145.69579999999996,2000-10-03,127.0,0.0,
-26.5053,153.36400000000003,2000-10-04,96.0,0.0,
-21.8377,114.3562,2000-10-04,195.0,0.0,
-15.003,145.69579999999996,2000-10-04,136.0,0.0,
-14.6696,145.69579999999996,2000-10-04,133.0,0.1,
-14.5029,145.52909999999997,2000-10-04,132.0,0.1,
-16.0032,145.8625,2000-10-05,137.0,0.2,
-14.6696,145.69579999999996,2000-10-05,125.0,0.0,
-14.5029,145.52909999999997,2000-10-05,125.0,0.0,
-26.5053,153.36400000000003,2000-10-06,95.0,0.0,
-26.5053,153.53070000000002,2000-10-06,101.0,0.0,
-17.5035,168.5337,2000-10-06,108.0,0.0,
-14.6696,145.69579999999996,2000-10-06,131.0,0.0,
-34.5069,151.03020000000004,2000-10-07,22.0,0.0,
-34.3402,151.19690000000003,2000-10-07,22.0,0.0,
-34.1735,151.5303,2000-10-07,35.0,0.0,
-34.0068,151.36360000000002,2000-10-07,55.0,0.0,
-33.8401,151.36360000000002,2000-10-07,69.0,0.0,
-33.8401,151.5303,2000-10-07,87.0,0.0,
-33.8401,151.697,2000-10-07,77.0,0.0,
-33.8401,152.19709999999998,2000-10-07,2.0,0.0,
-33.6734,151.36360000000002,2000-10-07,58.0,0.0,
-33.0066,151.697,2000-10-07,348.0,0.0,
-32.8399,152.6972,2000-10-07,37.0,0.0,
-26.5053,153.36400000000003,2000-10-07,58.0,0.0,
-26.5053,153.53070000000002,2000-10-07,53.0,0.0,
-24.5049,153.53070000000002,2000-10-07,88.0,0.0,
-20.5041,116.69,2000-10-07,346.0,0.0,
-20.1707,148.86310000000003,2000-10-07,125.0,0.0,
-20.004,148.86310000000003,2000-10-07,127.0,0.0,
-17.5035,168.5337,2000-10-07,114.0,0.0,
-17.1701,118.35699999999996,2000-10-07,161.0,0.0,
-14.6696,145.69579999999996,2000-10-07,142.0,0.0,
-35.3404,150.8635,2000-10-08,160.0,0.0,
-33.8401,151.5303,2000-10-08,110.0,0.0,
-33.8401,151.8637,2000-10-08,107.0,0.0,
-33.1733,152.19709999999998,2000-10-08,139.0,0.0,
-32.8399,152.6972,2000-10-08,61.0,0.0,
-26.5053,153.36400000000003,2000-10-08,30.0,0.0,
-26.5053,153.53070000000002,2000-10-08,16.0,0.0,
-20.3374,116.69,2000-10-08,97.0,0.0,
-20.1707,149.02980000000002,2000-10-08,128.0,0.0,
-20.1707,149.1965,2000-10-08,128.0,0.0,
-17.5035,122.0244,2000-10-08,264.0,0.0,
-17.5035,168.5337,2000-10-08,113.0,0.0,
-19.1705,150.02999999999997,2000-10-09,98.0,0.0,
-16.8367,146.3626,2000-10-09,130.0,0.0,
-16.3366,146.0292,2000-10-09,133.0,0.0,
-15.3364,145.69579999999996,2000-10-09,136.0,0.0,
-15.5031,145.8625,2000-10-10,141.0,0.0,
-19.3372,149.02980000000002,2000-10-11,125.0,0.0,
-16.3366,146.0292,2000-10-12,132.0,0.0,
-20.1707,148.86310000000003,2000-10-13,58.0,0.0,
-20.1707,149.02980000000002,2000-10-13,72.0,0.0,
-34.8403,150.8635,2000-10-15,207.0,0.0,
-34.0068,151.19690000000003,2000-10-15,257.0,0.0,
-26.5053,153.53070000000002,2000-10-15,138.0,0.0,
-16.3366,146.0292,2000-10-15,139.0,0.1,
-15.8365,145.69579999999996,2000-10-15,100.0,0.0,
-26.5053,153.36400000000003,2000-10-16,99.0,0.0,
-26.5053,153.53070000000002,2000-10-16,94.0,0.0,
-15.5031,145.8625,2000-10-16,114.0,0.2,
-16.67,145.8625,2000-10-17,100.0,0.0,
-16.3366,146.0292,2000-10-17,124.0,0.0,
-16.0032,145.8625,2000-10-17,128.0,0.0,
-15.3364,145.69579999999996,2000-10-17,121.0,0.0,
-14.6696,145.69579999999996,2000-10-17,115.0,0.0,
-26.8387,153.53070000000002,2000-10-18,107.0,0.0,
-24.8383,153.69740000000002,2000-10-18,110.0,0.0,
-14.6696,145.69579999999996,2000-10-18,122.0,0.0,
-26.8387,153.53070000000002,2000-10-19,108.0,0.0,
-26.5053,153.36400000000003,2000-10-19,101.0,0.0,
-24.8383,153.69740000000002,2000-10-19,114.0,0.0,
-24.5049,153.53070000000002,2000-10-19,112.0,0.0,
-14.6696,145.69579999999996,2000-10-19,130.0,0.0,
-14.5029,145.36239999999998,2000-10-19,128.0,0.0,
-26.5053,153.36400000000003,2000-10-20,78.0,0.0,
-26.5053,153.53070000000002,2000-10-20,90.0,0.0,
-24.5049,153.53070000000002,2000-10-20,114.0,0.0,
-21.8377,114.1895,2000-10-20,101.0,0.0,
-21.8377,114.3562,2000-10-20,101.0,0.0,
-14.5029,145.36239999999998,2000-10-20,120.0,0.0,
-34.5069,151.03020000000004,2000-10-21,165.0,0.0,
-32.8399,152.6972,2000-10-21,199.0,0.0,
-26.5053,153.36400000000003,2000-10-21,123.0,0.0,
-26.5053,153.53070000000002,2000-10-21,141.0,0.0,
-24.5049,153.53070000000002,2000-10-21,109.0,0.0,
-21.8377,114.1895,2000-10-21,211.0,0.0,
-21.8377,114.3562,2000-10-21,211.0,0.0,
-19.8373,148.86310000000003,2000-10-21,108.0,0.0,
-16.67,145.8625,2000-10-21,95.0,0.0,
-16.3366,146.0292,2000-10-21,121.0,0.0,
-36.5073,150.19669999999996,2000-10-22,35.0,0.0,
-34.5069,151.03020000000004,2000-10-22,92.0,0.0,
-34.3402,151.19690000000003,2000-10-22,92.0,0.0,
-33.6734,151.697,2000-10-22,98.0,0.0,
-33.34,152.19709999999998,2000-10-22,111.0,0.0,
-30.3394,153.36400000000003,2000-10-22,142.0,0.0,
-29.0058,113.85609999999996,2000-10-22,129.0,0.0,
-21.8377,114.1895,2000-10-22,187.0,0.0,
-21.5043,113.68939999999998,2000-10-22,186.0,0.0,
-16.3366,146.0292,2000-10-22,130.0,0.0,
-16.1699,145.8625,2000-10-22,139.0,0.0,
-14.6696,145.69579999999996,2000-10-22,91.0,0.1,
-11.669,136.69399999999996,2000-10-22,183.0,3.7,
-7.0014,147.86289999999997,2000-10-22,112.0,0.0,
-6.668,147.69619999999998,2000-10-22,110.0,0.2,
-4.5009,146.0292,2000-10-22,68.0,0.4,
-26.5053,153.53070000000002,2000-10-23,84.0,0.0,
-21.8377,114.3562,2000-10-23,196.0,0.0,
-17.5035,168.5337,2000-10-23,126.0,2.7,
-16.3366,146.0292,2000-10-23,91.0,0.1,
-16.1699,145.8625,2000-10-23,105.0,0.2,
-11.669,136.52729999999997,2000-10-23,94.0,0.0,
-32.8399,152.6972,2000-10-24,22.0,0.0,
-24.5049,153.19730000000004,2000-10-24,74.0,0.0,
-21.8377,114.1895,2000-10-24,255.0,0.0,
-21.8377,114.3562,2000-10-24,255.0,0.0,
-21.8377,114.5229,2000-10-24,321.0,0.0,
-21.8377,171.0342,2000-10-24,120.0,0.0,
-21.5043,113.68939999999998,2000-10-24,209.0,0.0,
-20.8375,115.5231,2000-10-24,333.0,0.0,
-16.3366,146.0292,2000-10-24,97.0,0.2,
-12.0024,136.52729999999997,2000-10-24,61.0,0.0,
-21.8377,114.1895,2000-10-25,221.0,0.0,
-21.8377,114.3562,2000-10-25,221.0,0.0,
-21.5043,113.68939999999998,2000-10-25,204.0,0.0,
-16.5033,146.0292,2000-10-25,124.0,0.0,
-14.6696,145.69579999999996,2000-10-25,119.0,0.0,
-21.8377,114.1895,2000-10-26,282.0,0.0,
-21.8377,114.3562,2000-10-26,282.0,0.0,
-21.671,114.02280000000002,2000-10-26,244.0,0.0,
-21.5043,113.68939999999998,2000-10-26,225.0,0.0,
-17.5035,168.5337,2000-10-26,112.0,0.0,
-16.5033,147.1961,2000-10-26,108.0,0.0,
-14.6696,145.36239999999998,2000-10-26,113.0,0.0,
-21.8377,114.1895,2000-10-27,290.0,0.0,
-21.8377,114.3562,2000-10-27,290.0,0.0,
-21.671,114.1895,2000-10-27,290.0,0.0,
-21.5043,113.68939999999998,2000-10-27,268.0,0.0,
-16.3366,146.0292,2000-10-27,143.0,0.0,
-6.668,147.0294,2000-10-27,106.0,0.4,
-26.5053,153.36400000000003,2000-10-28,134.0,0.0,
-26.5053,153.53070000000002,2000-10-28,147.0,0.0,
-21.8377,114.3562,2000-10-28,282.0,0.0,
-19.5039,149.02980000000002,2000-10-28,320.0,0.0,
-16.3366,146.0292,2000-10-28,14.0,0.0,
-20.004,148.86310000000003,2000-10-29,17.0,0.0,
-17.8369,146.1959,2000-10-29,28.0,0.0,
-16.3366,146.0292,2000-10-29,68.0,0.0,
-14.6696,145.36239999999998,2000-10-29,81.0,0.0,
-33.1733,152.0304,2000-10-30,95.0,0.0,
-16.3366,146.0292,2000-10-30,187.0,0.2,
-14.3362,145.52909999999997,2000-10-30,330.0,0.1,
-21.8377,114.5229,2000-10-31,283.0,0.0,
-16.3366,146.0292,2000-10-31,12.0,0.0,
-15.3364,145.69579999999996,2000-10-31,5.0,0.0,
-14.6696,145.36239999999998,2000-10-31,18.0,0.0,
-14.6696,145.69579999999996,2000-10-31,342.0,0.0,
-27.1721,153.19730000000004,2000-11-01,125.0,0.0,
-19.1705,150.02999999999997,2000-11-01,321.0,0.0,
-19.1705,150.02999999999997,2000-11-02,327.0,0.0,
-14.6696,145.36239999999998,2000-11-02,353.0,0.0,
-34.6736,138.52769999999998,2000-11-03,232.0,0.0,
-33.0066,151.697,2000-11-03,99.0,0.0,
-16.67,146.1959,2000-11-03,194.0,0.0,
-16.5033,146.0292,2000-11-03,39.0,0.0,
-16.5033,147.1961,2000-11-03,293.0,0.0,
-16.3366,146.0292,2000-11-03,5.0,0.0,
-16.1699,145.8625,2000-11-03,63.0,0.0,
-5.1677,145.8625,2000-11-03,63.0,0.0,
-36.8407,150.19669999999996,2000-11-04,160.0,0.0,
-34.3402,151.03020000000004,2000-11-04,164.0,0.0,
-34.3402,151.19690000000003,2000-11-04,164.0,0.0,
-33.5067,114.85630000000003,2000-11-04,158.0,0.0,
-33.0066,151.697,2000-11-04,143.0,0.1,
-28.1723,153.53070000000002,2000-11-04,28.0,0.0,
-26.5053,153.53070000000002,2000-11-04,26.0,0.0,
-16.3366,146.0292,2000-11-04,122.0,0.0,
-16.1699,145.8625,2000-11-04,121.0,0.0,
-14.5029,145.52909999999997,2000-11-04,112.0,0.0,
-5.1677,145.8625,2000-11-04,100.0,0.0,
-36.674,151.8637,2000-11-05,185.0,0.0,
-36.5073,150.19669999999996,2000-11-05,130.0,0.0,
-34.8403,150.8635,2000-11-05,116.0,0.1,
-34.8403,151.03020000000004,2000-11-05,116.0,0.0,
-34.6736,138.52769999999998,2000-11-05,203.0,0.0,
-34.0068,151.36360000000002,2000-11-05,100.0,0.0,
-34.0068,151.697,2000-11-05,105.0,0.1,
-33.8401,151.8637,2000-11-05,100.0,0.0,
-33.5067,151.5303,2000-11-05,107.0,0.0,
-33.34,152.0304,2000-11-05,96.0,0.0,
-33.0066,151.8637,2000-11-05,124.0,0.0,
-26.8387,153.53070000000002,2000-11-05,13.0,0.2,
-16.5033,146.0292,2000-11-05,23.0,0.0,
-16.3366,146.0292,2000-11-05,26.0,0.0,
-14.6696,145.36239999999998,2000-11-05,62.0,0.0,
-38.8411,146.52930000000003,2000-11-06,108.0,0.0,
-16.67,146.1959,2000-11-06,8.0,0.0,
-16.3366,146.0292,2000-11-07,72.0,0.0,
-16.3366,146.0292,2000-11-08,37.0,0.0,
-20.1707,117.02339999999998,2000-11-09,258.0,0.0,
-33.5067,151.5303,2000-11-10,75.0,0.0,
-33.0066,151.697,2000-11-10,89.0,0.0,
-20.1707,149.1965,2000-11-10,94.0,0.0,
-16.5033,146.1959,2000-11-10,109.0,0.1,
-14.6696,145.36239999999998,2000-11-10,105.0,0.0,
-35.6738,150.5301,2000-11-11,44.0,0.0,
-35.1737,151.03020000000004,2000-11-11,40.0,0.0,
-34.8403,150.8635,2000-11-11,43.0,0.0,
-34.6736,151.19690000000003,2000-11-11,46.0,0.0,
-16.67,146.1959,2000-11-11,99.0,0.3,
-16.3366,146.0292,2000-11-11,109.0,0.3,
-7.0014,147.69619999999998,2000-11-11,104.0,0.0,
-35.1737,151.03020000000004,2000-11-12,50.0,1.8,
-35.007,151.03020000000004,2000-11-12,60.0,1.2,
-34.0068,151.19690000000003,2000-11-12,75.0,0.5,
-33.0066,151.8637,2000-11-12,76.0,0.1,
-16.5033,146.1959,2000-11-12,111.0,0.8,
-16.3366,146.0292,2000-11-12,118.0,0.7,
-7.0014,147.69619999999998,2000-11-12,69.0,0.0,
-7.0014,147.86289999999997,2000-11-12,69.0,0.0,
-6.668,147.0294,2000-11-12,120.0,0.9,
-6.668,147.52949999999998,2000-11-12,90.0,1.2,
-6.668,147.86289999999997,2000-11-12,77.0,0.6,
-27.1721,153.19730000000004,2000-11-13,52.0,0.4,
-33.0066,151.697,2000-11-15,61.0,0.8,
-24.8383,154.0308,2000-11-15,80.0,0.1,
-16.0032,145.8625,2000-11-15,135.0,1.1,
-35.6738,150.5301,2000-11-16,44.0,0.1,
-35.5071,150.6968,2000-11-16,42.0,0.1,
-35.6738,150.5301,2000-11-17,62.0,0.0,
-35.6738,150.6968,2000-11-17,30.0,0.0,
-34.6736,138.52769999999998,2000-11-17,196.0,0.0,
-29.0058,168.03359999999998,2000-11-17,136.0,0.0,
-16.8367,145.69579999999996,2000-11-17,113.0,0.0,
-16.67,145.8625,2000-11-17,122.0,0.0,
-16.5033,146.0292,2000-11-17,146.0,0.0,
-16.3366,146.0292,2000-11-17,146.0,0.1,
-12.0024,136.52729999999997,2000-11-17,72.0,0.0,
-36.0072,150.3634,2000-11-18,120.0,0.0,
-35.6738,150.6968,2000-11-18,216.0,0.0,
-34.6736,138.52769999999998,2000-11-18,234.0,0.0,
-34.5069,151.03020000000004,2000-11-18,158.0,0.0,
-33.1733,152.19709999999998,2000-11-18,43.0,0.2,
-26.8387,153.53070000000002,2000-11-18,63.0,0.0,
-25.005,153.0306,2000-11-18,83.0,0.0,
-24.8383,153.0306,2000-11-18,83.0,0.0,
-24.6716,153.19730000000004,2000-11-18,81.0,0.0,
-24.6716,153.36400000000003,2000-11-18,81.0,0.0,
-17.1701,146.52930000000003,2000-11-18,136.0,0.1,
-16.3366,146.0292,2000-11-18,151.0,0.0,
-16.1699,145.8625,2000-11-18,149.0,0.0,
-35.8405,150.5301,2000-11-19,76.0,0.0,
-35.6738,150.6968,2000-11-19,76.0,0.0,
-33.5067,151.5303,2000-11-19,311.0,0.3,
-33.5067,151.8637,2000-11-19,331.0,0.5,
-33.0066,151.8637,2000-11-19,153.0,0.7,
-27.0054,153.36400000000003,2000-11-19,23.0,0.0,
-26.8387,153.69740000000002,2000-11-19,13.0,0.0,
-25.005,153.0306,2000-11-19,54.0,0.0,
-24.6716,153.19730000000004,2000-11-19,63.0,0.0,
-24.6716,153.36400000000003,2000-11-19,63.0,0.0,
-24.3382,153.19730000000004,2000-11-19,70.0,0.0,
-16.5033,146.52930000000003,2000-11-19,157.0,0.1,
-14.6696,145.69579999999996,2000-11-19,135.0,0.0,
-4.0008,152.53049999999996,2000-11-19,211.0,0.0,
-3.0006,152.53049999999996,2000-11-19,124.0,0.0,
-25.005,153.0306,2000-11-20,346.0,0.0,
-24.8383,153.0306,2000-11-20,333.0,0.0,
-24.6716,153.19730000000004,2000-11-20,317.0,0.1,
-16.67,146.3626,2000-11-20,345.0,0.0,
-16.5033,146.0292,2000-11-20,339.0,0.0,
-16.5033,147.1961,2000-11-20,342.0,0.0,
-16.1699,145.8625,2000-11-20,6.0,0.0,
-8.8351,144.0288,2000-11-20,216.0,0.7,
-32.8399,152.53049999999996,2000-11-21,150.0,0.0,
-17.5035,168.5337,2000-11-21,75.0,0.0,
-16.5033,146.0292,2000-11-21,352.0,0.0,
-16.5033,147.1961,2000-11-21,332.0,0.0,
-14.6696,145.69579999999996,2000-11-21,343.0,0.0,
-16.5033,146.1959,2000-11-22,344.0,0.0,
-14.6696,145.36239999999998,2000-11-22,356.0,0.0,
-35.6738,150.5301,2000-11-23,151.0,0.0,
-34.0068,151.36360000000002,2000-11-23,29.0,0.0,
-16.5033,147.1961,2000-11-23,138.0,0.0,
-16.1699,145.8625,2000-11-23,127.0,0.0,
-35.1737,151.03020000000004,2000-11-24,144.0,0.0,
-35.007,150.8635,2000-11-24,135.0,0.4,
-35.007,151.03020000000004,2000-11-24,135.0,0.4,
-34.6736,138.52769999999998,2000-11-24,202.0,0.0,
-27.3388,153.53070000000002,2000-11-24,94.0,0.0,
-27.1721,153.19730000000004,2000-11-24,81.0,0.0,
-16.3366,146.0292,2000-11-24,107.0,0.1,
-36.0072,150.3634,2000-11-25,72.0,0.0,
-35.1737,151.03020000000004,2000-11-25,69.0,0.0,
-35.007,151.03020000000004,2000-11-25,90.0,0.0,
-34.8403,151.03020000000004,2000-11-25,86.0,0.0,
-34.6736,151.19690000000003,2000-11-25,74.0,0.0,
-34.0068,151.19690000000003,2000-11-25,90.0,0.0,
-34.0068,151.5303,2000-11-25,92.0,0.0,
-17.5035,168.5337,2000-11-25,350.0,0.0,
-38.8411,146.52930000000003,2000-11-26,235.0,0.0,
-35.1737,151.03020000000004,2000-11-26,26.0,0.0,
-35.007,151.03020000000004,2000-11-26,36.0,0.0,
-34.0068,151.36360000000002,2000-11-26,39.0,0.0,
-32.5065,152.6972,2000-11-26,29.0,0.0,
-32.1731,153.0306,2000-11-26,27.0,0.0,
-31.5063,159.19849999999997,2000-11-26,113.0,0.0,
-26.5053,153.36400000000003,2000-11-26,111.0,0.0,
-17.5035,168.5337,2000-11-26,72.0,0.0,
-31.5063,159.19849999999997,2000-11-27,331.0,0.0,
-24.5049,153.53070000000002,2000-11-28,132.0,0.0,
-33.6734,151.36360000000002,2000-11-29,154.0,0.0,
-27.1721,153.19730000000004,2000-11-29,21.0,0.0,
-16.1699,145.8625,2000-11-29,138.0,0.0,
-36.0072,150.5301,2000-11-30,148.0,0.0,
-33.6734,151.36360000000002,2000-11-30,72.0,0.0,
-16.3366,146.0292,2000-11-30,146.0,0.0,
-36.5073,150.19669999999996,2000-12-02,100.0,0.0,
-35.8405,150.5301,2000-12-02,164.0,0.0,
-33.8401,151.5303,2000-12-02,159.0,0.0,
-33.6734,151.697,2000-12-02,163.0,0.0,
-16.67,146.1959,2000-12-02,151.0,0.0,
-12.3358,137.0274,2000-12-02,15.0,0.6,
-12.1691,136.8607,2000-12-02,19.0,0.4,
-12.0024,136.52729999999997,2000-12-02,31.0,0.7,
-11.669,136.69399999999996,2000-12-02,28.0,0.9,
-34.5069,151.03020000000004,2000-12-03,46.0,0.0,
-34.5069,151.19690000000003,2000-12-03,40.0,0.0,
-34.0068,151.36360000000002,2000-12-03,52.0,0.0,
-33.8401,151.8637,2000-12-03,58.0,0.0,
-33.6734,151.36360000000002,2000-12-03,73.0,0.0,
-33.6734,151.5303,2000-12-03,58.0,0.0,
-33.6734,151.697,2000-12-03,58.0,0.0,
-33.5067,152.0304,2000-12-03,64.0,0.0,
-33.34,152.0304,2000-12-03,76.0,0.0,
-33.1733,152.19709999999998,2000-12-03,76.0,0.0,
-33.0066,151.697,2000-12-03,98.0,0.0,
-31.8397,115.18970000000002,2000-12-03,187.0,0.0,
-26.8387,153.19730000000004,2000-12-03,121.0,0.2,
-26.5053,153.36400000000003,2000-12-03,130.0,0.0,
-21.8377,114.3562,2000-12-03,2.0,0.0,
-12.0024,136.8607,2000-12-03,25.0,0.4,
-11.669,136.69399999999996,2000-12-03,23.0,0.2,
-7.0014,147.86289999999997,2000-12-03,174.0,0.3,
-12.1691,136.8607,2000-12-04,14.0,7.1,
-12.0024,136.52729999999997,2000-12-04,351.0,10.0,
-11.669,136.52729999999997,2000-12-04,14.0,0.9,
-11.669,136.69399999999996,2000-12-04,7.0,1.6,
-31.8397,115.18970000000002,2000-12-05,177.0,0.0,
-12.1691,136.69399999999996,2000-12-05,194.0,1.2,
-12.1691,136.8607,2000-12-05,206.0,1.1,
-11.669,136.69399999999996,2000-12-05,209.0,0.6,
-20.1707,149.5299,2000-12-06,116.0,0.0,
-20.004,148.86310000000003,2000-12-06,113.0,0.0,
-17.5035,168.5337,2000-12-06,203.0,0.2,
-34.6736,138.52769999999998,2000-12-07,239.0,0.0,
-23.8381,152.36379999999997,2000-12-07,114.0,0.0,
-20.1707,149.1965,2000-12-07,122.0,0.0,
-20.004,148.86310000000003,2000-12-07,118.0,0.0,
-18.1703,147.3628,2000-12-07,126.0,0.0,
-17.5035,168.5337,2000-12-07,170.0,0.0,
-16.3366,146.0292,2000-12-07,127.0,0.0,
-16.1699,145.8625,2000-12-07,132.0,0.0,
-33.5067,151.5303,2000-12-08,94.0,0.0,
-33.0066,151.697,2000-12-08,117.0,0.0,
-18.1703,147.3628,2000-12-08,93.0,0.0,
-36.0072,150.3634,2000-12-09,146.0,0.0,
-28.1723,153.53070000000002,2000-12-09,74.0,0.9,
-27.8389,153.69740000000002,2000-12-09,71.0,0.0,
-27.5055,153.53070000000002,2000-12-09,69.0,0.0,
-6.8347,147.0294,2000-12-09,103.0,0.0,
-36.5073,150.19669999999996,2000-12-10,35.0,0.0,
-35.6738,150.5301,2000-12-10,41.0,0.0,
-35.5071,150.8635,2000-12-10,40.0,0.0,
-35.007,150.8635,2000-12-10,48.0,0.0,
-34.8403,150.8635,2000-12-10,49.0,0.0,
-33.6734,151.697,2000-12-10,52.0,0.0,
-33.1733,152.19709999999998,2000-12-10,69.0,0.0,
-28.1723,153.53070000000002,2000-12-10,87.0,0.2,
-27.8389,153.69740000000002,2000-12-10,100.0,0.0,
-26.8387,153.36400000000003,2000-12-10,88.0,0.3,
-16.5033,145.8625,2000-12-10,135.0,0.9,
-7.0014,147.86289999999997,2000-12-10,113.0,0.0,
-32.0064,115.6898,2000-12-11,178.0,0.0,
-27.8389,153.53070000000002,2000-12-11,14.0,0.0,
-25.5051,153.69740000000002,2000-12-11,48.0,0.0,
-24.6716,153.19730000000004,2000-12-11,80.0,0.0,
-35.6738,150.5301,2000-12-13,51.0,0.0,
-24.8383,153.53070000000002,2000-12-13,45.0,0.0,
-33.0066,151.697,2000-12-15,163.0,0.0,
-27.1721,153.19730000000004,2000-12-15,214.0,0.4,
-26.8387,153.53070000000002,2000-12-15,175.0,0.0,
-36.5073,150.19669999999996,2000-12-16,65.0,0.0,
-35.6738,150.5301,2000-12-16,109.0,0.0,
-34.5069,151.03020000000004,2000-12-16,141.0,0.0,
-34.5069,151.19690000000003,2000-12-16,161.0,0.0,
-27.0054,153.53070000000002,2000-12-16,179.0,0.0,
-7.0014,147.86289999999997,2000-12-16,76.0,0.0,
-35.6738,150.5301,2000-12-17,42.0,0.0,
-34.3402,151.19690000000003,2000-12-17,63.0,0.0,
-34.1735,151.36360000000002,2000-12-17,62.0,0.0,
-33.8401,151.36360000000002,2000-12-17,84.0,0.0,
-33.6734,151.36360000000002,2000-12-17,94.0,0.0,
-33.6734,151.697,2000-12-17,77.0,0.0,
-32.6732,152.19709999999998,2000-12-17,126.0,0.0,
-30.8395,153.0306,2000-12-17,160.0,0.0,
-28.1723,153.53070000000002,2000-12-17,129.0,0.0,
-7.0014,147.69619999999998,2000-12-17,84.0,0.0,
-33.0066,151.697,2000-12-18,90.0,0.0,
-18.1703,147.3628,2000-12-18,104.0,3.3,
-16.1699,145.8625,2000-12-18,145.0,0.1,
-28.1723,153.8641,2000-12-19,126.0,0.0,
-27.0054,153.36400000000003,2000-12-19,134.0,0.0,
-27.0054,153.53070000000002,2000-12-19,142.0,0.0,
-18.1703,147.3628,2000-12-19,105.0,0.0,
-28.1723,153.53070000000002,2000-12-20,97.0,0.0,
-27.0054,153.36400000000003,2000-12-20,126.0,0.0,
-27.0054,153.53070000000002,2000-12-20,134.0,0.0,
-27.6722,153.53070000000002,2000-12-21,101.0,0.0,
-26.672,154.0308,2000-12-22,90.0,0.0,
-27.8389,153.53070000000002,2000-12-23,2.0,0.0,
-27.0054,153.36400000000003,2000-12-23,23.0,0.0,
-34.8403,150.8635,2000-12-24,285.0,0.0,
-33.8401,151.697,2000-12-24,13.0,0.0,
-34.5069,151.19690000000003,2000-12-25,31.0,0.0,
-37.0074,150.19669999999996,2000-12-26,132.0,0.0,
-34.8403,150.8635,2000-12-26,324.0,0.0,
-33.8401,151.5303,2000-12-26,61.0,0.0,
-33.0066,152.6972,2000-12-26,210.0,0.0,
-32.8399,152.6972,2000-12-26,202.0,0.0,
-33.8401,151.5303,2000-12-27,116.0,0.0,
-31.0062,153.36400000000003,2000-12-27,9.0,0.0,
-26.3386,153.36400000000003,2000-12-27,18.0,0.0,
-34.8403,150.8635,2000-12-28,140.0,0.0,
-28.1723,153.53070000000002,2000-12-28,285.0,0.5,
-16.5033,146.0292,2000-12-28,351.0,0.1,
-34.6736,137.86090000000002,2000-12-30,105.0,0.0,
-34.0068,151.36360000000002,2000-12-30,137.0,0.0,
-30.8395,153.0306,2000-12-30,54.0,0.0,
-34.8403,150.8635,2000-12-31,149.0,0.0,
-34.6736,137.86090000000002,2000-12-31,82.0,0.0,
-30.8395,153.0306,2000-12-31,161.0,0.0,
-33.8401,151.36360000000002,2001-01-01,64.0,0.0,
-33.0066,151.697,2001-01-01,87.0,0.0,
-31.3396,153.19730000000004,2001-01-01,119.0,0.0,
-20.3374,116.69,2001-01-01,265.0,0.0,
-5.3344,145.8625,2001-01-01,96.0,0.0,
-33.1733,151.697,2001-01-02,63.0,0.0,
-31.3396,153.19730000000004,2001-01-02,36.0,0.0,
-30.8395,153.0306,2001-01-02,48.0,0.0,
-20.3374,116.69,2001-01-02,254.0,0.0,
-34.5069,150.8635,2001-01-03,35.0,0.0,
-33.0066,151.697,2001-01-03,69.0,0.0,
-34.0068,151.5303,2001-01-04,35.0,0.0,
-32.8399,151.8637,2001-01-04,76.0,0.0,
-31.5063,159.19849999999997,2001-01-04,90.0,0.0,
-36.8407,150.19669999999996,2001-01-05,70.0,0.0,
-27.0054,153.36400000000003,2001-01-05,132.0,0.0,
-27.0054,153.53070000000002,2001-01-05,134.0,0.0,
-26.8387,153.36400000000003,2001-01-05,135.0,0.0,
-26.8387,153.53070000000002,2001-01-05,136.0,0.0,
-36.5073,150.19669999999996,2001-01-06,45.0,0.4,
-34.0068,151.19690000000003,2001-01-06,63.0,0.0,
-31.673,159.19849999999997,2001-01-06,97.0,0.0,
-31.3396,153.0306,2001-01-06,76.0,0.0,
-28.1723,153.53070000000002,2001-01-06,128.0,0.0,
-27.0054,153.36400000000003,2001-01-06,145.0,0.0,
-27.0054,153.53070000000002,2001-01-06,150.0,0.0,
-26.8387,153.36400000000003,2001-01-06,150.0,0.0,
-26.8387,153.53070000000002,2001-01-06,152.0,0.0,
-13.336,-171.5343,2001-01-06,26.0,0.2,
-7.0014,147.69619999999998,2001-01-06,144.0,0.1,
-4.6676,145.69579999999996,2001-01-06,8.0,0.0,
-37.0074,150.19669999999996,2001-01-07,27.0,0.0,
-36.5073,150.19669999999996,2001-01-07,34.0,0.5,
-34.5069,151.03020000000004,2001-01-07,69.0,0.0,
-34.0068,151.36360000000002,2001-01-07,90.0,0.0,
-34.0068,151.697,2001-01-07,85.0,0.0,
-33.8401,151.36360000000002,2001-01-07,96.0,0.0,
-33.8401,151.5303,2001-01-07,95.0,0.0,
-33.5067,151.5303,2001-01-07,99.0,0.0,
-33.34,151.697,2001-01-07,99.0,0.0,
-33.0066,151.697,2001-01-07,116.0,0.0,
-32.0064,115.18970000000002,2001-01-07,210.0,0.0,
-31.3396,152.8639,2001-01-07,71.0,0.0,
-31.3396,153.0306,2001-01-07,73.0,0.0,
-31.3396,153.19730000000004,2001-01-07,70.0,0.2,
-31.3396,153.36400000000003,2001-01-07,70.0,0.2,
-31.1729,153.0306,2001-01-07,71.0,0.1,
-31.0062,153.36400000000003,2001-01-07,72.0,0.2,
-30.8395,153.0306,2001-01-07,76.0,0.0,
-26.8387,153.36400000000003,2001-01-07,147.0,0.2,
-26.8387,153.53070000000002,2001-01-07,151.0,0.0,
-19.3372,149.02980000000002,2001-01-07,142.0,0.0,
-16.3366,146.0292,2001-01-07,137.0,0.9,
-7.0014,147.69619999999998,2001-01-07,164.0,0.0,
-20.1707,149.1965,2001-01-08,145.0,0.0,
-20.1707,149.1965,2001-01-09,125.0,0.0,
-19.3372,149.02980000000002,2001-01-09,108.0,0.2,
-36.3406,150.3634,2001-01-10,43.0,0.0,
-31.3396,152.8639,2001-01-10,176.0,0.0,
-31.0062,153.36400000000003,2001-01-10,192.0,0.0,
-27.0054,153.53070000000002,2001-01-10,162.0,0.0,
-16.3366,146.0292,2001-01-10,138.0,0.2,
-34.6736,137.86090000000002,2001-01-11,168.0,0.0,
-32.6732,152.53049999999996,2001-01-11,78.0,0.0,
-32.0064,115.18970000000002,2001-01-11,189.0,0.0,
-31.3396,152.8639,2001-01-11,92.0,0.0,
-31.3396,153.0306,2001-01-11,107.0,0.0,
-31.3396,153.19730000000004,2001-01-11,118.0,0.0,
-31.0062,153.0306,2001-01-11,111.0,0.1,
-30.8395,153.0306,2001-01-11,110.0,0.0,
-36.0072,150.3634,2001-01-12,127.0,0.0,
-35.6738,150.6968,2001-01-12,86.0,0.0,
-33.1733,134.19349999999997,2001-01-12,145.0,0.0,
-33.1733,151.697,2001-01-12,97.0,0.0,
-26.3386,153.53070000000002,2001-01-12,117.0,0.0,
-41.1749,148.5297,2001-01-13,91.0,0.0,
-36.5073,150.19669999999996,2001-01-13,165.0,0.0,
-35.6738,150.19669999999996,2001-01-13,167.0,0.2,
-35.6738,150.5301,2001-01-13,178.0,0.1,
-34.8403,150.8635,2001-01-13,176.0,0.0,
-33.8401,151.36360000000002,2001-01-13,179.0,0.0,
-33.6734,151.36360000000002,2001-01-13,175.0,0.0,
-33.1733,134.19349999999997,2001-01-13,329.0,0.0,
-27.8389,153.69740000000002,2001-01-13,356.0,0.0,
-24.8383,153.69740000000002,2001-01-13,113.0,0.0,
-7.0014,147.69619999999998,2001-01-13,113.0,0.2,
-36.5073,150.19669999999996,2001-01-14,28.0,0.0,
-35.6738,150.5301,2001-01-14,46.0,0.0,
-35.3404,150.5301,2001-01-14,69.0,0.0,
-35.007,150.8635,2001-01-14,62.0,0.0,
-34.8403,150.8635,2001-01-14,59.0,0.0,
-33.8401,151.36360000000002,2001-01-14,86.0,0.0,
-33.8401,151.5303,2001-01-14,86.0,0.0,
-33.1733,152.19709999999998,2001-01-14,111.0,0.0,
-30.8395,153.0306,2001-01-14,84.0,0.0,
-28.0056,153.53070000000002,2001-01-14,40.0,0.0,
-27.5055,153.69740000000002,2001-01-14,26.0,0.0,
-27.0054,153.36400000000003,2001-01-14,53.0,0.0,
-26.5053,153.19730000000004,2001-01-14,82.0,0.0,
-7.0014,147.69619999999998,2001-01-14,122.0,0.0,
-7.0014,147.86289999999997,2001-01-14,122.0,0.0,
-36.5073,150.19669999999996,2001-01-15,138.0,0.0,
-34.3402,154.53089999999997,2001-01-15,349.0,0.0,
-27.0054,153.36400000000003,2001-01-15,40.0,0.0,
-26.8387,153.36400000000003,2001-01-15,43.0,0.0,
-21.671,114.3562,2001-01-15,16.0,0.0,
-16.5033,146.0292,2001-01-15,138.0,0.0,
-35.1737,151.03020000000004,2001-01-16,62.0,0.0,
-33.0066,151.697,2001-01-16,113.0,0.0,
-32.8399,152.6972,2001-01-16,128.0,0.0,
-27.0054,153.53070000000002,2001-01-16,29.0,0.0,
-34.0068,151.5303,2001-01-17,58.0,0.0,
-27.0054,153.36400000000003,2001-01-17,18.0,0.0,
-27.0054,153.53070000000002,2001-01-17,3.0,0.0,
-26.5053,153.36400000000003,2001-01-17,24.0,0.0,
-35.5071,150.6968,2001-01-18,99.0,0.0,
-34.0068,151.5303,2001-01-19,129.0,0.0,
-34.0068,151.5303,2001-01-20,41.0,0.0,
-32.8399,152.6972,2001-01-20,72.0,0.0,
-29.0058,168.03359999999998,2001-01-20,101.0,0.3,
-23.0046,113.68939999999998,2001-01-20,300.0,0.3,
-34.8403,150.8635,2001-01-21,167.0,0.0,
-34.8403,151.03020000000004,2001-01-21,165.0,0.0,
-34.5069,151.19690000000003,2001-01-21,85.0,0.0,
-34.1735,151.03020000000004,2001-01-21,113.0,0.0,
-34.0068,151.5303,2001-01-21,57.0,0.0,
-33.8401,151.36360000000002,2001-01-21,82.0,0.0,
-33.8401,151.697,2001-01-21,46.0,0.0,
-33.6734,151.5303,2001-01-21,65.0,0.0,
-33.5067,151.697,2001-01-21,57.0,0.0,
-33.34,151.697,2001-01-21,85.0,0.0,
-33.34,151.8637,2001-01-21,74.0,0.0,
-33.1733,151.697,2001-01-21,85.0,0.0,
-33.0066,152.0304,2001-01-21,67.0,0.0,
-32.8399,152.6972,2001-01-21,33.0,0.0,
-32.0064,115.6898,2001-01-21,236.0,0.0,
-35.1737,151.03020000000004,2001-01-22,28.0,0.0,
-34.0068,151.36360000000002,2001-01-22,50.0,0.0,
-32.8399,151.8637,2001-01-22,41.0,0.0,
-36.5073,150.19669999999996,2001-01-23,136.0,0.0,
-36.3406,150.3634,2001-01-23,151.0,0.0,
-32.8399,151.8637,2001-01-23,90.0,0.0,
-27.0054,153.53070000000002,2001-01-23,106.0,0.0,
-35.007,151.03020000000004,2001-01-24,38.0,0.0,
-33.34,151.5303,2001-01-24,76.0,0.0,
-26.8387,153.53070000000002,2001-01-24,119.0,0.0,
-36.5073,150.19669999999996,2001-01-25,43.0,0.0,
-27.0054,153.36400000000003,2001-01-25,92.0,0.0,
-27.0054,153.53070000000002,2001-01-25,81.0,0.1,
-26.8387,153.36400000000003,2001-01-25,98.0,0.0,
-19.8373,149.02980000000002,2001-01-25,127.0,0.0,
-12.0024,136.52729999999997,2001-01-25,317.0,0.0,
-36.5073,150.19669999999996,2001-01-26,58.0,0.4,
-33.0066,151.697,2001-01-26,125.0,0.0,
-33.0066,151.8637,2001-01-26,150.0,0.0,
-33.0066,152.0304,2001-01-26,164.0,0.0,
-32.8399,151.8637,2001-01-26,150.0,0.0,
-32.6732,152.53049999999996,2001-01-26,160.0,0.0,
-27.8389,153.36400000000003,2001-01-26,27.0,0.0,
-27.8389,153.53070000000002,2001-01-26,22.0,0.0,
-27.8389,153.69740000000002,2001-01-26,10.0,0.0,
-27.0054,153.36400000000003,2001-01-26,59.0,0.0,
-27.0054,153.53070000000002,2001-01-26,45.0,0.0,
-26.8387,153.19730000000004,2001-01-26,79.0,0.0,
-26.8387,153.36400000000003,2001-01-26,65.0,0.0,
-26.8387,153.53070000000002,2001-01-26,52.0,0.0,
-26.5053,153.36400000000003,2001-01-26,66.0,0.0,
-36.5073,150.19669999999996,2001-01-27,141.0,0.0,
-36.3406,150.3634,2001-01-27,160.0,0.0,
-36.1739,150.19669999999996,2001-01-27,126.0,0.0,
-36.1739,150.3634,2001-01-27,160.0,0.0,
-35.1737,151.03020000000004,2001-01-27,171.0,0.0,
-34.0068,151.36360000000002,2001-01-27,160.0,0.0,
-32.6732,133.8601,2001-01-27,216.0,0.0,
-32.6732,152.53049999999996,2001-01-27,167.0,0.0,
-29.0058,168.03359999999998,2001-01-27,143.0,0.0,
-27.0054,153.36400000000003,2001-01-27,33.0,0.0,
-27.0054,153.53070000000002,2001-01-27,18.0,0.0,
-27.0054,153.8641,2001-01-27,2.0,0.0,
-7.1681,147.1961,2001-01-27,122.0,0.0,
-36.5073,150.19669999999996,2001-01-28,140.0,0.0,
-36.1739,150.19669999999996,2001-01-28,123.0,0.0,
-35.007,150.8635,2001-01-28,149.0,0.2,
-34.6736,151.03020000000004,2001-01-28,144.0,0.0,
-32.6732,133.8601,2001-01-28,161.0,0.0,
-31.3396,153.19730000000004,2001-01-28,156.0,0.2,
-26.5053,153.36400000000003,2001-01-28,28.0,0.0,
-36.5073,150.19669999999996,2001-01-29,51.0,0.0,
-34.8403,150.8635,2001-01-29,31.0,0.2,
-33.8401,151.5303,2001-01-29,52.0,0.0,
-33.1733,151.697,2001-01-29,73.0,0.0,
-32.6732,133.8601,2001-01-29,166.0,0.0,
-11.8357,136.52729999999997,2001-01-29,338.0,0.0,
-27.8389,153.53070000000002,2001-01-30,76.0,0.0,
-19.8373,148.86310000000003,2001-01-30,90.0,0.6,
-36.5073,150.19669999999996,2001-01-31,124.0,0.0,
-35.6738,150.5301,2001-01-31,155.0,0.0,
-16.3366,146.0292,2001-01-31,96.0,0.0,
-36.1739,150.5301,2001-02-01,99.0,0.0,
-36.0072,150.3634,2001-02-01,115.0,0.0,
-35.3404,150.6968,2001-02-01,122.0,0.1,
-35.5071,150.5301,2001-02-02,56.0,0.0,
-35.5071,150.6968,2001-02-02,53.0,0.0,
-35.3404,150.6968,2001-02-02,62.0,0.2,
-35.1737,151.03020000000004,2001-02-02,56.0,0.0,
-35.007,150.8635,2001-02-02,61.0,0.3,
-33.1733,152.19709999999998,2001-02-02,81.0,0.0,
-32.0064,115.6898,2001-02-02,203.0,0.0,
-42.6752,148.363,2001-02-03,38.0,0.0,
-36.5073,150.19669999999996,2001-02-03,24.0,0.0,
-35.5071,150.5301,2001-02-03,46.0,0.0,
-35.5071,150.6968,2001-02-03,39.0,0.0,
-35.3404,150.6968,2001-02-03,44.0,0.0,
-35.007,150.8635,2001-02-03,34.0,0.0,
-33.5067,151.5303,2001-02-03,52.0,0.0,
-33.5067,151.8637,2001-02-03,44.0,0.0,
-33.34,151.697,2001-02-03,52.0,0.0,
-33.1733,152.19709999999998,2001-02-03,40.0,0.0,
-33.0066,151.697,2001-02-03,60.0,0.0,
-33.0066,151.8637,2001-02-03,58.0,0.0,
-33.0066,152.0304,2001-02-03,51.0,0.0,
-32.6732,152.36379999999997,2001-02-03,50.0,0.0,
-32.0064,115.6898,2001-02-03,158.0,0.0,
-31.8397,115.5231,2001-02-03,159.0,0.0,
-36.8407,150.19669999999996,2001-02-04,178.0,0.0,
-35.6738,150.5301,2001-02-04,26.0,0.0,
-35.6738,150.8635,2001-02-04,19.0,0.0,
-35.3404,150.6968,2001-02-04,62.0,0.0,
-35.1737,151.03020000000004,2001-02-04,30.0,0.0,
-35.007,150.8635,2001-02-04,53.0,0.0,
-34.5069,150.8635,2001-02-04,47.0,0.0,
-34.5069,151.03020000000004,2001-02-04,39.0,0.0,
-34.0068,151.8637,2001-02-04,13.0,0.0,
-33.5067,151.8637,2001-02-04,31.0,0.0,
-33.34,151.8637,2001-02-04,40.0,0.0,
-33.1733,152.0304,2001-02-04,29.0,0.0,
-33.1733,152.19709999999998,2001-02-04,19.0,0.0,
-33.0066,151.697,2001-02-04,41.0,0.0,
-33.0066,151.8637,2001-02-04,15.0,0.0,
-33.0066,152.53049999999996,2001-02-04,21.0,0.0,
-33.0066,152.6972,2001-02-04,14.0,0.0,
-32.8399,152.6972,2001-02-04,20.0,0.0,
-32.6732,152.6972,2001-02-04,20.0,0.0,
-33.0066,151.697,2001-02-05,152.0,0.0,
-32.0064,115.6898,2001-02-05,333.0,0.0,
-36.5073,150.19669999999996,2001-02-07,26.0,0.0,
-34.6736,138.52769999999998,2001-02-07,287.0,0.0,
-36.5073,150.19669999999996,2001-02-08,36.0,0.0,
-34.8403,150.8635,2001-02-08,44.0,0.0,
-33.0066,152.0304,2001-02-09,31.0,0.0,
-43.0086,148.1963,2001-02-10,251.0,0.0,
-37.1741,150.3634,2001-02-10,206.0,0.1,
-36.5073,150.19669999999996,2001-02-10,156.0,0.0,
-34.8403,150.8635,2001-02-10,179.0,0.0,
-34.8403,151.03020000000004,2001-02-10,186.0,0.0,
-34.5069,151.19690000000003,2001-02-10,191.0,0.0,
-33.0066,152.0304,2001-02-10,99.0,0.0,
-33.0066,152.53049999999996,2001-02-10,28.0,0.0,
-32.8399,151.8637,2001-02-10,161.0,0.0,
-27.8389,153.36400000000003,2001-02-10,99.0,0.0,
-27.5055,153.8641,2001-02-10,135.0,0.0,
-27.0054,153.36400000000003,2001-02-10,128.0,0.0,
-26.8387,153.19730000000004,2001-02-10,126.0,0.0,
-26.8387,153.36400000000003,2001-02-10,135.0,0.0,
-26.5053,153.36400000000003,2001-02-10,137.0,0.0,
-26.3386,153.53070000000002,2001-02-10,144.0,0.0,
-21.8377,114.5229,2001-02-10,96.0,0.0,
-43.0086,148.1963,2001-02-11,101.0,0.0,
-37.1741,150.3634,2001-02-11,141.0,0.0,
-37.0074,150.3634,2001-02-11,137.0,0.0,
-36.8407,150.19669999999996,2001-02-11,125.0,0.0,
-36.5073,150.19669999999996,2001-02-11,74.0,0.0,
-34.8403,150.8635,2001-02-11,171.0,0.0,
-34.6736,151.03020000000004,2001-02-11,177.0,0.0,
-34.5069,150.8635,2001-02-11,164.0,0.0,
-32.8399,152.6972,2001-02-11,166.0,0.0,
-32.5065,152.36379999999997,2001-02-11,177.0,0.4,
-32.0064,115.6898,2001-02-11,215.0,0.0,
-31.8397,115.5231,2001-02-11,218.0,0.0,
-27.0054,153.36400000000003,2001-02-11,117.0,0.0,
-27.0054,153.53070000000002,2001-02-11,124.0,0.0,
-26.8387,153.36400000000003,2001-02-11,123.0,0.0,
-26.8387,153.53070000000002,2001-02-11,127.0,0.0,
-26.5053,153.36400000000003,2001-02-11,125.0,0.0,
-26.5053,153.53070000000002,2001-02-11,131.0,0.0,
-26.3386,153.53070000000002,2001-02-11,135.0,0.0,
-5.1677,145.8625,2001-02-11,270.0,0.2,
-36.8407,150.19669999999996,2001-02-12,31.0,0.0,
-34.8403,150.8635,2001-02-12,59.0,0.0,
-32.8399,152.6972,2001-02-12,144.0,0.0,
-32.6732,152.53049999999996,2001-02-12,139.0,0.0,
-31.8397,115.3564,2001-02-12,162.0,0.0,
-27.8389,153.36400000000003,2001-02-12,112.0,0.0,
-34.8403,150.8635,2001-02-13,360.0,0.0,
-27.0054,153.36400000000003,2001-02-13,112.0,0.0,
-36.5073,150.19669999999996,2001-02-14,81.0,0.0,
-34.8403,150.8635,2001-02-14,173.0,0.0,
-29.0058,168.03359999999998,2001-02-14,164.0,0.0,
-28.1723,153.53070000000002,2001-02-14,38.0,0.0,
-32.8399,152.53049999999996,2001-02-15,164.0,0.0,
-30.8395,153.0306,2001-02-15,173.0,0.0,
-36.5073,150.19669999999996,2001-02-16,158.0,0.0,
-33.34,152.19709999999998,2001-02-16,165.0,0.0,
-30.8395,153.0306,2001-02-16,178.0,0.0,
-43.0086,148.02959999999996,2001-02-17,187.0,0.0,
-36.8407,150.19669999999996,2001-02-17,150.0,0.0,
-36.5073,150.19669999999996,2001-02-17,98.0,0.0,
-34.8403,150.8635,2001-02-17,163.0,0.0,
-33.8401,151.5303,2001-02-17,155.0,0.0,
-22.5045,166.03319999999997,2001-02-17,144.0,1.5,
-38.5077,145.029,2001-02-18,358.0,0.0,
-38.5077,145.36239999999998,2001-02-18,325.0,0.0,
-37.0074,150.19669999999996,2001-02-18,25.0,0.0,
-36.8407,150.19669999999996,2001-02-18,26.0,0.0,
-36.674,150.3634,2001-02-18,26.0,0.0,
-36.5073,150.19669999999996,2001-02-18,38.0,0.0,
-34.8403,150.8635,2001-02-18,90.0,0.0,
-34.8403,151.03020000000004,2001-02-18,86.0,0.0,
-33.6734,151.36360000000002,2001-02-18,111.0,0.0,
-33.6734,151.697,2001-02-18,117.0,0.0,
-33.5067,151.36360000000002,2001-02-18,111.0,0.0,
-33.34,151.697,2001-02-18,115.0,0.0,
-33.34,152.19709999999998,2001-02-18,138.0,0.0,
-33.0066,151.8637,2001-02-18,127.0,0.0,
-33.0066,152.53049999999996,2001-02-18,146.0,0.0,
-32.8399,151.8637,2001-02-18,127.0,0.0,
-32.8399,152.36379999999997,2001-02-18,145.0,0.0,
-32.6732,152.53049999999996,2001-02-18,150.0,0.0,
-32.5065,152.53049999999996,2001-02-18,145.0,0.0,
-5.1677,145.8625,2001-02-18,270.0,1.8,
-34.8403,150.8635,2001-02-19,54.0,0.0,
-33.0066,151.8637,2001-02-19,129.0,0.0,
-32.6732,152.53049999999996,2001-02-19,134.0,0.0,
-30.8395,153.0306,2001-02-19,154.0,0.0,
-30.8395,153.19730000000004,2001-02-19,154.0,0.0,
-29.0058,168.03359999999998,2001-02-19,153.0,1.0,
-36.674,150.3634,2001-02-20,31.0,0.0,
-34.8403,150.8635,2001-02-20,105.0,0.0,
-33.0066,151.697,2001-02-20,138.0,0.0,
-33.0066,152.53049999999996,2001-02-20,135.0,0.2,
-34.8403,150.8635,2001-02-21,38.0,0.2,
-32.8399,152.6972,2001-02-21,22.0,0.0,
-32.6732,152.36379999999997,2001-02-21,47.0,0.0,
-36.8407,150.19669999999996,2001-02-22,179.0,0.0,
-33.34,152.19709999999998,2001-02-22,146.0,0.0,
-33.1733,152.53049999999996,2001-02-22,127.0,0.0,
-32.6732,152.19709999999998,2001-02-22,141.0,0.0,
-32.6732,152.36379999999997,2001-02-22,141.0,0.0,
-29.0058,168.03359999999998,2001-02-22,90.0,0.0,
-36.5073,150.19669999999996,2001-02-23,33.0,0.0,
-34.8403,150.8635,2001-02-23,63.0,0.0,
-34.8403,151.03020000000004,2001-02-23,67.0,0.0,
-33.6734,151.36360000000002,2001-02-23,133.0,0.0,
-33.34,152.19709999999998,2001-02-23,168.0,0.0,
-33.0066,152.0304,2001-02-23,173.0,0.1,
-32.8399,152.53049999999996,2001-02-23,184.0,0.0,
-32.8399,152.6972,2001-02-23,189.0,0.0,
-32.6732,152.53049999999996,2001-02-23,184.0,0.0,
-32.6732,152.6972,2001-02-23,189.0,0.0,
-29.0058,168.03359999999998,2001-02-23,151.0,0.0,
-27.1721,153.69740000000002,2001-02-23,148.0,0.0,
-27.0054,153.36400000000003,2001-02-23,142.0,0.0,
-26.8387,153.69740000000002,2001-02-23,146.0,0.2,
-24.8383,113.5227,2001-02-23,242.0,0.0,
-36.8407,150.02999999999997,2001-02-24,149.0,0.0,
-36.5073,150.19669999999996,2001-02-24,143.0,0.0,
-34.8403,150.8635,2001-02-24,75.0,0.0,
-34.0068,151.36360000000002,2001-02-24,47.0,0.0,
-33.6734,151.36360000000002,2001-02-24,57.0,0.0,
-33.34,151.697,2001-02-24,58.0,0.0,
-33.0066,151.697,2001-02-24,74.0,0.0,
-33.0066,152.0304,2001-02-24,68.0,0.0,
-33.0066,152.36379999999997,2001-02-24,48.0,0.0,
-33.0066,152.53049999999996,2001-02-24,35.0,0.0,
-32.8399,152.53049999999996,2001-02-24,44.0,0.0,
-32.8399,152.6972,2001-02-24,34.0,0.0,
-32.6732,52.51050000000001,2001-02-24,1.0,0.0,
-32.6732,152.19709999999998,2001-02-24,63.0,0.0,
-32.6732,152.36379999999997,2001-02-24,63.0,0.0,
-32.6732,152.53049999999996,2001-02-24,44.0,0.0,
-32.6732,152.6972,2001-02-24,34.0,0.0,
-32.5065,152.36379999999997,2001-02-24,63.0,0.0,
-32.5065,152.53049999999996,2001-02-24,63.0,0.0,
-32.5065,152.6972,2001-02-24,44.0,0.0,
-32.5065,153.0306,2001-02-24,36.0,0.0,
-32.5065,154.0308,2001-02-24,99.0,0.0,
-32.3398,152.53049999999996,2001-02-24,74.0,0.0,
-32.3398,152.6972,2001-02-24,60.0,0.0,
-32.0064,115.6898,2001-02-24,154.0,0.0,
-30.3394,153.19730000000004,2001-02-24,126.0,0.0,
-30.3394,153.36400000000003,2001-02-24,138.0,0.0,
-27.1721,153.69740000000002,2001-02-24,149.0,0.0,
-26.8387,153.53070000000002,2001-02-24,143.0,0.0,
-26.8387,153.69740000000002,2001-02-24,149.0,0.0,
-26.5053,153.53070000000002,2001-02-24,143.0,0.0,
-24.6716,153.19730000000004,2001-02-24,122.0,0.2,
-38.5077,145.029,2001-02-25,191.0,0.0,
-37.1741,150.3634,2001-02-25,126.0,0.1,
-36.5073,150.19669999999996,2001-02-25,119.0,0.9,
-34.8403,150.8635,2001-02-25,90.0,0.1,
-34.8403,151.19690000000003,2001-02-25,27.0,0.0,
-33.8401,151.8637,2001-02-25,42.0,0.0,
-33.34,151.697,2001-02-25,90.0,0.0,
-33.1733,152.19709999999998,2001-02-25,35.0,0.0,
-33.0066,151.697,2001-02-25,101.0,0.0,
-33.0066,152.0304,2001-02-25,46.0,0.0,
-33.0066,152.36379999999997,2001-02-25,40.0,0.0,
-33.0066,152.53049999999996,2001-02-25,33.0,0.0,
-32.8399,151.8637,2001-02-25,63.0,0.0,
-32.8399,152.53049999999996,2001-02-25,34.0,0.0,
-32.8399,152.6972,2001-02-25,29.0,0.0,
-32.8399,153.36400000000003,2001-02-25,24.0,0.0,
-32.6732,152.19709999999998,2001-02-25,43.0,0.0,
-32.6732,152.36379999999997,2001-02-25,43.0,0.0,
-32.6732,152.53049999999996,2001-02-25,34.0,0.0,
-32.6732,152.6972,2001-02-25,29.0,0.0,
-32.5065,152.36379999999997,2001-02-25,43.0,0.0,
-32.5065,152.53049999999996,2001-02-25,43.0,0.0,
-32.5065,152.6972,2001-02-25,31.0,0.0,
-32.5065,153.0306,2001-02-25,26.0,0.0,
-29.0058,168.03359999999998,2001-02-25,81.0,0.2,
-27.0054,153.53070000000002,2001-02-25,137.0,0.0,
-26.8387,153.69740000000002,2001-02-25,144.0,0.0,
-26.672,153.19730000000004,2001-02-25,103.0,0.0,
-26.5053,153.19730000000004,2001-02-25,103.0,0.0,
-21.5043,114.85630000000003,2001-02-25,16.0,0.1,
-36.674,150.3634,2001-02-26,145.0,0.0,
-36.5073,150.19669999999996,2001-02-26,78.0,0.0,
-36.3406,150.3634,2001-02-26,56.0,0.0,
-34.8403,150.8635,2001-02-26,153.0,0.0,
-33.0066,152.0304,2001-02-26,297.0,0.0,
-33.0066,152.19709999999998,2001-02-26,30.0,0.0,
-32.8399,152.0304,2001-02-26,297.0,0.0,
-32.8399,152.53049999999996,2001-02-26,29.0,0.0,
-32.8399,152.6972,2001-02-26,17.0,0.0,
-32.6732,152.19709999999998,2001-02-26,45.0,0.0,
-32.6732,152.36379999999997,2001-02-26,45.0,0.0,
-32.6732,152.53049999999996,2001-02-26,29.0,0.0,
-32.6732,152.6972,2001-02-26,17.0,0.0,
-32.5065,152.53049999999996,2001-02-26,45.0,0.0,
-32.5065,153.0306,2001-02-26,14.0,0.0,
-32.3398,152.53049999999996,2001-02-26,54.0,0.0,
-37.0074,150.19669999999996,2001-02-27,130.0,0.0,
-36.5073,150.19669999999996,2001-02-27,88.0,0.0,
-34.8403,150.8635,2001-02-27,78.0,0.0,
-34.0068,151.8637,2001-02-27,91.0,0.0,
-33.8401,151.36360000000002,2001-02-27,99.0,0.0,
-33.0066,152.0304,2001-02-27,148.0,0.0,
-32.8399,152.6972,2001-02-27,74.0,0.0,
-32.6732,152.36379999999997,2001-02-27,132.0,0.0,
-32.6732,152.53049999999996,2001-02-27,123.0,0.0,
-28.1723,153.53070000000002,2001-02-27,81.0,0.0,
-27.0054,153.53070000000002,2001-02-27,132.0,0.0,
-26.8387,153.53070000000002,2001-02-27,140.0,0.0,
-33.6734,151.36360000000002,2001-02-28,304.0,0.0,
-33.5067,151.8637,2001-02-28,15.0,0.0,
-33.34,152.19709999999998,2001-02-28,13.0,0.0,
-33.0066,152.0304,2001-02-28,317.0,0.0,
-33.0066,152.53049999999996,2001-02-28,14.0,0.0,
-32.8399,152.53049999999996,2001-02-28,20.0,0.2,
-32.8399,152.6972,2001-02-28,14.0,0.1,
-32.6732,152.19709999999998,2001-02-28,360.0,0.2,
-32.6732,152.36379999999997,2001-02-28,360.0,0.2,
-32.6732,152.53049999999996,2001-02-28,20.0,0.2,
-32.6732,152.6972,2001-02-28,14.0,0.1,
-32.5065,152.36379999999997,2001-02-28,360.0,0.2,
-32.5065,152.53049999999996,2001-02-28,360.0,0.2,
-36.8407,150.19669999999996,2001-03-01,87.0,0.0,
-36.5073,150.19669999999996,2001-03-01,74.0,0.0,
-36.8407,150.19669999999996,2001-03-02,176.0,0.0,
-36.5073,150.19669999999996,2001-03-02,152.0,0.0,
-33.0066,151.697,2001-03-02,118.0,0.1,
-33.0066,152.53049999999996,2001-03-02,85.0,0.7,
-32.8399,152.6972,2001-03-02,81.0,0.0,
-32.6732,152.36379999999997,2001-03-02,92.0,1.8,
-32.6732,152.53049999999996,2001-03-02,90.0,0.1,
-32.6732,152.6972,2001-03-02,81.0,0.0,
-32.5065,152.36379999999997,2001-03-02,92.0,1.8,
-29.0058,168.03359999999998,2001-03-02,130.0,0.0,
-37.0074,150.19669999999996,2001-03-03,93.0,0.0,
-36.8407,150.19669999999996,2001-03-03,98.0,0.2,
-36.5073,150.19669999999996,2001-03-03,95.0,0.0,
-34.8403,150.8635,2001-03-03,137.0,0.5,
-34.0068,151.8637,2001-03-03,130.0,0.0,
-33.8401,152.53049999999996,2001-03-03,139.0,0.0,
-33.34,152.19709999999998,2001-03-03,140.0,0.0,
-33.0066,151.8637,2001-03-03,131.0,0.0,
-33.0066,152.0304,2001-03-03,137.0,0.0,
-33.0066,152.53049999999996,2001-03-03,146.0,0.0,
-32.8399,152.53049999999996,2001-03-03,147.0,0.0,
-32.8399,152.6972,2001-03-03,152.0,0.0,
-32.6732,152.36379999999997,2001-03-03,143.0,0.0,
-32.6732,152.53049999999996,2001-03-03,147.0,0.0,
-32.6732,152.6972,2001-03-03,152.0,0.0,
-32.6732,152.8639,2001-03-03,152.0,0.0,
-32.5065,152.36379999999997,2001-03-03,143.0,0.0,
-32.5065,152.53049999999996,2001-03-03,143.0,0.0,
-32.5065,152.6972,2001-03-03,154.0,0.0,
-32.3398,152.8639,2001-03-03,153.0,0.0,
-32.3398,153.0306,2001-03-03,157.0,0.0,
-31.8397,115.18970000000002,2001-03-03,165.0,0.0,
-30.8395,153.0306,2001-03-03,168.0,0.0,
-26.5053,153.36400000000003,2001-03-03,160.0,0.0,
-36.8407,150.19669999999996,2001-03-04,71.0,0.0,
-36.5073,150.19669999999996,2001-03-04,71.0,0.1,
-34.8403,150.8635,2001-03-04,149.0,0.0,
-33.8401,151.5303,2001-03-04,158.0,0.0,
-33.8401,151.697,2001-03-04,161.0,0.0,
-33.0066,152.0304,2001-03-04,167.0,0.0,
-33.0066,152.53049999999996,2001-03-04,167.0,0.0,
-32.8399,151.8637,2001-03-04,160.0,0.0,
-32.8399,152.19709999999998,2001-03-04,167.0,0.0,
-32.8399,152.6972,2001-03-04,170.0,0.0,
-32.6732,152.19709999999998,2001-03-04,171.0,0.0,
-32.6732,152.36379999999997,2001-03-04,171.0,0.0,
-32.6732,152.53049999999996,2001-03-04,170.0,0.0,
-32.6732,152.6972,2001-03-04,170.0,0.0,
-32.5065,152.36379999999997,2001-03-04,171.0,0.0,
-32.5065,152.53049999999996,2001-03-04,171.0,0.0,
-32.0064,115.18970000000002,2001-03-04,101.0,0.0,
-32.0064,115.6898,2001-03-04,76.0,0.0,
-31.673,115.18970000000002,2001-03-04,100.0,0.0,
-30.8395,153.0306,2001-03-04,188.0,0.0,
-12.1691,136.8607,2001-03-04,314.0,0.0,
-7.0014,147.69619999999998,2001-03-04,111.0,0.1,
-36.8407,150.19669999999996,2001-03-05,122.0,0.0,
-36.5073,150.19669999999996,2001-03-05,126.0,0.0,
-34.8403,150.8635,2001-03-05,143.0,0.2,
-33.0066,152.0304,2001-03-05,164.0,0.0,
-32.0064,115.18970000000002,2001-03-05,63.0,0.0,
-32.0064,115.6898,2001-03-05,44.0,0.0,
-4.8343,146.1959,2001-03-05,309.0,1.1,
-36.5073,150.19669999999996,2001-03-06,125.0,0.2,
-18.1703,147.3628,2001-03-06,141.0,0.0,
-43.1753,148.02959999999996,2001-03-07,168.0,0.0,
-36.5073,150.19669999999996,2001-03-07,62.0,0.2,
-36.5073,150.19669999999996,2001-03-08,103.0,0.2,
-32.6732,152.6972,2001-03-08,117.0,1.4,
-27.1721,153.19730000000004,2001-03-08,229.0,0.0,
-36.5073,150.19669999999996,2001-03-09,65.0,0.1,
-36.3406,150.19669999999996,2001-03-09,70.0,0.2,
-27.8389,153.53070000000002,2001-03-09,40.0,0.0,
-36.5073,150.19669999999996,2001-03-10,31.0,0.0,
-36.5073,150.3634,2001-03-10,12.0,0.0,
-36.3406,150.19669999999996,2001-03-10,36.0,0.0,
-36.1739,150.3634,2001-03-10,16.0,0.0,
-34.8403,150.8635,2001-03-10,38.0,0.0,
-34.8403,151.03020000000004,2001-03-10,38.0,0.2,
-31.8397,115.18970000000002,2001-03-10,111.0,0.0,
-26.5053,153.36400000000003,2001-03-10,153.0,0.2,
-16.5033,146.0292,2001-03-10,138.0,0.0,
-36.674,150.3634,2001-03-11,182.0,0.0,
-36.5073,150.19669999999996,2001-03-11,162.0,0.0,
-35.1737,151.03020000000004,2001-03-11,177.0,0.0,
-33.0066,152.53049999999996,2001-03-11,62.0,0.0,
-32.8399,152.6972,2001-03-11,63.0,0.0,
-32.6732,152.36379999999997,2001-03-11,66.0,4.2,
-32.6732,152.53049999999996,2001-03-11,64.0,0.1,
-32.5065,152.6972,2001-03-11,63.0,0.0,
-30.3394,153.36400000000003,2001-03-11,102.0,0.3,
-29.8393,153.69740000000002,2001-03-11,100.0,0.0,
-28.1723,153.53070000000002,2001-03-11,117.0,0.0,
-13.8361,136.36059999999998,2001-03-11,329.0,0.0,
-41.675,148.86310000000003,2001-03-12,239.0,0.7,
-36.5073,150.19669999999996,2001-03-12,124.0,0.0,
-34.0068,151.697,2001-03-12,343.0,0.6,
-33.0066,152.0304,2001-03-12,308.0,0.2,
-33.0066,152.53049999999996,2001-03-12,330.0,0.9,
-32.8399,152.6972,2001-03-12,330.0,0.7,
-32.6732,152.53049999999996,2001-03-12,327.0,0.4,
-36.8407,150.19669999999996,2001-03-13,180.0,0.0,
-36.5073,150.19669999999996,2001-03-13,67.0,0.0,
-32.8399,152.53049999999996,2001-03-13,138.0,0.0,
-32.8399,152.6972,2001-03-13,144.0,0.0,
-37.0074,150.19669999999996,2001-03-14,143.0,0.0,
-36.5073,150.19669999999996,2001-03-14,43.0,0.0,
-36.1739,150.3634,2001-03-14,27.0,0.0,
-34.8403,150.8635,2001-03-14,49.0,0.0,
-34.0068,151.697,2001-03-14,70.0,0.0,
-33.6734,152.53049999999996,2001-03-14,94.0,0.0,
-33.34,151.697,2001-03-14,76.0,0.0,
-33.0066,152.53049999999996,2001-03-14,95.0,0.0,
-32.8399,152.53049999999996,2001-03-14,96.0,0.0,
-32.8399,152.6972,2001-03-14,103.0,0.0,
-32.6732,152.36379999999997,2001-03-14,91.0,0.0,
-32.6732,152.6972,2001-03-14,103.0,0.0,
-32.5065,152.36379999999997,2001-03-14,91.0,0.0,
-37.0074,150.19669999999996,2001-03-15,17.0,0.0,
-36.8407,150.19669999999996,2001-03-15,19.0,0.0,
-36.5073,150.19669999999996,2001-03-15,23.0,0.0,
-33.6734,151.36360000000002,2001-03-15,53.0,0.0,
-33.0066,152.53049999999996,2001-03-15,46.0,0.0,
-32.8399,152.6972,2001-03-15,51.0,0.0,
-16.5033,146.0292,2001-03-15,134.0,0.1,
-32.5065,152.36379999999997,2001-03-16,40.0,0.0,
-5.1677,145.8625,2001-03-16,225.0,0.9,
-34.5069,151.19690000000003,2001-03-17,286.0,0.3,
-34.0068,151.697,2001-03-17,264.0,0.4,
-33.8401,151.36360000000002,2001-03-17,236.0,0.4,
-33.8401,151.5303,2001-03-17,262.0,0.4,
-33.5067,151.5303,2001-03-17,307.0,0.0,
-33.34,151.697,2001-03-17,307.0,0.0,
-33.34,152.19709999999998,2001-03-17,5.0,1.4,
-33.1733,151.8637,2001-03-17,347.0,0.3,
-33.0066,152.53049999999996,2001-03-17,9.0,2.1,
-32.6732,152.53049999999996,2001-03-17,18.0,1.1,
-32.6732,152.6972,2001-03-17,7.0,0.9,
-32.0064,115.6898,2001-03-17,202.0,0.0,
-28.1723,153.53070000000002,2001-03-17,351.0,0.2,
-28.0056,153.8641,2001-03-17,2.0,0.0,
-27.8389,153.69740000000002,2001-03-17,24.0,0.0,
-27.8389,153.8641,2001-03-17,24.0,0.0,
-27.8389,154.1975,2001-03-17,65.0,0.0,
-27.5055,153.69740000000002,2001-03-17,53.0,0.0,
-27.1721,153.19730000000004,2001-03-17,60.0,0.0,
-7.0014,148.02959999999996,2001-03-17,180.0,0.0,
-36.5073,150.19669999999996,2001-03-18,223.0,0.0,
-36.3406,150.19669999999996,2001-03-18,221.0,0.0,
-36.3406,150.3634,2001-03-18,222.0,0.0,
-34.0068,151.5303,2001-03-18,229.0,0.0,
-33.8401,151.5303,2001-03-18,232.0,0.0,
-33.6734,151.36360000000002,2001-03-18,222.0,0.0,
-33.6734,151.697,2001-03-18,241.0,0.0,
-33.5067,151.5303,2001-03-18,247.0,0.0,
-33.5067,151.697,2001-03-18,252.0,0.0,
-33.5067,151.8637,2001-03-18,252.0,0.0,
-33.5067,152.0304,2001-03-18,256.0,0.0,
-33.34,151.697,2001-03-18,247.0,0.0,
-33.34,152.19709999999998,2001-03-18,261.0,0.0,
-32.8399,152.6972,2001-03-18,251.0,0.0,
-32.6732,152.6972,2001-03-18,251.0,0.0,
-32.0064,115.6898,2001-03-18,204.0,0.0,
-28.0056,153.53070000000002,2001-03-18,330.0,0.0,
-28.0056,153.8641,2001-03-18,335.0,0.0,
-27.8389,153.53070000000002,2001-03-18,333.0,0.0,
-27.8389,153.69740000000002,2001-03-18,329.0,0.0,
-27.8389,153.8641,2001-03-18,329.0,0.0,
-27.8389,154.1975,2001-03-18,319.0,0.0,
-27.6722,153.53070000000002,2001-03-18,333.0,0.0,
-27.3388,153.53070000000002,2001-03-18,333.0,0.0,
-27.1721,153.19730000000004,2001-03-18,321.0,0.0,
-27.0054,153.36400000000003,2001-03-18,344.0,0.0,
-17.5035,168.5337,2001-03-18,85.0,0.0,
-16.5033,145.8625,2001-03-18,117.0,0.1,
-36.1739,150.19669999999996,2001-03-19,195.0,0.1,
-34.0068,151.5303,2001-03-19,259.0,0.0,
-33.6734,151.36360000000002,2001-03-19,270.0,0.0,
-32.0064,115.6898,2001-03-19,188.0,0.0,
-36.8407,150.5301,2001-03-20,2.0,0.0,
-36.5073,150.19669999999996,2001-03-20,57.0,0.0,
-32.0064,115.6898,2000-01-29,40.0,0.0,
-32.0064,115.6898,2000-01-30,235.0,0.0,
-32.0064,115.6898,2000-02-05,100.0,0.0,
-32.0064,115.6898,2000-02-06,70.0,0.0,
-32.0064,115.6898,2000-02-12,94.0,0.0,
-32.0064,115.6898,2000-02-15,157.0,0.0,
-32.0064,115.6898,2000-03-04,112.0,0.0,
-32.0064,115.6898,2000-03-05,89.0,0.0,
-32.0064,115.6898,2000-03-06,78.0,0.0,
-32.0064,115.6898,2000-03-13,124.0,0.0,
-32.0064,115.6898,2000-04-01,195.0,0.0,
-28.8391,113.85609999999996,2000-04-01,168.0,0.0,
-32.0064,115.6898,2000-04-02,205.0,0.0,
-32.0064,115.6898,2000-04-03,100.0,0.0,
-24.8383,113.5227,2000-04-03,148.0,0.0,
-32.0064,115.6898,2000-04-15,151.0,0.0,
-29.0058,113.85609999999996,2000-04-15,135.0,0.0,
-28.8391,113.85609999999996,2000-04-15,134.0,0.0,
-32.0064,115.6898,2000-04-16,99.0,0.0,
-29.0058,113.85609999999996,2000-04-16,145.0,0.0,
-28.8391,113.85609999999996,2000-04-16,147.0,0.0,
-28.8391,113.85609999999996,2000-04-17,152.0,0.0,
-29.0058,113.85609999999996,2000-04-18,142.0,0.0,
-28.8391,113.85609999999996,2000-04-18,144.0,0.0,
-29.0058,113.85609999999996,2000-04-19,136.0,0.0,
-28.8391,113.85609999999996,2000-04-19,139.0,0.0,
-28.8391,113.85609999999996,2000-04-20,100.0,0.2,
-32.0064,115.6898,2000-04-23,33.0,0.0,
-32.0064,115.6898,2000-04-24,3.0,0.0,
-32.0064,115.6898,2000-05-05,30.0,0.0,
-32.0064,115.6898,2000-05-06,15.0,0.0,
-17.5035,122.0244,2000-05-14,118.0,0.0,
-22.0044,113.85609999999996,2000-05-21,82.0,0.0,
-22.0044,113.85609999999996,2000-05-22,59.0,0.0,
-17.5035,122.0244,2000-05-29,106.0,0.0,
-32.0064,115.6898,2000-06-17,70.0,0.0,
-17.5035,122.0244,2000-07-09,123.0,0.0,
-24.8383,113.5227,2000-07-15,3.0,0.0,
-17.5035,122.0244,2000-07-15,152.0,0.0,
-21.671,114.1895,2000-07-16,137.0,0.0,
-17.1701,118.35699999999996,2000-07-22,176.0,0.0,
-17.5035,122.0244,2000-07-23,218.0,0.0,
-20.3374,116.8567,2000-07-31,216.0,0.0,
-20.3374,116.8567,2000-08-02,133.0,0.0,
-20.004,116.8567,2000-08-04,100.0,0.0,
-17.1701,118.35699999999996,2000-08-04,105.0,0.0,
-20.004,116.8567,2000-08-05,98.0,0.0,
-17.1701,118.35699999999996,2000-08-05,108.0,0.0,
-20.5041,116.8567,2000-08-06,47.0,0.0,
-17.1701,118.35699999999996,2000-08-06,150.0,0.0,
-20.5041,116.8567,2000-08-07,103.0,0.0,
-20.3374,116.8567,2000-08-07,123.0,0.0,
-17.1701,118.35699999999996,2000-08-07,162.0,0.0,
-17.5035,122.0244,2000-08-08,128.0,0.0,
-17.5035,122.0244,2000-08-09,132.0,0.0,
-17.5035,122.0244,2000-08-10,143.0,0.0,
-17.5035,122.0244,2000-08-11,126.0,0.0,
-17.5035,122.0244,2000-08-12,155.0,0.0,
-17.5035,122.0244,2000-08-13,184.0,0.0,
-17.5035,122.0244,2000-08-14,189.0,0.0,
-17.5035,122.0244,2000-08-17,227.0,0.0,
-17.5035,122.0244,2000-08-24,210.0,0.0,
-17.5035,122.0244,2000-08-25,182.0,0.0,
-21.671,114.1895,2000-09-04,187.0,0.0,
-21.8377,114.1895,2000-09-05,216.0,0.0,
-21.8377,114.5229,2000-09-07,161.0,0.0,
-21.8377,114.5229,2000-09-08,150.0,0.0,
-17.1701,118.35699999999996,2000-09-24,210.0,0.0,
-17.1701,118.35699999999996,2000-09-29,255.0,0.0,
-19.5039,149.1965,2000-09-30,95.0,0.0,
-17.1701,118.35699999999996,2000-10-07,161.0,0.0,
-20.1707,149.1965,2000-10-08,128.0,0.0,
-17.5035,122.0244,2000-10-08,264.0,0.0,
-21.8377,114.1895,2000-10-20,101.0,0.0,
-21.8377,114.1895,2000-10-21,211.0,0.0,
-29.0058,113.85609999999996,2000-10-22,129.0,0.0,
-21.8377,114.1895,2000-10-22,187.0,0.0,
-21.8377,114.1895,2000-10-24,255.0,0.0,
-21.8377,114.5229,2000-10-24,321.0,0.0,
-21.8377,114.1895,2000-10-25,221.0,0.0,
-21.8377,114.1895,2000-10-26,282.0,0.0,
-21.8377,114.1895,2000-10-27,290.0,0.0,
-21.671,114.1895,2000-10-27,290.0,0.0,
-21.8377,114.5229,2000-10-31,283.0,0.0,
-20.1707,149.1965,2000-11-10,94.0,0.0,
-20.1707,149.1965,2000-12-07,122.0,0.0,
-32.0064,115.6898,2000-12-11,178.0,0.0,
-20.1707,149.1965,2001-01-08,145.0,0.0,
-20.1707,149.1965,2001-01-09,125.0,0.0,
-32.0064,115.6898,2001-01-21,236.0,0.0,
-32.0064,115.6898,2001-02-02,203.0,0.0,
-32.0064,115.6898,2001-02-03,158.0,0.0,
-32.0064,115.6898,2001-02-05,333.0,0.0,
-21.8377,114.5229,2001-02-10,96.0,0.0,
-32.0064,115.6898,2001-02-11,215.0,0.0,
-31.8397,115.3564,2001-02-12,162.0,0.0,
-24.8383,113.5227,2001-02-23,242.0,0.0,
-32.0064,115.6898,2001-02-24,154.0,0.0,
-32.0064,115.6898,2001-03-04,76.0,0.0,
-32.0064,115.6898,2001-03-05,44.0,0.0,
-32.0064,115.6898,2001-03-17,202.0,0.0,
-32.0064,115.6898,2001-03-18,204.0,0.0,
-32.0064,115.6898,2001-03-19,188.0,0.0,
-36.1739,150.19669999999996,2001-03-20,53.0,0.0,
-35.007,150.8635,2001-03-20,20.0,0.0,
-34.8403,150.8635,2001-03-20,360.0,0.0,
-33.8401,151.697,2001-03-20,54.0,0.0,
-33.5067,152.0304,2001-03-20,35.0,0.0,
-28.1723,153.53070000000002,2001-03-20,14.0,0.0,
-37.0074,150.19669999999996,2001-03-21,28.0,0.0,
-36.8407,150.5301,2001-03-21,19.0,0.0,
-33.8401,151.5303,2001-03-21,345.0,0.0,
-33.6734,151.36360000000002,2001-03-21,7.0,0.0,
-32.8399,152.6972,2001-03-21,327.0,0.2,
-36.5073,150.19669999999996,2001-03-22,24.0,0.0,
-36.3406,150.3634,2001-03-22,28.0,0.0,
-35.5071,137.52750000000003,2001-03-22,198.0,0.0,
-35.3404,137.52750000000003,2001-03-22,210.0,0.0,
-34.0068,151.5303,2001-03-22,296.0,0.0,
-36.5073,150.19669999999996,2001-03-23,256.0,0.0,
-35.5071,150.6968,2001-03-23,296.0,0.0,
-35.1737,151.03020000000004,2001-03-23,286.0,0.0,
-35.007,150.8635,2001-03-23,278.0,0.0,
-35.007,151.03020000000004,2001-03-23,278.0,0.0,
-34.8403,150.8635,2001-03-23,272.0,0.0,
-34.8403,151.03020000000004,2001-03-23,276.0,0.0,
-34.0068,151.36360000000002,2001-03-23,300.0,0.0,
-34.0068,151.5303,2001-03-23,311.0,0.0,
-33.8401,151.36360000000002,2001-03-23,300.0,0.0,
-33.8401,151.5303,2001-03-23,312.0,0.0,
-33.8401,151.697,2001-03-23,317.0,0.0,
-32.6732,152.53049999999996,2001-03-23,285.0,0.0,
-27.1721,153.19730000000004,2001-03-23,167.0,0.0,
-27.1721,153.69740000000002,2001-03-23,164.0,0.0,
-27.0054,153.53070000000002,2001-03-23,164.0,0.0,
-26.5053,153.36400000000003,2001-03-23,136.0,0.0,
-7.0014,147.69619999999998,2001-03-23,100.0,0.0,
-43.0086,148.1963,2001-03-24,338.0,0.0,
-42.1751,148.363,2001-03-24,38.0,0.0,
-42.1751,148.5297,2001-03-24,29.0,0.0,
-42.0084,148.363,2001-03-24,31.0,0.0,
-37.0074,150.19669999999996,2001-03-24,47.0,0.0,
-36.5073,150.19669999999996,2001-03-24,49.0,0.0,
-36.3406,150.19669999999996,2001-03-24,51.0,0.0,
-36.3406,150.3634,2001-03-24,43.0,0.0,
-35.1737,151.03020000000004,2001-03-24,330.0,0.0,
-35.007,151.03020000000004,2001-03-24,340.0,0.0,
-35.007,151.19690000000003,2001-03-24,327.0,0.0,
-34.8403,150.8635,2001-03-24,328.0,0.0,
-34.6736,151.19690000000003,2001-03-24,333.0,0.0,
-34.0068,151.5303,2001-03-24,276.0,0.0,
-33.8401,151.36360000000002,2001-03-24,259.0,0.0,
-33.8401,151.5303,2001-03-24,246.0,0.0,
-33.34,151.697,2001-03-24,207.0,0.0,
-33.0066,152.0304,2001-03-24,174.0,0.0,
-33.0066,152.53049999999996,2001-03-24,8.0,0.0,
-32.8399,152.6972,2001-03-24,12.0,0.0,
-32.6732,152.53049999999996,2001-03-24,20.0,0.0,
-32.6732,152.6972,2001-03-24,12.0,0.0,
-32.5065,152.6972,2001-03-24,14.0,0.0,
-28.1723,153.8641,2001-03-24,9.0,0.0,
-27.1721,153.19730000000004,2001-03-24,34.0,0.1,
-27.0054,153.53070000000002,2001-03-24,55.0,0.0,
-26.8387,153.53070000000002,2001-03-24,52.0,0.0,
-26.672,153.19730000000004,2001-03-24,53.0,0.0,
-26.5053,153.36400000000003,2001-03-24,73.0,0.1,
-23.0046,113.68939999999998,2001-03-24,112.0,0.0,
-21.671,114.1895,2001-03-24,92.0,0.0,
-7.0014,147.69619999999998,2001-03-24,129.0,0.6,
-42.1751,148.363,2001-03-25,346.0,0.0,
-37.0074,150.19669999999996,2001-03-25,140.0,0.0,
-36.8407,150.19669999999996,2001-03-25,136.0,0.0,
-36.674,150.3634,2001-03-25,136.0,0.0,
-36.5073,150.19669999999996,2001-03-25,93.0,0.0,
-36.3406,150.3634,2001-03-25,128.0,0.0,
-35.1737,151.03020000000004,2001-03-25,336.0,0.0,
-35.007,150.8635,2001-03-25,357.0,0.0,
-34.8403,150.8635,2001-03-25,356.0,0.3,
-34.8403,151.03020000000004,2001-03-25,357.0,0.0,
-33.1733,152.19709999999998,2001-03-25,349.0,0.6,
-33.0066,151.8637,2001-03-25,37.0,0.3,
-33.0066,152.53049999999996,2001-03-25,6.0,0.8,
-32.8399,152.6972,2001-03-25,270.0,1.1,
-32.6732,152.36379999999997,2001-03-25,111.0,0.1,
-32.6732,152.53049999999996,2001-03-25,69.0,0.5,
-28.0056,153.8641,2001-03-25,359.0,0.0,
-26.672,153.19730000000004,2001-03-25,34.0,0.0,
-26.5053,153.36400000000003,2001-03-25,34.0,0.0,
-26.5053,153.8641,2001-03-25,32.0,0.0,
-7.0014,148.02959999999996,2001-03-25,123.0,0.0,
-5.1677,145.8625,2001-03-25,45.0,1.9,
-36.8407,150.19669999999996,2001-03-26,76.0,0.0,
-36.5073,150.19669999999996,2001-03-26,90.0,0.0,
-32.8399,152.6972,2001-03-26,230.0,0.0,
-32.6732,152.36379999999997,2001-03-26,238.0,0.0,
-36.1739,150.3634,2001-03-27,92.0,0.0,
-33.6734,151.36360000000002,2001-03-27,245.0,0.0,
-26.5053,153.36400000000003,2001-03-27,173.0,0.3,
-34.8403,151.03020000000004,2001-03-28,198.0,0.0,
-32.8399,152.0304,2001-03-28,181.0,0.0,
-32.8399,152.6972,2001-03-28,183.0,0.0,
-32.0064,115.18970000000002,2001-03-28,149.0,0.0,
-38.5077,145.36239999999998,2001-03-29,189.0,0.0,
-36.8407,150.19669999999996,2001-03-29,200.0,0.0,
-34.8403,138.361,2001-03-29,214.0,0.0,
-33.6734,152.53049999999996,2001-03-29,184.0,0.1,
-32.6732,152.19709999999998,2001-03-29,174.0,0.2,
-29.0058,168.03359999999998,2001-03-29,150.0,0.5,
-36.5073,150.19669999999996,2001-03-30,36.0,0.0,
-36.0072,150.19669999999996,2001-03-30,67.0,0.0,
-34.3402,150.8635,2001-03-30,87.0,0.2,
-34.0068,151.5303,2001-03-30,142.0,0.0,
-32.8399,152.6972,2001-03-30,122.0,0.1,
-37.0074,150.19669999999996,2001-03-31,19.0,0.0,
-36.8407,150.19669999999996,2001-03-31,23.0,0.0,
-36.5073,150.19669999999996,2001-03-31,41.0,0.0,
-34.0068,151.5303,2001-03-31,48.0,0.0,
-33.6734,151.36360000000002,2001-03-31,69.0,0.1,
-33.1733,151.697,2001-03-31,74.0,0.1,
-33.1733,152.19709999999998,2001-03-31,84.0,0.0,
-32.6732,152.36379999999997,2001-03-31,81.0,0.0,
-32.6732,152.6972,2001-03-31,97.0,0.0,
-37.0074,150.19669999999996,2001-04-01,5.0,0.0,
-36.674,150.3634,2001-04-01,4.0,0.0,
-36.5073,150.19669999999996,2001-04-01,25.0,0.0,
-35.1737,151.03020000000004,2001-04-01,5.0,0.0,
-34.0068,151.19690000000003,2001-04-01,7.0,0.0,
-34.0068,151.36360000000002,2001-04-01,25.0,0.0,
-34.0068,151.5303,2001-04-01,32.0,0.0,
-34.0068,151.697,2001-04-01,29.0,0.0,
-33.8401,151.5303,2001-04-01,42.0,0.0,
-33.8401,151.697,2001-04-01,38.0,0.0,
-33.6734,151.36360000000002,2001-04-01,45.0,0.0,
-33.5067,151.5303,2001-04-01,61.0,0.0,
-33.34,151.697,2001-04-01,61.0,0.0,
-32.8399,152.53049999999996,2001-04-01,111.0,0.0,
-32.8399,152.6972,2001-04-01,103.0,0.0,
-32.6732,152.53049999999996,2001-04-01,111.0,0.0,
-30.3394,153.19730000000004,2001-04-01,167.0,0.2,
-30.1727,153.36400000000003,2001-04-01,167.0,0.1,
-30.006,153.36400000000003,2001-04-01,158.0,0.2,
-5.1677,145.8625,2001-04-01,66.0,0.0,
-36.5073,150.19669999999996,2001-04-02,181.0,0.0,
-37.0074,150.3634,2001-04-03,131.0,0.0,
-34.3402,150.8635,2001-04-03,120.0,0.0,
-21.5043,114.5229,2001-04-03,109.0,0.0,
-36.5073,150.19669999999996,2001-04-04,52.0,0.0,
-35.1737,151.03020000000004,2001-04-04,8.0,0.0,
-32.0064,115.6898,2001-04-04,322.0,0.0,
-29.3392,113.68939999999998,2001-04-04,131.0,0.0,
-36.5073,150.19669999999996,2001-04-05,58.0,0.0,
-33.8401,151.697,2001-04-05,197.0,0.0,
-33.6734,151.36360000000002,2001-04-05,159.0,0.0,
-32.0064,115.6898,2001-04-05,229.0,0.0,
-31.8397,115.5231,2001-04-05,234.0,0.0,
-42.8419,148.1963,2001-04-06,37.0,0.0,
-33.8401,151.697,2001-04-06,219.0,0.0,
-33.6734,151.36360000000002,2001-04-06,60.0,0.0,
-33.0066,152.53049999999996,2001-04-06,259.0,0.0,
-32.6732,152.36379999999997,2001-04-06,48.0,0.0,
-28.8391,113.85609999999996,2001-04-06,171.0,0.0,
-43.0086,148.02959999999996,2001-04-07,12.0,0.0,
-43.0086,148.1963,2001-04-07,10.0,0.0,
-42.8419,148.1963,2001-04-07,9.0,0.0,
-36.674,150.3634,2001-04-07,21.0,0.0,
-36.5073,150.19669999999996,2001-04-07,29.0,0.0,
-35.007,150.8635,2001-04-07,37.0,0.0,
-34.6736,151.19690000000003,2001-04-07,28.0,0.0,
-34.0068,151.36360000000002,2001-04-07,59.0,0.0,
-33.8401,151.36360000000002,2001-04-07,72.0,0.0,
-33.6734,151.697,2001-04-07,67.0,0.0,
-33.34,151.697,2001-04-07,82.0,0.0,
-33.0066,152.0304,2001-04-07,78.0,0.0,
-33.0066,152.53049999999996,2001-04-07,68.0,0.0,
-32.8399,152.6972,2001-04-07,68.0,0.0,
-5.1677,145.8625,2001-04-07,267.0,0.7,
-4.5009,146.1959,2001-04-07,296.0,0.0,
-43.342,148.02959999999996,2001-04-08,11.0,0.0,
-43.0086,148.02959999999996,2001-04-08,15.0,0.0,
-43.0086,148.1963,2001-04-08,13.0,0.0,
-42.8419,148.1963,2001-04-08,17.0,0.0,
-35.6738,150.5301,2001-04-08,25.0,0.0,
-35.007,151.19690000000003,2001-04-08,13.0,0.0,
-34.0068,151.8637,2001-04-08,15.0,0.1,
-33.0066,151.8637,2001-04-08,38.0,0.0,
-29.1725,113.68939999999998,2001-04-08,121.0,0.0,
-29.0058,113.68939999999998,2001-04-08,121.0,0.0,
-29.0058,113.85609999999996,2001-04-08,121.0,0.0,
-6.668,147.86289999999997,2001-04-08,27.0,0.9,
-5.1677,145.8625,2001-04-08,288.0,0.0,
-4.5009,146.1959,2001-04-08,305.0,0.4,
-43.0086,148.02959999999996,2001-04-09,291.0,0.0,
-43.0086,148.1963,2001-04-09,297.0,0.0,
-42.8419,148.1963,2001-04-09,300.0,0.0,
-36.5073,150.19669999999996,2001-04-09,106.0,0.0,
-29.3392,113.68939999999998,2001-04-09,86.0,0.0,
-29.0058,113.68939999999998,2001-04-09,90.0,0.0,
-29.0058,113.85609999999996,2001-04-09,90.0,0.0,
-21.1709,115.6898,2001-04-09,49.0,0.0,
-5.1677,145.8625,2001-04-09,270.0,3.3,
-37.0074,150.19669999999996,2001-04-10,186.0,0.0,
-29.3392,113.68939999999998,2001-04-10,137.0,0.0,
-29.0058,113.68939999999998,2001-04-10,149.0,0.0,
-29.0058,113.85609999999996,2001-04-10,149.0,0.0,
-21.671,114.02280000000002,2001-04-10,148.0,0.0,
-5.3344,145.8625,2001-04-10,266.0,1.6,
-5.1677,145.8625,2001-04-10,266.0,1.6,
-4.8343,146.1959,2001-04-10,288.0,2.7,
-4.8343,146.69600000000003,2001-04-10,300.0,2.7,
-4.5009,146.1959,2001-04-10,300.0,2.2,
-36.5073,150.19669999999996,2001-04-11,210.0,0.0,
-35.007,151.19690000000003,2001-04-11,296.0,0.0,
-29.0058,113.68939999999998,2001-04-11,155.0,0.0,
-29.0058,113.85609999999996,2001-04-11,155.0,0.0,
-28.6724,113.68939999999998,2001-04-11,154.0,0.0,
-28.5057,113.85609999999996,2001-04-11,154.0,0.0,
-7.0014,147.69619999999998,2001-04-11,117.0,0.2,
-4.8343,146.1959,2001-04-11,298.0,0.4,
-4.5009,146.1959,2001-04-11,302.0,0.5,
-29.1725,113.68939999999998,2001-04-12,193.0,0.0,
-17.5035,168.5337,2001-04-12,297.0,0.6,
-36.5073,150.19669999999996,2001-04-13,153.0,0.0,
-36.1739,150.3634,2001-04-13,184.0,0.0,
-34.0068,151.697,2001-04-13,198.0,0.0,
-33.8401,151.697,2001-04-13,195.0,0.0,
-33.6734,151.36360000000002,2001-04-13,181.0,0.0,
-33.5067,151.5303,2001-04-13,182.0,0.0,
-14.1695,136.36059999999998,2001-04-13,94.0,0.0,
-13.6694,136.69399999999996,2001-04-13,98.0,0.0,
-5.3344,145.8625,2001-04-13,99.0,0.2,
-5.1677,145.8625,2001-04-13,99.0,0.2,
-4.5009,146.1959,2001-04-13,36.0,1.1,
-41.1749,148.5297,2001-04-14,327.0,0.0,
-36.674,150.3634,2001-04-14,17.0,0.0,
-36.5073,150.19669999999996,2001-04-14,28.0,0.0,
-36.3406,150.5301,2001-04-14,15.0,0.0,
-35.007,150.8635,2001-04-14,23.0,0.0,
-34.8403,138.361,2001-04-14,317.0,0.0,
-34.0068,151.36360000000002,2001-04-14,336.0,0.0,
-34.0068,151.5303,2001-04-14,278.0,0.0,
-34.0068,151.697,2001-04-14,239.0,0.0,
-33.8401,151.5303,2001-04-14,254.0,0.0,
-33.8401,151.697,2001-04-14,230.0,0.0,
-33.8401,151.8637,2001-04-14,230.0,0.0,
-33.6734,151.36360000000002,2001-04-14,336.0,0.0,
-33.6734,151.697,2001-04-14,230.0,0.0,
-33.0066,152.0304,2001-04-14,212.0,0.0,
-32.8399,152.6972,2001-04-14,45.0,0.0,
-32.5065,152.36379999999997,2001-04-14,201.0,0.2,
-5.1677,145.8625,2001-04-14,104.0,1.0,
-4.8343,146.1959,2001-04-14,194.0,0.2,
-4.5009,146.1959,2001-04-14,191.0,0.1,
-36.5073,150.19669999999996,2001-04-15,171.0,0.0,
-34.3402,151.03020000000004,2001-04-15,288.0,0.0,
-33.0066,152.0304,2001-04-15,286.0,0.0,
-33.0066,152.53049999999996,2001-04-15,331.0,0.0,
-32.8399,152.6972,2001-04-15,338.0,0.0,
-32.6732,152.53049999999996,2001-04-15,334.0,0.0,
-32.1731,152.8639,2001-04-15,360.0,0.0,
-32.0064,115.18970000000002,2001-04-15,257.0,0.0,
-30.3394,153.36400000000003,2001-04-15,94.0,0.0,
-29.8393,159.03179999999998,2001-04-15,127.0,0.0,
-29.0058,168.03359999999998,2001-04-15,139.0,0.0,
-27.1721,153.19730000000004,2001-04-15,130.0,0.0,
-27.0054,153.36400000000003,2001-04-15,143.0,0.0,
-26.5053,153.8641,2001-04-15,139.0,0.0,
-12.8359,130.1927,2001-04-15,143.0,0.0,
-5.1677,145.8625,2001-04-15,86.0,0.5,
-4.8343,146.1959,2001-04-15,78.0,0.5,
-38.341,141.19489999999996,2001-04-16,231.0,0.0,
-36.5073,150.19669999999996,2001-04-16,90.0,0.0,
-36.3406,150.3634,2001-04-16,80.0,0.0,
-36.3406,150.5301,2001-04-16,76.0,0.0,
-36.1739,150.5301,2001-04-16,76.0,0.0,
-35.3404,150.6968,2001-04-16,62.0,0.0,
-35.007,150.8635,2001-04-16,47.0,0.0,
-34.8403,138.361,2001-04-16,221.0,0.0,
-33.34,152.0304,2001-04-16,354.0,0.0,
-33.0066,151.697,2001-04-16,29.0,0.0,
-32.8399,152.6972,2001-04-16,356.0,0.0,
-30.3394,153.36400000000003,2001-04-16,36.0,0.0,
-27.5055,153.69740000000002,2001-04-16,128.0,0.2,
-4.5009,146.1959,2001-04-16,129.0,0.0,
-33.6734,151.36360000000002,2001-04-17,288.0,0.0,
-33.1733,151.697,2001-04-17,304.0,0.0,
-2.0004,73.5147,2001-04-17,338.0,0.0,
-36.5073,150.19669999999996,2001-04-18,71.0,0.0,
-34.3402,150.8635,2001-04-18,35.0,0.0,
-33.6734,151.36360000000002,2001-04-18,45.0,0.0,
-32.6732,152.36379999999997,2001-04-18,22.0,0.0,
-28.1723,153.53070000000002,2001-04-18,149.0,0.0,
-36.3406,150.3634,2001-04-19,156.0,0.0,
-28.6724,113.68939999999998,2001-04-19,142.0,0.0,
-21.5043,113.68939999999998,2001-04-19,114.0,0.0,
-37.1741,150.3634,2001-04-20,197.0,0.0,
-37.0074,150.19669999999996,2001-04-20,193.0,0.2,
-37.0074,150.3634,2001-04-20,193.0,0.2,
-36.674,150.3634,2001-04-20,193.0,0.4,
-36.3406,150.3634,2001-04-20,189.0,0.4,
-34.8403,138.361,2001-04-20,157.0,0.0,
-26.5053,153.36400000000003,2001-04-20,141.0,0.0,
-12.0024,136.52729999999997,2001-04-20,103.0,0.0,
-36.1739,150.3634,2001-04-21,268.0,2.3,
-26.5053,153.36400000000003,2001-04-21,50.0,0.4,
-19.8373,148.86310000000003,2001-04-21,97.0,0.0,
-35.007,151.03020000000004,2001-04-22,344.0,0.4,
-29.0058,168.03359999999998,2001-04-22,89.0,0.0,
-26.8387,153.53070000000002,2001-04-22,341.0,1.0,
-26.5053,153.36400000000003,2001-04-22,331.0,0.3,
-20.1707,149.02980000000002,2001-04-22,87.0,0.0,
-19.8373,148.86310000000003,2001-04-22,90.0,0.0,
-7.0014,147.69619999999998,2001-04-22,180.0,0.2,
-31.5063,152.8639,2001-04-24,349.0,0.0,
-37.3408,150.3634,2001-04-25,140.0,0.0,
-34.0068,151.36360000000002,2001-04-25,313.0,0.0,
-34.0068,151.5303,2001-04-25,311.0,0.0,
-33.0066,151.697,2001-04-25,312.0,0.0,
-33.0066,151.8637,2001-04-25,308.0,0.0,
-33.0066,153.0306,2001-04-25,306.0,0.0,
-32.5065,152.36379999999997,2001-04-25,336.0,0.0,
-32.5065,152.53049999999996,2001-04-25,336.0,0.0,
-28.0056,153.8641,2001-04-25,17.0,0.0,
-26.8387,153.19730000000004,2001-04-25,59.0,0.0,
-26.8387,153.53070000000002,2001-04-25,124.0,0.0,
-26.672,153.19730000000004,2001-04-25,59.0,0.0,
-20.5041,116.69,2001-04-25,320.0,0.0,
-33.6734,151.36360000000002,2001-04-26,180.0,0.0,
-33.0066,151.697,2001-04-26,215.0,0.0,
-28.0056,153.8641,2001-04-26,10.0,0.0,
-26.8387,153.53070000000002,2001-04-26,11.0,0.0,
-26.672,153.36400000000003,2001-04-26,36.0,0.0,
-26.5053,153.36400000000003,2001-04-26,45.0,0.0,
-26.5053,153.8641,2001-04-26,37.0,0.0,
-17.5035,168.5337,2001-04-26,138.0,0.0,
-34.3402,150.8635,2001-04-27,16.0,0.0,
-33.6734,151.36360000000002,2001-04-27,193.0,0.0,
-33.5067,151.36360000000002,2001-04-27,193.0,0.0,
-26.8387,153.36400000000003,2001-04-27,79.0,0.0,
-26.5053,153.19730000000004,2001-04-27,63.0,0.0,
-26.5053,153.36400000000003,2001-04-27,65.0,0.0,
-26.5053,153.8641,2001-04-27,94.0,0.0,
-36.5073,150.19669999999996,2001-04-28,194.0,0.0,
-36.3406,150.3634,2001-04-28,195.0,0.0,
-35.8405,150.19669999999996,2001-04-28,160.0,0.0,
-33.34,114.85630000000003,2001-04-28,48.0,0.0,
-33.0066,151.697,2001-04-28,179.0,0.3,
-27.8389,154.1975,2001-04-28,186.0,0.0,
-26.5053,153.36400000000003,2001-04-28,154.0,0.1,
-26.5053,153.8641,2001-04-28,164.0,0.0,
-38.341,141.19489999999996,2001-04-29,114.0,0.0,
-35.6738,150.3634,2001-04-29,203.0,0.0,
-35.007,115.3564,2001-04-29,346.0,0.0,
-34.8403,138.361,2001-04-29,90.0,0.0,
-34.0068,151.19690000000003,2001-04-29,186.0,0.0,
-34.0068,151.36360000000002,2001-04-29,188.0,0.0,
-33.8401,151.5303,2001-04-29,185.0,0.0,
-33.6734,151.5303,2001-04-29,185.0,0.0,
-26.5053,153.36400000000003,2001-04-29,152.0,0.2,
-27.1721,153.19730000000004,2001-04-30,131.0,0.0,
-17.5035,168.5337,2001-04-30,118.0,0.0,
-34.0068,151.697,2001-05-01,196.0,0.5,
-38.341,141.19489999999996,2001-05-02,79.0,0.0,
-36.5073,150.19669999999996,2001-05-02,188.0,0.0,
-33.0066,152.0304,2001-05-02,217.0,0.8,
-32.6732,152.53049999999996,2001-05-02,215.0,0.6,
-32.0064,115.6898,2001-05-02,235.0,0.0,
-28.8391,153.8641,2001-05-02,201.0,1.9,
-22.3378,152.6972,2001-05-02,132.0,0.0,
-36.8407,150.19669999999996,2001-05-03,214.0,0.0,
-35.6738,150.5301,2001-05-03,221.0,0.0,
-29.0058,168.03359999999998,2001-05-03,168.0,0.0,
-27.1721,154.0308,2001-05-03,172.0,0.0,
-38.341,141.19489999999996,2001-05-04,287.0,0.0,
-36.8407,150.19669999999996,2001-05-04,9.0,0.0,
-36.5073,150.19669999999996,2001-05-04,35.0,0.0,
-34.8403,138.361,2001-05-04,220.0,0.0,
-33.6734,151.36360000000002,2001-05-04,236.0,0.0,
-27.8389,153.53070000000002,2001-05-04,168.0,0.0,
-34.5069,151.8637,2001-05-05,195.0,0.2,
-33.0066,151.697,2001-05-05,149.0,0.0,
-33.0066,151.8637,2001-05-05,127.0,0.0,
-33.0066,152.0304,2001-05-05,142.0,0.0,
-32.8399,152.6972,2001-05-05,139.0,0.0,
-32.6732,152.36379999999997,2001-05-05,142.0,0.0,
-32.6732,152.53049999999996,2001-05-05,146.0,0.0,
-27.1721,153.69740000000002,2001-05-05,178.0,0.0,
-27.1721,154.0308,2001-05-05,185.0,0.0,
-27.0054,153.53070000000002,2001-05-05,162.0,0.0,
-27.0054,153.8641,2001-05-05,178.0,0.0,
-26.8387,153.69740000000002,2001-05-05,175.0,0.0,
-26.5053,153.19730000000004,2001-05-05,103.0,0.0,
-26.5053,153.36400000000003,2001-05-05,145.0,0.1,
-26.5053,153.8641,2001-05-05,173.0,0.0,
-26.3386,153.36400000000003,2001-05-05,151.0,0.1,
-20.5041,116.5233,2001-05-05,85.0,0.0,
-20.1707,149.02980000000002,2001-05-05,131.0,0.0,
-17.5035,168.5337,2001-05-05,141.0,3.5,
-16.8367,145.69579999999996,2001-05-05,124.0,0.0,
-16.8367,146.0292,2001-05-05,141.0,0.0,
-16.67,145.8625,2001-05-05,129.0,0.0,
-16.67,146.1959,2001-05-05,143.0,0.0,
-16.5033,145.8625,2001-05-05,138.0,0.0,
-16.5033,146.0292,2001-05-05,143.0,0.0,
-38.341,141.19489999999996,2001-05-06,112.0,0.0,
-36.8407,150.19669999999996,2001-05-06,177.0,0.1,
-34.8403,138.361,2001-05-06,157.0,0.0,
-32.6732,152.19709999999998,2001-05-06,225.0,2.3,
-30.3394,153.19730000000004,2001-05-06,207.0,0.1,
-29.0058,168.03359999999998,2001-05-06,252.0,0.0,
-26.8387,153.36400000000003,2001-05-06,263.0,0.0,
-26.672,153.19730000000004,2001-05-06,252.0,0.0,
-20.5041,116.69,2001-05-06,82.0,0.0,
-16.8367,145.69579999999996,2001-05-06,117.0,0.1,
-16.5033,145.8625,2001-05-06,138.0,0.0,
-16.5033,146.0292,2001-05-06,145.0,0.0,
-16.5033,146.52930000000003,2001-05-06,136.0,0.0,
-16.3366,146.0292,2001-05-06,144.0,0.0,
-26.5053,153.53070000000002,2001-05-07,218.0,0.0,
-20.6708,150.19669999999996,2001-05-07,181.0,0.2,
-34.8403,138.361,2001-05-08,330.0,0.0,
-28.6724,113.68939999999998,2001-05-08,75.0,0.0,
-29.0058,113.68939999999998,2001-05-09,350.0,0.0,
-38.341,141.19489999999996,2001-05-12,16.0,0.0,
-37.1741,150.3634,2001-05-12,233.0,0.0,
-37.0074,150.3634,2001-05-12,231.0,0.0,
-36.3406,150.3634,2001-05-12,222.0,0.0,
-34.8403,138.361,2001-05-12,36.0,0.0,
-28.1723,153.53070000000002,2001-05-12,138.0,0.0,
-20.3374,116.69,2001-05-12,203.0,0.0,
-3.0006,152.6972,2001-05-12,247.0,1.0,
-37.0074,150.3634,2001-05-13,215.0,0.0,
-35.007,150.8635,2001-05-13,183.0,0.0,
-34.5069,151.36360000000002,2001-05-13,204.0,0.0,
-34.0068,151.697,2001-05-13,234.0,0.0,
-26.5053,153.36400000000003,2001-05-13,225.0,0.0,
-4.8343,146.1959,2001-05-13,99.0,0.3,
-42.8419,148.1963,2001-05-14,302.0,0.0,
-36.3406,150.3634,2001-05-15,22.0,0.0,
-32.6732,152.36379999999997,2001-05-15,36.0,0.2,
-30.8395,153.0306,2001-05-15,153.0,0.0,
-26.672,153.19730000000004,2001-05-15,113.0,0.0,
-26.5053,153.36400000000003,2001-05-15,121.0,0.0,
-26.5053,153.8641,2001-05-15,104.0,0.0,
-34.8403,138.361,2001-05-16,264.0,0.0,
-36.3406,150.3634,2001-05-17,324.0,0.0,
-29.0058,168.03359999999998,2001-05-18,326.0,0.0,
-42.8419,148.1963,2001-05-19,253.0,0.0,
-36.674,150.3634,2001-05-19,219.0,0.0,
-36.5073,150.19669999999996,2001-05-19,216.0,0.0,
-36.3406,150.3634,2001-05-19,210.0,0.0,
-7.0014,147.69619999999998,2001-05-19,104.0,0.2,
-38.341,141.19489999999996,2001-05-20,256.0,0.0,
-37.0074,150.3634,2001-05-20,237.0,0.0,
-36.674,150.3634,2001-05-20,248.0,0.0,
-36.5073,150.19669999999996,2001-05-20,14.0,0.0,
-36.5073,150.3634,2001-05-20,288.0,0.0,
-36.1739,150.3634,2001-05-20,360.0,0.0,
-34.8403,138.361,2001-05-20,80.0,0.0,
-34.0068,151.8637,2001-05-20,186.0,0.0,
-33.8401,151.697,2001-05-20,182.0,0.0,
-32.0064,115.6898,2001-05-20,297.0,0.1,
-5.5011,146.1959,2001-05-20,349.0,0.6,
-5.1677,145.8625,2001-05-20,98.0,3.0,
-37.0074,150.19669999999996,2001-05-21,224.0,0.0,
-37.0074,150.3634,2001-05-21,224.0,0.0,
-36.674,150.3634,2001-05-21,222.0,0.0,
-36.5073,150.02999999999997,2001-05-21,219.0,0.0,
-36.5073,150.19669999999996,2001-05-21,219.0,0.0,
-36.5073,150.3634,2001-05-21,221.0,0.0,
-36.5073,150.5301,2001-05-21,219.0,0.0,
-36.3406,150.3634,2001-05-21,215.0,0.0,
-36.3406,150.5301,2001-05-21,216.0,0.0,
-36.1739,150.3634,2001-05-21,215.0,0.0,
-26.5053,153.36400000000003,2001-05-21,216.0,0.1,
-42.8419,148.1963,2001-05-22,212.0,0.0,
-38.341,141.19489999999996,2001-05-22,108.0,0.0,
-36.5073,150.19669999999996,2001-05-22,185.0,0.0,
-26.672,153.19730000000004,2001-05-22,176.0,0.0,
-38.341,141.19489999999996,2001-05-23,203.0,0.0,
-34.8403,138.361,2001-05-23,225.0,0.0,
-29.0058,168.03359999999998,2001-05-23,164.0,0.0,
-34.8403,138.361,2001-05-24,340.0,0.0,
-29.0058,168.03359999999998,2001-05-24,18.0,0.0,
-44.3422,148.1963,2001-05-25,230.0,0.0,
-38.341,141.19489999999996,2001-05-25,359.0,0.0,
-36.5073,150.02999999999997,2001-05-25,225.0,0.0,
-36.5073,150.19669999999996,2001-05-25,225.0,0.0,
-36.5073,150.5301,2001-05-25,232.0,0.0,
-36.3406,150.19669999999996,2001-05-25,360.0,0.0,
-26.5053,153.36400000000003,2001-05-25,197.0,0.0,
-26.5053,153.53070000000002,2001-05-25,198.0,0.0,
-24.5049,153.53070000000002,2001-05-25,192.0,0.0,
-43.1753,148.02959999999996,2001-05-26,34.0,0.0,
-41.1749,148.69640000000004,2001-05-26,92.0,0.0,
-38.341,141.19489999999996,2001-05-26,13.0,0.0,
-37.0074,150.19669999999996,2001-05-26,295.0,0.0,
-37.0074,150.3634,2001-05-26,295.0,0.0,
-36.8407,150.19669999999996,2001-05-26,302.0,0.0,
-36.5073,150.19669999999996,2001-05-26,21.0,0.0,
-35.8405,150.6968,2001-05-26,265.0,0.0,
-35.6738,150.5301,2001-05-26,278.0,0.0,
-35.6738,151.03020000000004,2001-05-26,246.0,0.0,
-35.6738,151.19690000000003,2001-05-26,233.0,0.0,
-35.5071,150.8635,2001-05-26,258.0,0.0,
-34.8403,138.361,2001-05-26,273.0,1.0,
-34.6736,151.19690000000003,2001-05-26,240.0,0.0,
-27.0054,153.36400000000003,2001-05-26,268.0,0.0,
-26.5053,153.36400000000003,2001-05-26,276.0,0.0,
-26.5053,153.53070000000002,2001-05-26,256.0,0.0,
-38.341,141.19489999999996,2001-05-27,329.0,0.0,
-37.0074,150.19669999999996,2001-05-27,211.0,0.0,
-36.8407,150.19669999999996,2001-05-27,222.0,0.0,
-36.5073,150.3634,2001-05-27,233.0,0.0,
-35.8405,150.5301,2001-05-27,278.0,0.0,
-35.6738,150.5301,2001-05-27,278.0,0.0,
-35.1737,151.03020000000004,2001-05-27,287.0,0.0,
-34.8403,150.8635,2001-05-27,283.0,0.0,
-34.6736,151.19690000000003,2001-05-27,275.0,0.0,
-33.6734,151.697,2001-05-27,276.0,0.0,
-30.1727,153.19730000000004,2001-05-27,358.0,0.0,
-28.0056,153.53070000000002,2001-05-27,329.0,0.0,
-27.6722,154.0308,2001-05-27,312.0,0.0,
-27.1721,153.36400000000003,2001-05-27,315.0,0.0,
-27.0054,153.36400000000003,2001-05-27,319.0,0.0,
-26.5053,153.36400000000003,2001-05-27,318.0,0.0,
-20.5041,116.69,2001-05-27,93.0,0.0,
-3.0006,152.6972,2001-05-27,151.0,0.9,
-43.1753,148.02959999999996,2001-05-29,345.0,0.0,
-4.8343,146.1959,2001-05-31,138.0,0.1,
-43.1753,148.02959999999996,2001-06-01,327.0,0.0,
-36.674,150.3634,2001-06-01,240.0,0.0,
-35.6738,150.3634,2001-06-01,167.0,0.0,
-36.8407,150.02999999999997,2001-06-02,2.0,0.0,
-36.8407,150.19669999999996,2001-06-02,356.0,0.0,
-33.6734,151.36360000000002,2001-06-02,324.0,0.0,
-33.0066,151.8637,2001-06-02,307.0,0.0,
-26.5053,153.36400000000003,2001-06-02,138.0,0.5,
-5.3344,145.8625,2001-06-02,243.0,0.0,
-36.8407,150.02999999999997,2001-06-03,319.0,0.0,
-36.8407,150.19669999999996,2001-06-03,275.0,0.0,
-36.5073,150.19669999999996,2001-06-03,342.0,0.0,
-34.0068,151.5303,2001-06-03,233.0,0.0,
-33.34,152.19709999999998,2001-06-03,229.0,0.0,
-33.0066,151.697,2001-06-03,213.0,0.0,
-30.3394,153.53070000000002,2001-06-03,314.0,0.0,
-4.6676,145.8625,2001-06-03,72.0,0.2,
-33.6734,151.36360000000002,2001-06-04,270.0,0.0,
-43.0086,148.02959999999996,2001-06-06,276.0,0.2,
-36.8407,150.19669999999996,2001-06-07,13.0,0.0,
-36.3406,150.3634,2001-06-07,16.0,0.0,
-43.0086,148.02959999999996,2001-06-08,332.0,0.0,
-17.5035,168.5337,2001-06-08,120.0,0.0,
-43.0086,148.02959999999996,2001-06-09,157.0,0.0,
-37.0074,150.19669999999996,2001-06-09,313.0,0.0,
-36.8407,150.19669999999996,2001-06-09,330.0,0.0,
-36.674,150.3634,2001-06-09,330.0,0.0,
-36.5073,150.19669999999996,2001-06-09,61.0,0.0,
-36.3406,150.3634,2001-06-09,288.0,0.0,
-36.3406,150.5301,2001-06-09,270.0,0.0,
-36.1739,150.3634,2001-06-09,288.0,0.0,
-34.3402,150.8635,2001-06-09,267.0,0.0,
-32.8399,152.53049999999996,2001-06-09,273.0,0.0,
-32.8399,152.6972,2001-06-09,272.0,0.0,
-27.0054,153.8641,2001-06-09,276.0,0.0,
-26.8387,153.53070000000002,2001-06-09,272.0,0.0,
-19.5039,149.02980000000002,2001-06-09,126.0,0.0,
-7.0014,147.69619999999998,2001-06-09,212.0,0.4,
-6.668,147.0294,2001-06-09,100.0,0.0,
-4.6676,145.69579999999996,2001-06-09,112.0,0.2,
-36.5073,150.19669999999996,2001-06-10,173.0,0.9,
-36.3406,150.3634,2001-06-10,166.0,0.8,
-33.0066,151.697,2001-06-10,262.0,0.0,
-27.0054,153.53070000000002,2001-06-10,217.0,0.0,
-27.0054,153.8641,2001-06-10,212.0,0.0,
-26.8387,153.53070000000002,2001-06-10,208.0,0.0,
-7.0014,147.3628,2001-06-10,102.0,0.4,
-6.668,147.0294,2001-06-10,114.0,0.0,
-36.8407,150.19669999999996,2001-06-11,335.0,0.0,
-36.5073,150.19669999999996,2001-06-11,344.0,0.0,
-36.3406,150.19669999999996,2001-06-11,341.0,0.0,
-32.6732,152.36379999999997,2001-06-11,11.0,0.0,
-27.8389,153.53070000000002,2001-06-11,158.0,0.2,
-23.0046,113.68939999999998,2001-06-11,236.0,0.0,
-36.5073,150.19669999999996,2001-06-12,340.0,0.0,
-36.3406,150.3634,2001-06-12,305.0,0.0,
-17.5035,122.0244,2001-06-12,153.0,0.0,
-36.5073,150.19669999999996,2001-06-13,171.0,0.0,
-36.3406,150.3634,2001-06-13,249.0,0.0,
-17.5035,122.0244,2001-06-13,120.0,0.0,
-24.8383,153.69740000000002,2001-06-14,240.0,0.0,
-17.5035,122.0244,2001-06-15,129.0,0.0,
-23.0046,113.68939999999998,2001-06-16,191.0,0.1,
-17.5035,122.0244,2001-06-16,84.0,0.0,
-17.0034,178.36900000000003,2001-06-16,155.0,0.0,
-4.6676,145.69579999999996,2001-06-16,102.0,0.1,
-38.341,141.19489999999996,2001-06-17,257.0,0.0,
-34.6736,151.19690000000003,2001-06-17,212.0,0.0,
-20.5041,116.69,2001-06-17,89.0,0.0,
-17.5035,122.0244,2001-06-17,110.0,0.0,
-5.3344,145.8625,2001-06-17,124.0,0.0,
-17.0034,178.36900000000003,2001-06-18,145.0,0.0,
-36.5073,150.19669999999996,2001-06-19,342.0,0.0,
-36.3406,150.3634,2001-06-19,348.0,0.0,
-27.0054,153.36400000000003,2001-06-21,247.0,0.0,
-4.8343,146.1959,2001-06-22,157.0,0.7,
-36.3406,150.3634,2001-06-23,259.0,0.0,
-33.6734,151.36360000000002,2001-06-23,270.0,0.0,
-4.8343,146.1959,2001-06-23,143.0,0.9,
-36.1739,150.3634,2001-06-24,342.0,0.0,
-34.8403,151.03020000000004,2001-06-24,343.0,0.0,
-30.3394,153.36400000000003,2001-06-24,349.0,0.0,
-26.5053,153.36400000000003,2001-06-24,155.0,0.3,
-26.3386,154.0308,2001-06-24,113.0,0.0,
-5.3344,145.8625,2001-06-24,169.0,0.4,
-5.1677,145.8625,2001-06-24,169.0,0.4,
-4.8343,146.1959,2001-06-24,143.0,0.5,
-4.8343,146.1959,2001-06-25,84.0,0.0,
-34.0068,151.5303,2001-06-26,274.0,0.0,
-36.5073,150.19669999999996,2001-06-28,156.0,0.0,
-29.0058,168.03359999999998,2001-06-28,198.0,0.0,
-36.8407,150.19669999999996,2001-06-30,220.0,0.0,
-34.6736,151.19690000000003,2001-06-30,201.0,0.0,
-34.0068,151.5303,2001-06-30,195.0,0.0,
-34.0068,151.697,2001-06-30,192.0,0.0,
-30.3394,153.0306,2001-06-30,166.0,0.0,
-17.5035,168.5337,2001-06-30,97.0,3.1,
-17.1701,118.35699999999996,2001-06-30,104.0,0.0,
-7.0014,147.69619999999998,2001-06-30,72.0,0.0,
-4.6676,145.69579999999996,2001-06-30,23.0,0.0,
-35.6738,150.19669999999996,2001-07-01,45.0,0.0,
-35.1737,151.03020000000004,2001-07-01,221.0,0.0,
-33.34,152.19709999999998,2001-07-01,130.0,0.0,
-30.3394,153.36400000000003,2001-07-01,186.0,0.1,
-35.007,150.8635,2001-07-02,171.0,0.0,
-17.5035,168.5337,2001-07-02,129.0,0.0,
-17.5035,168.5337,2001-07-03,270.0,0.0,
-12.1691,136.8607,2001-07-03,106.0,0.1,
-19.0038,147.3628,2001-07-04,156.0,0.0,
-20.5041,116.8567,2001-07-05,82.0,0.0,
-17.5035,168.5337,2001-07-05,237.0,0.0,
-20.1707,116.5233,2001-07-06,91.0,0.0,
-17.8369,122.1911,2001-07-06,95.0,0.0,
-17.5035,121.85770000000002,2001-07-06,127.0,0.0,
-17.5035,168.5337,2001-07-06,260.0,0.0,
-26.8387,153.19730000000004,2001-07-07,268.0,0.0,
-20.3374,116.5233,2001-07-07,105.0,0.0,
-17.5035,168.5337,2001-07-07,276.0,0.0,
-7.0014,147.69619999999998,2001-07-07,144.0,0.4,
-34.0068,151.36360000000002,2001-07-08,308.0,0.0,
-20.3374,116.69,2001-07-08,213.0,0.6,
-17.8369,122.1911,2001-07-08,28.0,0.0,
-12.1691,136.8607,2001-07-08,120.0,0.0,
-7.0014,147.69619999999998,2001-07-08,123.0,0.1,
-35.007,151.03020000000004,2001-07-09,215.0,0.7,
-29.0058,168.03359999999998,2001-07-09,32.0,0.0,
-24.8383,113.5227,2001-07-09,169.0,0.0,
-7.0014,147.69619999999998,2001-07-09,165.0,0.0,
-12.1691,136.8607,2001-07-10,91.0,0.0,
-27.0054,153.53070000000002,2001-07-11,132.0,0.0,
-26.5053,153.36400000000003,2001-07-11,143.0,0.1,
-24.5049,153.19730000000004,2001-07-12,89.0,0.0,
-20.8375,150.3634,2001-07-12,123.0,0.0,
-36.3406,150.3634,2001-07-13,233.0,0.0,
-17.5035,168.5337,2001-07-13,118.0,0.0,
-36.5073,150.19669999999996,2001-07-14,228.0,0.0,
-36.3406,150.3634,2001-07-14,226.0,0.0,
-35.8405,150.5301,2001-07-14,231.0,0.0,
-33.0066,151.697,2001-07-14,253.0,0.0,
-29.0058,168.03359999999998,2001-07-14,270.0,0.0,
-26.5053,153.36400000000003,2001-07-14,307.0,0.0,
-17.5035,168.5337,2001-07-14,121.0,0.0,
-36.3406,150.3634,2001-07-15,309.0,0.0,
-36.1739,150.3634,2001-07-15,309.0,0.0,
-34.0068,151.697,2001-07-15,263.0,0.0,
-19.1705,147.0294,2001-07-15,135.0,0.0,
-18.337,146.69600000000003,2001-07-15,155.0,0.0,
-22.0044,113.85609999999996,2001-07-17,101.0,0.0,
-21.8377,113.85609999999996,2001-07-18,83.0,0.0,
-21.8377,114.02280000000002,2001-07-19,78.0,0.0,
-12.1691,136.8607,2001-07-20,125.0,0.0,
-7.0014,147.69619999999998,2001-07-20,190.0,0.2,
-21.8377,114.02280000000002,2001-07-21,135.0,0.0,
-31.5063,114.1895,2001-07-22,115.0,0.2,
-21.671,114.1895,2001-07-22,116.0,0.0,
-21.5043,114.1895,2001-07-22,124.0,0.0,
-19.6706,148.02959999999996,2001-07-25,97.0,0.2,
-19.0038,147.3628,2001-07-25,90.0,0.1,
-35.6738,150.5301,2001-07-30,173.0,0.0,
-35.6738,150.6968,2001-07-30,158.0,0.0,
-34.3402,150.8635,2001-08-01,292.0,0.0,
-26.5053,153.36400000000003,2001-08-01,163.0,0.0,
-19.0038,147.3628,2001-08-01,129.0,0.0,
-19.0038,147.3628,2001-08-02,117.0,0.0,
-36.5073,150.19669999999996,2001-08-03,36.0,0.0,
-36.3406,150.3634,2001-08-03,14.0,0.0,
-34.6736,151.03020000000004,2001-08-03,20.0,0.0,
-21.5043,114.85630000000003,2001-08-03,155.0,0.0,
-20.6708,116.3566,2001-08-03,207.0,0.0,
-20.5041,116.3566,2001-08-03,167.0,0.0,
-20.5041,116.69,2001-08-03,42.0,0.0,
-20.3374,116.5233,2001-08-03,137.0,0.0,
-20.3374,116.69,2001-08-03,117.0,0.0,
-20.3374,116.8567,2001-08-03,117.0,0.0,
-20.1707,116.5233,2001-08-03,137.0,0.0,
-20.004,116.3566,2001-08-03,144.0,0.0,
-17.1701,118.35699999999996,2001-08-03,45.0,0.0,
-36.5073,150.19669999999996,2001-08-04,18.0,0.0,
-36.3406,150.3634,2001-08-04,2.0,0.0,
-34.0068,151.5303,2001-08-04,349.0,0.0,
-34.0068,151.697,2001-08-04,345.0,0.0,
-33.8401,151.36360000000002,2001-08-04,356.0,0.0,
-33.8401,151.697,2001-08-04,346.0,0.0,
-33.8401,151.8637,2001-08-04,346.0,0.0,
-33.6734,151.36360000000002,2001-08-04,357.0,0.0,
-33.6734,151.697,2001-08-04,346.0,0.0,
-26.5053,153.36400000000003,2001-08-04,57.0,0.0,
-26.5053,153.53070000000002,2001-08-04,57.0,0.0,
-21.5043,114.85630000000003,2001-08-04,138.0,0.0,
-20.5041,116.69,2001-08-04,104.0,0.0,
-20.3374,116.5233,2001-08-04,134.0,0.0,
-20.3374,116.69,2001-08-04,140.0,0.0,
-20.3374,116.8567,2001-08-04,140.0,0.0,
-20.004,116.3566,2001-08-04,147.0,0.0,
-17.5035,168.5337,2001-08-04,110.0,0.0,
-17.1701,118.35699999999996,2001-08-04,194.0,0.0,
-12.1691,136.8607,2001-08-04,119.0,0.0,
-33.8401,151.36360000000002,2001-08-05,334.0,0.0,
-33.8401,151.5303,2001-08-05,329.0,0.0,
-33.8401,151.697,2001-08-05,321.0,0.0,
-33.6734,151.36360000000002,2001-08-05,333.0,0.0,
-33.6734,151.697,2001-08-05,321.0,0.0,
-30.3394,153.36400000000003,2001-08-05,340.0,0.0,
-27.1721,153.36400000000003,2001-08-05,345.0,0.0,
-26.5053,153.36400000000003,2001-08-05,348.0,0.0,
-20.5041,116.5233,2001-08-05,95.0,0.0,
-20.5041,117.02339999999998,2001-08-05,92.0,0.0,
-20.3374,116.5233,2001-08-05,110.0,0.0,
-20.3374,116.8567,2001-08-05,114.0,0.0,
-20.004,116.3566,2001-08-05,121.0,0.0,
-19.0038,147.3628,2001-08-05,119.0,0.0,
-17.1701,118.35699999999996,2001-08-05,152.0,0.0,
-26.5053,153.36400000000003,2001-08-06,341.0,0.0,
-21.5043,114.85630000000003,2001-08-06,177.0,0.0,
-20.8375,116.02319999999996,2001-08-06,210.0,0.0,
-20.6708,116.3566,2001-08-06,210.0,0.0,
-20.5041,116.3566,2001-08-06,204.0,0.0,
-20.5041,116.8567,2001-08-06,212.0,0.0,
-20.5041,117.02339999999998,2001-08-06,185.0,0.0,
-20.3374,116.5233,2001-08-06,195.0,0.0,
-20.3374,116.69,2001-08-06,187.0,0.0,
-20.3374,116.8567,2001-08-06,187.0,0.0,
-20.004,116.3566,2001-08-06,188.0,0.0,
-20.004,148.86310000000003,2001-08-06,243.0,0.0,
-19.0038,147.3628,2001-08-06,141.0,0.0,
-17.5035,168.5337,2001-08-06,117.0,0.1,
-17.1701,118.35699999999996,2001-08-06,172.0,0.0,
-33.34,152.19709999999998,2001-08-07,295.0,0.0,
-26.5053,153.53070000000002,2001-08-07,224.0,0.0,
-20.5041,116.5233,2001-08-07,90.0,0.0,
-19.0038,147.1961,2001-08-07,273.0,0.0,
-19.0038,147.3628,2001-08-07,273.0,0.0,
-27.8389,153.36400000000003,2001-08-08,306.0,0.0,
-20.5041,116.69,2001-08-08,71.0,0.0,
-19.0038,147.3628,2001-08-08,162.0,0.0,
-12.3358,130.85950000000005,2001-08-08,75.0,0.0,
-17.5035,121.85770000000002,2001-08-09,2.0,0.0,
-26.5053,153.36400000000003,2001-08-10,297.0,0.0,
-35.8405,150.5301,2001-08-11,330.0,0.0,
-35.8405,150.6968,2001-08-11,323.0,0.0,
-35.6738,150.5301,2001-08-11,330.0,0.0,
-34.6736,151.19690000000003,2001-08-11,326.0,0.0,
-34.3402,151.03020000000004,2001-08-11,330.0,0.0,
-27.5055,155.1977,2001-08-11,159.0,0.0,
-26.5053,153.36400000000003,2001-08-11,118.0,0.0,
-26.5053,153.53070000000002,2001-08-11,114.0,0.0,
-20.5041,116.8567,2001-08-11,16.0,0.0,
-17.5035,119.35720000000003,2001-08-11,285.0,0.0,
-5.1677,145.8625,2001-08-11,144.0,0.0,
-35.8405,150.5301,2001-08-12,6.0,0.0,
-35.6738,150.5301,2001-08-12,6.0,0.0,
-35.1737,151.03020000000004,2001-08-12,16.0,0.0,
-27.5055,155.1977,2001-08-12,135.0,0.0,
-26.8387,153.69740000000002,2001-08-12,141.0,0.0,
-19.0038,147.3628,2001-08-12,115.0,0.0,
-17.1701,167.5335,2001-08-12,118.0,0.0,
-12.0024,136.52729999999997,2001-08-12,121.0,0.0,
-6.668,147.0294,2001-08-12,65.0,0.0,
-6.668,147.86289999999997,2001-08-12,221.0,0.0,
-5.1677,145.8625,2001-08-12,85.0,0.1,
-12.1691,136.8607,2001-08-13,125.0,0.0,
-17.6702,121.85770000000002,2001-08-14,36.0,0.0,
-20.1707,116.5233,2001-08-18,105.0,0.0,
-19.0038,147.3628,2001-08-18,288.0,0.0,
-16.67,146.0292,2001-08-18,172.0,0.0,
-12.3358,130.85950000000005,2001-08-18,109.0,0.0,
-30.3394,153.36400000000003,2001-08-19,18.0,0.0,
-26.5053,153.53070000000002,2001-08-19,234.0,0.0,
-20.004,148.86310000000003,2001-08-19,131.0,0.0,
-19.0038,147.3628,2001-08-19,182.0,0.0,
-29.0058,168.03359999999998,2001-08-20,289.0,0.0,
-21.5043,114.5229,2001-08-20,54.0,0.0,
-20.1707,116.5233,2001-08-20,95.0,0.0,
-17.5035,119.35720000000003,2001-08-20,108.0,0.0,
-17.5035,119.35720000000003,2001-08-21,99.0,0.0,
-19.0038,147.3628,2001-08-22,155.0,0.0,
-17.5035,119.35720000000003,2001-08-22,98.0,0.0,
-19.0038,147.3628,2001-08-23,144.0,0.0,
-17.5035,119.35720000000003,2001-08-23,106.0,0.0,
-26.5053,153.36400000000003,2001-08-24,118.0,0.0,
-17.5035,119.35720000000003,2001-08-24,156.0,0.0,
-30.3394,153.36400000000003,2001-08-25,3.0,0.0,
-26.5053,153.36400000000003,2001-08-25,40.0,0.0,
-19.0038,147.3628,2001-08-25,71.0,0.0,
-17.5035,119.35720000000003,2001-08-25,199.0,0.0,
-16.5033,145.8625,2001-08-26,86.0,0.0,
-19.0038,147.3628,2001-08-27,191.0,0.0,
-17.5035,121.85770000000002,2001-08-27,129.0,0.0,
-17.0034,179.964,2001-08-27,58.0,0.0,
-4.8343,146.1959,2001-08-27,128.0,0.0,
-19.0038,147.3628,2001-08-28,171.0,0.0,
-17.5035,121.85770000000002,2001-08-28,153.0,0.0,
-19.0038,147.3628,2001-08-29,180.0,0.0,
-17.5035,121.85770000000002,2001-08-29,23.0,0.0,
-17.5035,168.5337,2001-08-29,143.0,2.0,
-17.5035,121.85770000000002,2001-08-30,213.0,0.0,
-17.5035,168.5337,2001-08-30,345.0,0.0,
-19.0038,147.3628,2001-08-31,324.0,0.0,
-17.5035,121.85770000000002,2001-08-31,139.0,0.0,
-17.5035,168.5337,2001-09-01,200.0,0.0,
-34.3402,151.19690000000003,2001-09-02,312.0,0.0,
-30.3394,153.36400000000003,2001-09-02,349.0,0.0,
-19.1705,147.0294,2001-09-02,159.0,0.0,
-19.0038,147.3628,2001-09-02,159.0,0.0,
-27.0054,153.8641,2001-09-03,258.0,0.0,
-19.8373,148.86310000000003,2001-09-03,152.0,0.0,
-19.0038,147.3628,2001-09-03,140.0,0.0,
-34.0068,151.5303,2001-09-04,243.0,0.0,
-30.3394,153.36400000000003,2001-09-04,122.0,0.0,
-20.004,148.86310000000003,2001-09-04,36.0,0.0,
-19.8373,148.86310000000003,2001-09-04,104.0,0.0,
-19.1705,147.0294,2001-09-04,48.0,0.0,
-19.0038,147.3628,2001-09-04,135.0,0.0,
-27.1721,153.69740000000002,2001-09-05,236.0,0.0,
-24.3382,153.36400000000003,2001-09-05,14.0,0.0,
-20.1707,149.3632,2001-09-05,178.0,0.0,
-19.8373,148.86310000000003,2001-09-05,150.0,0.0,
-19.1705,147.0294,2001-09-05,166.0,0.0,
-19.0038,147.3628,2001-09-05,167.0,0.0,
-18.8371,147.1961,2001-09-05,170.0,0.0,
-18.8371,147.69619999999998,2001-09-05,177.0,0.0,
-34.0068,151.5303,2001-09-06,78.0,0.0,
-19.1705,147.0294,2001-09-06,77.0,0.0,
-19.0038,147.3628,2001-09-06,114.0,0.0,
-18.8371,147.1961,2001-09-06,122.0,0.0,
-26.5053,153.36400000000003,2001-09-07,63.0,0.0,
-26.5053,153.53070000000002,2001-09-07,63.0,0.0,
-16.5033,146.0292,2001-09-07,138.0,0.0,
-29.0058,168.03359999999998,2001-09-08,133.0,0.0,
-27.0054,153.53070000000002,2001-09-08,344.0,0.0,
-26.8387,153.69740000000002,2001-09-08,344.0,0.0,
-26.5053,153.53070000000002,2001-09-08,348.0,0.0,
-17.6702,146.3626,2001-09-08,84.0,0.0,
-5.1677,145.8625,2001-09-08,79.0,0.1,
-34.0068,151.36360000000002,2001-09-09,261.0,0.2,
-30.3394,153.36400000000003,2001-09-09,344.0,0.0,
-27.0054,153.8641,2001-09-09,260.0,0.0,
-20.5041,116.8567,2001-09-09,323.0,0.0,
-5.1677,145.8625,2001-09-09,162.0,0.0,
-18.8371,147.1961,2001-09-10,100.0,0.0,
-30.3394,153.19730000000004,2001-09-11,24.0,0.0,
-30.3394,153.36400000000003,2001-09-11,3.0,0.0,
-29.0058,168.03359999999998,2001-09-13,325.0,0.0,
-19.0038,147.3628,2001-09-13,39.0,0.0,
-17.5035,122.0244,2001-09-13,134.0,0.0,
-19.0038,147.3628,2001-09-14,340.0,0.0,
-17.5035,146.3626,2001-09-14,33.0,0.0,
-17.5035,146.52930000000003,2001-09-14,16.0,0.0,
-34.8403,151.19690000000003,2001-09-15,11.0,0.0,
-34.6736,151.19690000000003,2001-09-15,11.0,0.0,
-34.5069,151.03020000000004,2001-09-15,27.0,0.0,
-34.5069,151.36360000000002,2001-09-15,14.0,0.0,
-34.3402,151.03020000000004,2001-09-15,27.0,0.0,
-34.3402,151.19690000000003,2001-09-15,27.0,0.0,
-34.1735,151.5303,2001-09-15,347.0,0.0,
-34.0068,151.697,2001-09-15,318.0,0.0,
-33.8401,151.36360000000002,2001-09-15,360.0,0.0,
-30.8395,153.0306,2001-09-15,132.0,0.0,
-30.3394,153.36400000000003,2001-09-15,149.0,0.0,
-26.5053,153.53070000000002,2001-09-15,147.0,0.1,
-19.0038,147.3628,2001-09-15,162.0,0.0,
-17.5035,146.3626,2001-09-15,152.0,0.0,
-6.668,147.0294,2001-09-15,113.0,0.2,
-34.6736,151.03020000000004,2001-09-16,7.0,0.0,
-34.5069,151.03020000000004,2001-09-16,358.0,0.0,
-34.3402,151.03020000000004,2001-09-16,358.0,0.0,
-34.3402,151.5303,2001-09-16,347.0,0.0,
-34.0068,151.5303,2001-09-16,349.0,0.0,
-34.0068,151.697,2001-09-16,340.0,0.0,
-33.8401,151.36360000000002,2001-09-16,357.0,0.0,
-33.8401,151.5303,2001-09-16,355.0,0.0,
-33.8401,151.697,2001-09-16,340.0,0.0,
-33.6734,151.36360000000002,2001-09-16,336.0,0.0,
-33.1733,152.19709999999998,2001-09-16,349.0,0.0,
-32.6732,152.36379999999997,2001-09-16,344.0,0.0,
-31.3396,153.19730000000004,2001-09-16,19.0,0.0,
-30.8395,153.0306,2001-09-16,31.0,0.0,
-30.3394,153.36400000000003,2001-09-16,18.0,0.0,
-22.3378,153.0306,2001-09-16,129.0,0.0,
-21.5043,114.68959999999998,2001-09-16,242.0,0.0,
-19.0038,147.3628,2001-09-16,113.0,0.1,
-17.1701,118.35699999999996,2001-09-16,114.0,0.0,
-12.1691,136.8607,2001-09-16,124.0,0.0,
-5.1677,145.8625,2001-09-16,45.0,0.0,
-30.3394,153.36400000000003,2001-09-19,63.0,0.0,
-30.3394,153.53070000000002,2001-09-19,65.0,0.0,
-15.6698,145.69579999999996,2001-09-19,134.0,0.1,
-30.3394,153.36400000000003,2001-09-20,28.0,0.0,
-20.3374,115.5231,2001-09-20,285.0,0.0,
-15.5031,145.69579999999996,2001-09-21,143.0,0.0,
-36.0072,150.3634,2001-09-22,36.0,0.0,
-35.6738,150.5301,2001-09-22,72.0,0.0,
-34.6736,151.19690000000003,2001-09-22,22.0,0.0,
-33.34,152.19709999999998,2001-09-22,39.0,0.0,
-30.8395,153.0306,2001-09-22,100.0,0.0,
-30.3394,153.36400000000003,2001-09-22,127.0,0.0,
-30.3394,153.53070000000002,2001-09-22,129.0,0.0,
-30.3394,153.69740000000002,2001-09-22,125.0,0.0,
-30.006,153.53070000000002,2001-09-22,130.0,0.0,
-7.0014,147.69619999999998,2001-09-22,278.0,1.3,
-35.1737,151.03020000000004,2001-09-23,20.0,0.0,
-34.6736,151.19690000000003,2001-09-23,15.0,0.0,
-34.5069,151.19690000000003,2001-09-23,18.0,0.0,
-33.6734,151.36360000000002,2001-09-23,45.0,0.0,
-33.0066,151.8637,2001-09-23,38.0,0.0,
-32.8399,152.53049999999996,2001-09-23,31.0,0.0,
-32.6732,152.36379999999997,2001-09-23,41.0,0.0,
-30.3394,153.19730000000004,2001-09-23,53.0,0.0,
-30.3394,153.36400000000003,2001-09-23,58.0,0.0,
-30.3394,153.53070000000002,2001-09-23,60.0,0.0,
-30.3394,153.69740000000002,2001-09-23,63.0,0.0,
-30.006,153.36400000000003,2001-09-23,73.0,0.0,
-30.006,153.53070000000002,2001-09-23,68.0,0.0,
-19.6706,148.5297,2001-09-23,123.0,0.0,
-13.5027,136.8607,2001-09-23,94.0,0.0,
-5.1677,145.8625,2001-09-23,82.0,0.3,
-30.3394,153.36400000000003,2001-09-24,13.0,0.0,
-30.3394,153.53070000000002,2001-09-24,8.0,0.0,
-30.006,153.36400000000003,2001-09-24,18.0,0.0,
-30.006,153.53070000000002,2001-09-24,11.0,0.0,
-30.006,153.8641,2001-09-24,3.0,0.0,
-30.3394,153.36400000000003,2001-09-25,13.0,0.0,
-30.3394,153.53070000000002,2001-09-25,12.0,0.0,
-30.006,153.53070000000002,2001-09-25,14.0,0.0,
-30.006,153.8641,2001-09-25,6.0,0.0,
-16.5033,146.0292,2001-09-27,140.0,0.0,
-20.004,148.86310000000003,2001-09-28,118.0,0.0,
-34.3402,151.5303,2001-09-29,10.0,0.0,
-34.0068,151.19690000000003,2001-09-29,24.0,0.0,
-34.0068,151.36360000000002,2001-09-29,27.0,0.0,
-34.0068,151.697,2001-09-29,6.0,0.0,
-33.8401,151.36360000000002,2001-09-29,36.0,0.0,
-33.8401,151.5303,2001-09-29,32.0,0.0,
-33.1733,152.19709999999998,2001-09-29,38.0,0.0,
-33.0066,151.8637,2001-09-29,58.0,0.0,
-30.3394,153.53070000000002,2001-09-29,168.0,0.0,
-17.8369,168.36699999999996,2001-09-29,99.0,0.0,
-17.0034,168.20029999999997,2001-09-29,99.0,0.0,
-16.5033,146.0292,2001-09-29,126.0,0.1,
-16.0032,145.8625,2001-09-29,131.0,0.0,
-7.0014,147.69619999999998,2001-09-29,212.0,0.3,
-35.6738,150.5301,2001-09-30,34.0,0.0,
-35.1737,151.03020000000004,2001-09-30,28.0,0.0,
-34.1735,151.5303,2001-09-30,27.0,0.0,
-34.0068,151.36360000000002,2001-09-30,39.0,0.0,
-34.0068,151.5303,2001-09-30,33.0,0.0,
-34.0068,151.697,2001-09-30,27.0,0.0,
-33.8401,151.36360000000002,2001-09-30,48.0,0.0,
-33.8401,151.5303,2001-09-30,41.0,0.0,
-33.6734,152.0304,2001-09-30,28.0,0.0,
-33.5067,151.5303,2001-09-30,58.0,0.0,
-33.34,151.697,2001-09-30,58.0,0.0,
-33.1733,152.0304,2001-09-30,44.0,0.0,
-33.0066,152.53049999999996,2001-09-30,35.0,0.0,
-26.5053,153.36400000000003,2001-09-30,130.0,0.0,
-26.5053,153.53070000000002,2001-09-30,131.0,0.0,
-16.5033,146.0292,2001-09-30,141.0,0.0,
-12.1691,136.8607,2001-09-30,107.0,0.0,
-34.0068,151.5303,2001-10-01,32.0,0.0,
-34.0068,151.697,2001-10-01,24.0,0.0,
-33.5067,151.5303,2001-10-01,49.0,0.0,
-30.3394,153.36400000000003,2001-10-01,37.0,0.0,
-26.5053,153.36400000000003,2001-10-01,102.0,0.0,
-26.5053,153.53070000000002,2001-10-01,101.0,0.0,
-16.3366,146.0292,2001-10-01,136.0,0.0,
-16.1699,146.86270000000002,2001-10-01,134.0,0.0,
-35.1737,151.03020000000004,2001-10-02,21.0,0.0,
-20.004,148.86310000000003,2001-10-02,103.0,0.0,
-26.5053,153.53070000000002,2001-10-03,352.0,0.0,
-26.5053,153.8641,2001-10-03,338.0,0.0,
-16.3366,146.0292,2001-10-03,138.0,0.0,
-26.5053,153.36400000000003,2001-10-04,130.0,0.0,
-21.8377,114.3562,2001-10-04,273.0,0.0,
-20.5041,149.6966,2001-10-04,158.0,0.0,
-20.1707,149.3632,2001-10-04,149.0,0.0,
-16.5033,145.8625,2001-10-04,126.0,0.0,
-16.5033,146.0292,2001-10-04,144.0,0.0,
-16.5033,146.52930000000003,2001-10-04,142.0,0.0,
-16.3366,146.0292,2001-10-04,146.0,0.0,
-26.5053,153.36400000000003,2001-10-05,137.0,0.0,
-20.004,148.86310000000003,2001-10-05,336.0,0.0,
-14.8363,135.6938,2001-10-05,84.0,0.0,
-35.1737,151.03020000000004,2001-10-06,23.0,0.0,
-33.5067,152.0304,2001-10-06,333.0,0.0,
-32.6732,152.36379999999997,2001-10-06,270.0,0.0,
-27.8389,153.69740000000002,2001-10-06,347.0,0.0,
-26.8387,153.69740000000002,2001-10-06,350.0,0.0,
-26.5053,153.36400000000003,2001-10-06,16.0,0.0,
-26.5053,153.53070000000002,2001-10-06,3.0,0.0,
-24.5049,153.53070000000002,2001-10-06,340.0,0.0,
-21.8377,114.3562,2001-10-06,263.0,0.0,
-19.0038,147.3628,2001-10-06,28.0,0.0,
-19.0038,147.69619999999998,2001-10-06,36.0,0.0,
-17.8369,146.1959,2001-10-06,62.0,0.0,
-17.8369,146.52930000000003,2001-10-06,46.0,0.0,
-17.8369,146.69600000000003,2001-10-06,50.0,0.0,
-17.6702,146.3626,2001-10-06,54.0,0.0,
-16.1699,146.86270000000002,2001-10-06,98.0,0.0,
-14.8363,135.6938,2001-10-06,89.0,0.0,
-35.6738,150.5301,2001-10-07,278.0,0.0,
-34.0068,151.697,2001-10-07,271.0,0.0,
-26.5053,153.36400000000003,2001-10-07,350.0,0.0,
-18.8371,147.69619999999998,2001-10-07,338.0,0.0,
-17.8369,146.52930000000003,2001-10-07,27.0,0.0,
-17.8369,146.69600000000003,2001-10-07,33.0,0.0,
-17.5035,168.5337,2001-10-07,84.0,0.6,
-16.3366,146.0292,2001-10-07,138.0,0.0,
-14.8363,135.6938,2001-10-07,68.0,0.0,
-5.1677,145.8625,2001-10-07,360.0,0.0,
-20.1707,149.3632,2001-10-08,324.0,0.0,
-19.8373,148.69640000000004,2001-10-09,84.0,0.0,
-19.8373,148.86310000000003,2001-10-09,84.0,0.0,
-17.5035,168.7004,2001-10-10,122.0,0.0,
-16.3366,146.0292,2001-10-10,124.0,0.0,
-15.3364,145.69579999999996,2001-10-10,118.0,0.0,
-21.8377,171.0342,2001-10-11,182.0,0.0,
-20.6708,116.5233,2001-10-12,334.0,0.0,
-16.3366,146.0292,2001-10-12,132.0,0.0,
-16.0032,145.8625,2001-10-12,134.0,0.0,
-11.8357,136.52729999999997,2001-10-12,74.0,0.0,
-7.0014,147.69619999999998,2001-10-12,192.0,0.3,
-34.8403,151.03020000000004,2001-10-13,24.0,0.0,
-34.8403,151.19690000000003,2001-10-13,12.0,0.0,
-34.6736,151.19690000000003,2001-10-13,12.0,0.0,
-26.5053,153.36400000000003,2001-10-13,28.0,0.0,
-26.5053,153.53070000000002,2001-10-13,15.0,0.0,
-20.6708,116.5233,2001-10-13,45.0,0.0,
-16.5033,146.1959,2001-10-13,96.0,0.0,
-15.8365,145.69579999999996,2001-10-13,109.0,0.0,
-14.1695,136.36059999999998,2001-10-13,338.0,0.0,
-11.8357,136.52729999999997,2001-10-13,8.0,0.0,
-35.1737,151.03020000000004,2001-10-14,216.0,0.1,
-34.8403,151.03020000000004,2001-10-14,212.0,0.0,
-34.6736,151.19690000000003,2001-10-14,222.0,0.0,
-33.6734,151.36360000000002,2001-10-14,252.0,0.0,
-30.3394,153.36400000000003,2001-10-14,261.0,0.0,
-28.1723,153.53070000000002,2001-10-14,317.0,0.0,
-16.3366,146.0292,2001-10-14,90.0,0.0,
-11.8357,136.52729999999997,2001-10-14,68.0,0.0,
-16.3366,146.0292,2001-10-15,141.0,0.0,
-16.1699,146.86270000000002,2001-10-15,153.0,0.0,
-11.8357,136.52729999999997,2001-10-15,70.0,0.0,
-33.6734,151.36360000000002,2001-10-16,180.0,0.0,
-30.3394,153.36400000000003,2001-10-16,41.0,0.0,
-26.5053,153.53070000000002,2001-10-16,15.0,0.0,
-17.5035,168.03359999999998,2001-10-16,86.0,0.0,
-16.3366,146.0292,2001-10-16,86.0,0.0,
-16.1699,145.8625,2001-10-16,92.0,0.0,
-15.6698,145.8625,2001-10-16,102.0,0.0,
-15.3364,145.69579999999996,2001-10-16,97.0,0.0,
-30.8395,153.0306,2001-10-17,103.0,0.0,
-24.6716,153.19730000000004,2001-10-17,328.0,0.0,
-17.6702,146.3626,2001-10-17,15.0,0.0,
-14.1695,136.36059999999998,2001-10-17,343.0,0.0,
-26.5053,153.36400000000003,2001-10-18,138.0,0.0,
-26.5053,153.53070000000002,2001-10-18,173.0,0.0,
-17.5035,146.52930000000003,2001-10-18,338.0,0.0,
-15.5031,145.8625,2001-10-18,351.0,0.0,
-35.1737,151.03020000000004,2001-10-19,193.0,0.0,
-26.5053,153.36400000000003,2001-10-19,320.0,0.0,
-26.5053,153.53070000000002,2001-10-19,343.0,0.0,
-16.3366,146.0292,2001-10-19,27.0,0.0,
-15.6698,146.52930000000003,2001-10-19,317.0,0.0,
-13.8361,136.36059999999998,2001-10-19,138.0,0.0,
-27.1721,153.19730000000004,2001-10-20,124.0,0.0,
-17.5035,168.7004,2001-10-20,49.0,0.0,
-16.5033,145.8625,2001-10-20,16.0,0.0,
-16.5033,146.1959,2001-10-20,344.0,0.1,
-16.1699,145.8625,2001-10-20,2.0,0.0,
-13.8361,136.36059999999998,2001-10-20,159.0,0.0,
-6.668,148.5297,2001-10-20,86.0,0.0,
-34.3402,151.5303,2001-10-21,160.0,0.0,
-24.8383,152.8639,2001-10-21,126.0,0.0,
-24.3382,153.36400000000003,2001-10-21,134.0,0.0,
-17.5035,168.7004,2001-10-21,311.0,0.4,
-15.3364,145.69579999999996,2001-10-21,65.0,0.1,
-15.003,145.69579999999996,2001-10-21,62.0,0.0,
-14.6696,145.69579999999996,2001-10-21,63.0,0.1,
-14.5029,145.52909999999997,2001-10-21,66.0,0.0,
-16.3366,146.0292,2001-10-22,105.0,0.3,
-16.1699,145.8625,2001-10-22,116.0,0.6,
-15.3364,145.69579999999996,2001-10-22,101.0,0.2,
-14.5029,145.52909999999997,2001-10-22,94.0,0.0,
-8.8351,144.0288,2001-10-22,106.0,0.0,
-26.5053,153.36400000000003,2001-10-23,95.0,0.0,
-26.5053,153.53070000000002,2001-10-23,106.0,0.0,
-21.671,153.69740000000002,2001-10-23,121.0,0.0,
-20.1707,149.5299,2001-10-23,114.0,0.0,
-20.004,148.86310000000003,2001-10-23,109.0,0.0,
-15.3364,145.69579999999996,2001-10-23,132.0,0.0,
-14.6696,145.69579999999996,2001-10-23,128.0,0.0,
-14.5029,145.52909999999997,2001-10-23,125.0,0.0,
-26.5053,153.53070000000002,2001-10-24,359.0,0.0,
-21.671,153.69740000000002,2001-10-24,102.0,0.0,
-20.1707,149.5299,2001-10-24,96.0,0.0,
-20.004,148.86310000000003,2001-10-24,85.0,0.0,
-15.3364,145.69579999999996,2001-10-24,122.0,0.0,
-14.6696,145.69579999999996,2001-10-24,119.0,0.0,
-20.1707,149.5299,2001-10-25,44.0,0.0,
-20.004,148.86310000000003,2001-10-25,35.0,0.0,
-14.6696,145.69579999999996,2001-10-25,107.0,0.0,
-14.5029,145.52909999999997,2001-10-25,109.0,0.0,
-32.6732,152.53049999999996,2001-10-26,63.0,0.0,
-27.0054,153.8641,2001-10-26,298.0,0.2,
-26.5053,153.36400000000003,2001-10-26,291.0,0.4,
-26.5053,153.53070000000002,2001-10-26,291.0,0.3,
-21.671,153.69740000000002,2001-10-26,343.0,0.0,
-15.8365,145.69579999999996,2001-10-26,355.0,0.0,
-14.6696,145.69579999999996,2001-10-26,360.0,0.0,
-14.5029,145.52909999999997,2001-10-26,27.0,0.0,
-12.0024,136.52729999999997,2001-10-26,356.0,0.0,
-33.0066,152.53049999999996,2001-10-27,222.0,0.0,
-32.6732,152.36379999999997,2001-10-27,266.0,0.0,
-32.6732,152.53049999999996,2001-10-27,236.0,0.0,
-31.673,152.8639,2001-10-27,229.0,0.0,
-28.8391,153.69740000000002,2001-10-27,293.0,0.0,
-26.8387,153.69740000000002,2001-10-27,266.0,0.0,
-26.5053,153.36400000000003,2001-10-27,270.0,0.0,
-26.5053,153.53070000000002,2001-10-27,286.0,0.0,
-20.1707,149.5299,2001-10-27,160.0,0.0,
-20.004,148.86310000000003,2001-10-27,117.0,0.0,
-19.8373,148.86310000000003,2001-10-27,136.0,0.0,
-14.6696,145.69579999999996,2001-10-27,145.0,0.0,
-14.5029,145.52909999999997,2001-10-27,134.0,0.0,
-12.0024,136.52729999999997,2001-10-27,128.0,4.0,
-35.1737,151.03020000000004,2001-10-28,17.0,0.0,
-34.8403,151.03020000000004,2001-10-28,44.0,0.0,
-34.6736,151.19690000000003,2001-10-28,17.0,0.0,
-33.5067,151.5303,2001-10-28,351.0,0.0,
-33.5067,151.8637,2001-10-28,54.0,0.0,
-33.5067,152.0304,2001-10-28,26.0,0.0,
-33.34,152.0304,2001-10-28,50.0,0.0,
-33.1733,152.19709999999998,2001-10-28,17.0,0.0,
-33.0066,151.8637,2001-10-28,297.0,0.0,
-32.8399,152.53049999999996,2001-10-28,32.0,0.0,
-27.0054,153.36400000000003,2001-10-28,79.0,0.0,
-26.8387,153.19730000000004,2001-10-28,45.0,0.0,
-26.5053,153.36400000000003,2001-10-28,69.0,0.0,
-26.5053,153.53070000000002,2001-10-28,65.0,0.0,
-20.004,148.86310000000003,2001-10-28,40.0,0.0,
-16.5033,145.8625,2001-10-28,103.0,0.0,
-14.6696,145.69579999999996,2001-10-28,111.0,0.0,
-14.1695,136.36059999999998,2001-10-28,123.0,0.0,
-4.8343,146.1959,2001-10-28,107.0,0.2,
-34.3402,150.8635,2001-10-29,278.0,0.0,
-34.0068,151.5303,2001-10-29,154.0,0.0,
-26.8387,153.53070000000002,2001-10-29,6.0,0.0,
-16.1699,145.8625,2001-10-29,118.0,0.0,
-15.5031,145.8625,2001-10-29,127.0,0.0,
-14.6696,145.69579999999996,2001-10-29,119.0,0.0,
-36.5073,150.19669999999996,2001-10-30,263.0,0.0,
-17.0034,146.1959,2001-10-30,67.0,0.0,
-16.3366,146.0292,2001-10-30,120.0,0.0,
-16.1699,145.8625,2001-10-30,116.0,0.0,
-14.6696,145.69579999999996,2001-10-30,117.0,0.0,
-36.5073,150.19669999999996,2001-10-31,260.0,0.0,
-32.6732,152.36379999999997,2001-10-31,260.0,0.0,
-14.6696,145.69579999999996,2001-10-31,132.0,0.0,
-26.5053,153.36400000000003,2001-11-01,131.0,0.0,
-20.1707,149.3632,2001-11-01,340.0,0.0,
-17.5035,147.1961,2001-11-01,351.0,0.0,
-16.67,146.1959,2001-11-01,358.0,0.0,
-33.6734,151.697,2001-11-02,158.0,0.0,
-26.5053,153.53070000000002,2001-11-02,13.0,0.0,
-21.8377,114.3562,2001-11-02,240.0,0.0,
-16.3366,146.0292,2001-11-02,137.0,0.0,
-16.0032,145.8625,2001-11-02,128.0,0.0,
-35.1737,151.03020000000004,2001-11-03,102.0,0.0,
-34.8403,150.8635,2001-11-03,81.0,0.0,
-34.3402,151.19690000000003,2001-11-03,93.0,0.0,
-34.3402,151.36360000000002,2001-11-03,103.0,0.0,
-34.0068,151.36360000000002,2001-11-03,98.0,0.0,
-33.1733,152.19709999999998,2001-11-03,113.0,0.0,
-33.0066,152.53049999999996,2001-11-03,118.0,0.0,
-32.6732,152.36379999999997,2001-11-03,117.0,0.0,
-30.3394,153.36400000000003,2001-11-03,146.0,0.0,
-26.5053,153.53070000000002,2001-11-03,130.0,0.0,
-24.8383,152.8639,2001-11-03,127.0,0.5,
-21.8377,114.3562,2001-11-03,229.0,0.0,
-15.3364,145.69579999999996,2001-11-03,139.0,0.0,
-15.1697,145.69579999999996,2001-11-03,139.0,0.0,
-14.6696,145.69579999999996,2001-11-03,144.0,0.0,
-14.3362,146.52930000000003,2001-11-03,122.0,0.0,
-13.8361,136.36059999999998,2001-11-03,360.0,0.0,
-12.0024,136.52729999999997,2001-11-03,20.0,0.0,
-34.3402,151.5303,2001-11-04,39.0,0.0,
-34.0068,151.36360000000002,2001-11-04,55.0,0.0,
-34.0068,151.5303,2001-11-04,48.0,0.0,
-33.8401,151.5303,2001-11-04,58.0,0.0,
-33.8401,151.697,2001-11-04,50.0,0.0,
-33.1733,152.19709999999998,2001-11-04,55.0,0.0,
-32.6732,152.36379999999997,2001-11-04,73.0,0.0,
-30.3394,153.36400000000003,2001-11-04,79.0,0.0,
-27.0054,153.36400000000003,2001-11-04,118.0,0.0,
-26.8387,153.36400000000003,2001-11-04,121.0,0.0,
-26.5053,153.36400000000003,2001-11-04,120.0,0.0,
-22.0044,113.85609999999996,2001-11-04,185.0,0.0,
-16.1699,145.8625,2001-11-04,125.0,0.0,
-15.3364,145.69579999999996,2001-11-04,123.0,0.0,
-14.5029,145.52909999999997,2001-11-04,125.0,0.0,
-14.1695,136.36059999999998,2001-11-04,342.0,0.0,
-12.8359,130.3594,2001-11-04,301.0,0.0,
-12.0024,136.52729999999997,2001-11-04,46.0,0.0,
-5.1677,145.8625,2001-11-04,69.0,0.0,
-34.3402,151.5303,2001-11-05,32.0,0.0,
-26.5053,153.36400000000003,2001-11-05,90.0,0.0,
-21.8377,113.68939999999998,2001-11-05,211.0,0.0,
-21.8377,114.3562,2001-11-05,232.0,0.0,
-15.3364,145.69579999999996,2001-11-05,118.0,0.0,
-15.1697,145.69579999999996,2001-11-05,118.0,0.0,
-26.3386,153.36400000000003,2001-11-06,52.0,0.0,
-20.004,148.86310000000003,2001-11-06,103.0,0.0,
-16.3366,146.0292,2001-11-06,113.0,0.2,
-21.8377,113.68939999999998,2001-11-07,214.0,0.0,
-21.8377,114.3562,2001-11-07,223.0,0.0,
-20.1707,149.3632,2001-11-07,95.0,0.0,
-20.004,148.86310000000003,2001-11-07,83.0,0.0,
-16.3366,146.0292,2001-11-07,123.0,0.0,
-16.1699,146.86270000000002,2001-11-07,118.0,0.0,
-15.5031,145.8625,2001-11-07,124.0,0.0,
-24.0048,151.697,2001-11-08,358.0,0.0,
-21.8377,114.3562,2001-11-08,230.0,0.0,
-20.1707,149.3632,2001-11-08,13.0,0.0,
-32.0064,115.68979999999999,2000-01-29,40.0,0.0,
-32.0064,115.68979999999999,2000-01-30,235.0,0.0,
-32.0064,115.68979999999999,2000-02-05,100.0,0.0,
-32.0064,115.68979999999999,2000-02-06,70.0,0.0,
-32.0064,115.68979999999999,2000-02-12,94.0,0.0,
-32.0064,115.68979999999999,2000-02-15,157.0,0.0,
-32.0064,115.68979999999999,2000-03-04,112.0,0.0,
-32.0064,115.68979999999999,2000-03-05,89.0,0.0,
-32.0064,115.68979999999999,2000-03-06,78.0,0.0,
-32.0064,115.68979999999999,2000-03-13,124.0,0.0,
-32.0064,115.68979999999999,2000-04-01,195.0,0.0,
-28.8391,113.85609999999997,2000-04-01,168.0,0.0,
-32.0064,115.68979999999999,2000-04-02,205.0,0.0,
-32.0064,115.68979999999999,2000-04-03,100.0,0.0,
-24.8383,113.52269999999999,2000-04-03,148.0,0.0,
-32.0064,115.68979999999999,2000-04-15,151.0,0.0,
-29.0058,113.85609999999997,2000-04-15,135.0,0.0,
-28.8391,113.85609999999997,2000-04-15,134.0,0.0,
-32.0064,115.68979999999999,2000-04-16,99.0,0.0,
-29.0058,113.85609999999997,2000-04-16,145.0,0.0,
-28.8391,113.85609999999997,2000-04-16,147.0,0.0,
-28.8391,113.85609999999997,2000-04-17,152.0,0.0,
-29.0058,113.85609999999997,2000-04-18,142.0,0.0,
-28.8391,113.85609999999997,2000-04-18,144.0,0.0,
-29.0058,113.85609999999997,2000-04-19,136.0,0.0,
-28.8391,113.85609999999997,2000-04-19,139.0,0.0,
-28.8391,113.85609999999997,2000-04-20,100.0,0.2,
-32.0064,115.68979999999999,2000-04-23,33.0,0.0,
-32.0064,115.68979999999999,2000-04-24,3.0,0.0,
-32.0064,115.68979999999999,2000-05-05,30.0,0.0,
-32.0064,115.68979999999999,2000-05-06,15.0,0.0,
-17.5035,122.02440000000001,2000-05-14,118.0,0.0,
-22.0044,113.85609999999997,2000-05-21,82.0,0.0,
-22.0044,113.85609999999997,2000-05-22,59.0,0.0,
-17.5035,122.02440000000001,2000-05-29,106.0,0.0,
-32.0064,115.68979999999999,2000-06-17,70.0,0.0,
-17.5035,122.02440000000001,2000-07-09,123.0,0.0,
-24.8383,113.52269999999999,2000-07-15,3.0,0.0,
-17.5035,122.02440000000001,2000-07-15,152.0,0.0,
-21.671,114.18950000000001,2000-07-16,137.0,0.0,
-17.1701,118.35699999999997,2000-07-22,176.0,0.0,
-17.5035,122.02440000000001,2000-07-23,218.0,0.0,
-20.3374,116.85669999999999,2000-07-31,216.0,0.0,
-20.3374,116.85669999999999,2000-08-02,133.0,0.0,
-20.004,116.85669999999999,2000-08-04,100.0,0.0,
-17.1701,118.35699999999997,2000-08-04,105.0,0.0,
-20.004,116.85669999999999,2000-08-05,98.0,0.0,
-17.1701,118.35699999999997,2000-08-05,108.0,0.0,
-20.5041,116.85669999999999,2000-08-06,47.0,0.0,
-17.1701,118.35699999999997,2000-08-06,150.0,0.0,
-20.5041,116.85669999999999,2000-08-07,103.0,0.0,
-20.3374,116.85669999999999,2000-08-07,123.0,0.0,
-17.1701,118.35699999999997,2000-08-07,162.0,0.0,
-17.5035,122.02440000000001,2000-08-08,128.0,0.0,
-17.5035,122.02440000000001,2000-08-09,132.0,0.0,
-17.5035,122.02440000000001,2000-08-10,143.0,0.0,
-17.5035,122.02440000000001,2000-08-11,126.0,0.0,
-17.5035,122.02440000000001,2000-08-12,155.0,0.0,
-17.5035,122.02440000000001,2000-08-13,184.0,0.0,
-17.5035,122.02440000000001,2000-08-14,189.0,0.0,
-17.5035,122.02440000000001,2000-08-17,227.0,0.0,
-17.5035,122.02440000000001,2000-08-24,210.0,0.0,
-17.5035,122.02440000000001,2000-08-25,182.0,0.0,
-21.671,114.18950000000001,2000-09-04,187.0,0.0,
-21.8377,114.18950000000001,2000-09-05,216.0,0.0,
-21.8377,114.52289999999999,2000-09-07,161.0,0.0,
-21.8377,114.52289999999999,2000-09-08,150.0,0.0,
-17.1701,118.35699999999997,2000-09-24,210.0,0.0,
-17.1701,118.35699999999997,2000-09-29,255.0,0.0,
-19.5039,149.19650000000001,2000-09-30,95.0,0.0,
-17.1701,118.35699999999997,2000-10-07,161.0,0.0,
-20.1707,149.19650000000001,2000-10-08,128.0,0.0,
-17.5035,122.02440000000001,2000-10-08,264.0,0.0,
-21.8377,114.18950000000001,2000-10-20,101.0,0.0,
-21.8377,114.18950000000001,2000-10-21,211.0,0.0,
-29.0058,113.85609999999997,2000-10-22,129.0,0.0,
-21.8377,114.18950000000001,2000-10-22,187.0,0.0,
-21.8377,114.18950000000001,2000-10-24,255.0,0.0,
-21.8377,114.52289999999999,2000-10-24,321.0,0.0,
-21.8377,114.18950000000001,2000-10-25,221.0,0.0,
-21.8377,114.18950000000001,2000-10-26,282.0,0.0,
-21.8377,114.18950000000001,2000-10-27,290.0,0.0,
-21.671,114.18950000000001,2000-10-27,290.0,0.0,
-21.8377,114.52289999999999,2000-10-31,283.0,0.0,
-20.1707,149.19650000000001,2000-11-10,94.0,0.0,
-20.1707,149.19650000000001,2000-12-07,122.0,0.0,
-32.0064,115.68979999999999,2000-12-11,178.0,0.0,
-20.1707,149.19650000000001,2001-01-08,145.0,0.0,
-20.1707,149.19650000000001,2001-01-09,125.0,0.0,
-32.0064,115.68979999999999,2001-01-21,236.0,0.0,
-32.0064,115.68979999999999,2001-02-02,203.0,0.0,
-32.0064,115.68979999999999,2001-02-03,158.0,0.0,
-32.0064,115.68979999999999,2001-02-05,333.0,0.0,
-21.8377,114.52289999999999,2001-02-10,96.0,0.0,
-32.0064,115.68979999999999,2001-02-11,215.0,0.0,
-31.8397,115.35640000000001,2001-02-12,162.0,0.0,
-24.8383,113.52269999999999,2001-02-23,242.0,0.0,
-32.0064,115.68979999999999,2001-02-24,154.0,0.0,
-32.0064,115.68979999999999,2001-03-04,76.0,0.0,
-32.0064,115.68979999999999,2001-03-05,44.0,0.0,
-32.0064,115.68979999999999,2001-03-17,202.0,0.0,
-32.0064,115.68979999999999,2001-03-18,204.0,0.0,
-32.0064,115.68979999999999,2001-03-19,188.0,0.0,
-21.671,114.18950000000001,2001-03-24,92.0,0.0,
-21.5043,114.52289999999999,2001-04-03,109.0,0.0,
-32.0064,115.68979999999999,2001-04-04,322.0,0.0,
-32.0064,115.68979999999999,2001-04-05,229.0,0.0,
-28.8391,113.85609999999997,2001-04-06,171.0,0.0,
-29.0058,113.85609999999997,2001-04-08,121.0,0.0,
-29.0058,113.85609999999997,2001-04-09,90.0,0.0,
-21.1709,115.68979999999999,2001-04-09,49.0,0.0,
-29.0058,113.85609999999997,2001-04-10,149.0,0.0,
-29.0058,113.85609999999997,2001-04-11,155.0,0.0,
-28.5057,113.85609999999997,2001-04-11,154.0,0.0,
-35.007,115.35640000000001,2001-04-29,346.0,0.0,
-32.0064,115.68979999999999,2001-05-02,235.0,0.0,
-32.0064,115.68979999999999,2001-05-20,297.0,0.1,
-17.5035,122.02440000000001,2001-06-12,153.0,0.0,
-17.5035,122.02440000000001,2001-06-13,120.0,0.0,
-17.5035,122.02440000000001,2001-06-15,129.0,0.0,
-17.5035,122.02440000000001,2001-06-16,84.0,0.0,
-17.5035,122.02440000000001,2001-06-17,110.0,0.0,
-17.1701,118.35699999999997,2001-06-30,104.0,0.0,
-20.5041,116.85669999999999,2001-07-05,82.0,0.0,
-24.8383,113.52269999999999,2001-07-09,169.0,0.0,
-22.0044,113.85609999999997,2001-07-17,101.0,0.0,
-21.8377,113.85609999999997,2001-07-18,83.0,0.0,
-31.5063,114.18950000000001,2001-07-22,115.0,0.2,
-21.671,114.18950000000001,2001-07-22,116.0,0.0,
-21.5043,114.18950000000001,2001-07-22,124.0,0.0,
-20.6708,116.35660000000001,2001-08-03,207.0,0.0,
-20.5041,116.35660000000001,2001-08-03,167.0,0.0,
-20.3374,116.85669999999999,2001-08-03,117.0,0.0,
-20.004,116.35660000000001,2001-08-03,144.0,0.0,
-17.1701,118.35699999999997,2001-08-03,45.0,0.0,
-20.3374,116.85669999999999,2001-08-04,140.0,0.0,
-20.004,116.35660000000001,2001-08-04,147.0,0.0,
-17.1701,118.35699999999997,2001-08-04,194.0,0.0,
-20.3374,116.85669999999999,2001-08-05,114.0,0.0,
-20.004,116.35660000000001,2001-08-05,121.0,0.0,
-17.1701,118.35699999999997,2001-08-05,152.0,0.0,
-20.8375,116.02319999999997,2001-08-06,210.0,0.0,
-20.6708,116.35660000000001,2001-08-06,210.0,0.0,
-20.5041,116.35660000000001,2001-08-06,204.0,0.0,
-20.5041,116.85669999999999,2001-08-06,212.0,0.0,
-20.3374,116.85669999999999,2001-08-06,187.0,0.0,
-20.004,116.35660000000001,2001-08-06,188.0,0.0,
-17.1701,118.35699999999997,2001-08-06,172.0,0.0,
-12.3358,130.85950000000003,2001-08-08,75.0,0.0,
-20.5041,116.85669999999999,2001-08-11,16.0,0.0,
-12.3358,130.85950000000003,2001-08-18,109.0,0.0,
-21.5043,114.52289999999999,2001-08-20,54.0,0.0,
-20.5041,116.85669999999999,2001-09-09,323.0,0.0,
-17.5035,122.02440000000001,2001-09-13,134.0,0.0,
-17.1701,118.35699999999997,2001-09-16,114.0,0.0,
-22.0044,113.85609999999997,2001-11-04,185.0,0.0,
-20.004,148.86310000000003,2001-11-08,10.0,0.0,
-17.5035,168.5337,2001-11-08,106.0,0.5,
-16.3366,146.0292,2001-11-08,118.0,0.0,
-16.1699,146.86270000000002,2001-11-08,102.0,0.0,
-15.8365,145.69579999999996,2001-11-08,121.0,0.0,
-12.0024,136.52729999999997,2001-11-08,66.0,0.0,
-12.0024,136.8607,2001-11-08,71.0,0.0,
-6.668,147.69619999999998,2001-11-08,154.0,1.1,
-26.8387,153.36400000000003,2001-11-09,23.0,0.2,
-21.8377,114.3562,2001-11-09,341.0,0.0,
-21.671,114.02280000000002,2001-11-09,338.0,0.0,
-16.3366,146.0292,2001-11-09,90.0,0.0,
-12.1691,136.8607,2001-11-09,63.0,0.0,
-12.0024,136.8607,2001-11-09,49.0,0.0,
-11.8357,136.52729999999997,2001-11-09,48.0,0.0,
-11.8357,136.8607,2001-11-09,62.0,0.0,
-11.669,136.69399999999996,2001-11-09,62.0,0.0,
-35.1737,151.03020000000004,2001-11-10,57.0,0.0,
-35.007,151.03020000000004,2001-11-10,51.0,0.0,
-34.8403,151.03020000000004,2001-11-10,61.0,0.0,
-34.6736,151.19690000000003,2001-11-10,55.0,0.0,
-34.5069,151.19690000000003,2001-11-10,58.0,0.0,
-26.5053,153.53070000000002,2001-11-10,348.0,0.0,
-24.0048,151.697,2001-11-10,360.0,0.2,
-20.8375,149.5299,2001-11-10,340.0,0.0,
-20.6708,149.3632,2001-11-10,348.0,0.0,
-18.337,168.5337,2001-11-10,101.0,0.0,
-16.3366,146.0292,2001-11-10,90.0,0.0,
-16.1699,146.86270000000002,2001-11-10,103.0,0.0,
-15.8365,145.69579999999996,2001-11-10,103.0,0.0,
-12.0024,136.8607,2001-11-10,84.0,0.0,
-11.8357,136.8607,2001-11-10,95.0,0.0,
-11.669,136.52729999999997,2001-11-10,78.0,0.0,
-11.669,136.69399999999996,2001-11-10,95.0,0.0,
-5.1677,145.8625,2001-11-10,180.0,0.2,
-34.8403,151.03020000000004,2001-11-11,122.0,0.0,
-34.6736,151.19690000000003,2001-11-11,146.0,0.0,
-34.3402,151.36360000000002,2001-11-11,138.0,0.0,
-33.8401,151.36360000000002,2001-11-11,124.0,0.0,
-33.8401,151.697,2001-11-11,163.0,0.0,
-33.6734,151.697,2001-11-11,163.0,0.0,
-33.5067,151.5303,2001-11-11,143.0,0.1,
-33.1733,152.19709999999998,2001-11-11,175.0,0.0,
-29.0058,168.03359999999998,2001-11-11,8.0,0.0,
-16.5033,146.1959,2001-11-11,324.0,0.0,
-16.3366,146.0292,2001-11-11,355.0,0.0,
-16.1699,145.8625,2001-11-11,35.0,0.0,
-15.8365,145.69579999999996,2001-11-11,76.0,0.0,
-15.1697,167.20010000000002,2001-11-11,117.0,0.2,
-12.1691,130.69280000000003,2001-11-11,313.0,0.1,
-12.1691,136.8607,2001-11-11,78.0,0.0,
-12.0024,136.8607,2001-11-11,67.0,0.0,
-11.8357,136.52729999999997,2001-11-11,69.0,0.0,
-11.8357,136.8607,2001-11-11,79.0,0.0,
-11.669,136.69399999999996,2001-11-11,79.0,0.0,
-23.0046,113.68939999999998,2001-11-12,316.0,0.0,
-26.8387,153.36400000000003,2001-11-13,146.0,0.0,
-20.004,148.86310000000003,2001-11-13,70.0,0.0,
-16.3366,146.0292,2001-11-13,134.0,0.0,
-32.0064,115.18970000000002,2001-11-14,180.0,0.0,
-20.004,148.86310000000003,2001-11-14,108.0,0.2,
-16.3366,146.0292,2001-11-14,116.0,0.2,
-30.3394,153.53070000000002,2001-11-15,51.0,0.0,
-29.0058,168.03359999999998,2001-11-15,191.0,0.0,
-16.3366,146.0292,2001-11-15,122.0,0.0,
-31.1729,153.0306,2001-11-16,166.0,0.0,
-26.8387,153.36400000000003,2001-11-16,82.0,0.2,
-26.5053,153.36400000000003,2001-11-16,86.0,0.2,
-26.5053,153.53070000000002,2001-11-16,94.0,0.0,
-25.005,153.0306,2001-11-16,110.0,0.0,
-24.6716,153.19730000000004,2001-11-16,130.0,0.0,
-24.6716,153.53070000000002,2001-11-16,129.0,0.0,
-24.3382,153.19730000000004,2001-11-16,131.0,0.0,
-24.3382,153.36400000000003,2001-11-16,131.0,0.0,
-20.004,148.86310000000003,2001-11-16,108.0,0.0,
-16.1699,146.86270000000002,2001-11-16,111.0,0.0,
-13.8361,136.36059999999998,2001-11-16,119.0,0.1,
-39.0078,146.52930000000003,2001-11-17,173.0,0.0,
-34.5069,151.19690000000003,2001-11-17,21.0,0.0,
-30.8395,153.0306,2001-11-17,36.0,0.3,
-26.8387,153.36400000000003,2001-11-17,97.0,0.0,
-26.5053,153.53070000000002,2001-11-17,103.0,0.0,
-25.005,153.0306,2001-11-17,109.0,0.0,
-24.8383,153.0306,2001-11-17,113.0,0.0,
-24.6716,153.19730000000004,2001-11-17,117.0,0.0,
-24.6716,153.36400000000003,2001-11-17,117.0,0.0,
-24.6716,153.53070000000002,2001-11-17,118.0,0.0,
-24.5049,153.36400000000003,2001-11-17,118.0,0.0,
-24.3382,153.19730000000004,2001-11-17,118.0,0.0,
-24.3382,153.36400000000003,2001-11-17,118.0,0.0,
-16.3366,146.0292,2001-11-17,130.0,0.0,
-34.0068,151.36360000000002,2001-11-18,344.0,0.0,
-33.8401,151.36360000000002,2001-11-18,342.0,0.0,
-33.6734,151.36360000000002,2001-11-18,333.0,0.0,
-33.5067,151.36360000000002,2001-11-18,333.0,0.0,
-26.5053,153.53070000000002,2001-11-18,8.0,0.0,
-25.005,153.0306,2001-11-18,360.0,0.0,
-24.8383,152.8639,2001-11-18,6.0,0.0,
-24.6716,153.19730000000004,2001-11-18,1.0,0.0,
-24.6716,153.36400000000003,2001-11-18,1.0,0.0,
-24.6716,153.53070000000002,2001-11-18,4.0,0.0,
-24.5049,153.19730000000004,2001-11-18,10.0,0.0,
-24.3382,153.36400000000003,2001-11-18,17.0,0.0,
-20.004,148.86310000000003,2001-11-18,72.0,0.0,
-19.8373,148.86310000000003,2001-11-18,91.0,0.0,
-16.3366,146.0292,2001-11-18,116.0,0.0,
-16.1699,145.8625,2001-11-18,121.0,0.2,
-14.1695,136.36059999999998,2001-11-18,29.0,0.0,
-6.668,147.0294,2001-11-18,124.0,0.0,
-4.8343,146.1959,2001-11-18,73.0,0.0,
-16.3366,146.0292,2001-11-19,342.0,0.0,
-15.3364,145.69579999999996,2001-11-19,133.0,0.0,
-28.1723,153.53070000000002,2001-11-21,67.0,0.0,
-20.004,148.86310000000003,2001-11-21,104.0,0.0,
-35.1737,151.03020000000004,2001-11-22,185.0,0.0,
-20.004,148.86310000000003,2001-11-22,67.0,0.0,
-16.3366,146.0292,2001-11-22,75.0,0.0,
-35.5071,150.5301,2001-11-23,37.0,0.0,
-35.3404,150.6968,2001-11-23,38.0,0.0,
-35.1737,151.03020000000004,2001-11-23,24.0,0.0,
-35.007,150.8635,2001-11-23,35.0,0.0,
-35.007,151.03020000000004,2001-11-23,35.0,0.0,
-34.8403,150.8635,2001-11-23,30.0,0.0,
-26.5053,153.53070000000002,2001-11-23,95.0,0.0,
-16.1699,145.8625,2001-11-23,79.0,0.2,
-35.3404,150.6968,2001-11-24,14.0,0.0,
-35.1737,151.03020000000004,2001-11-24,21.0,0.0,
-35.007,150.8635,2001-11-24,22.0,0.0,
-35.007,151.03020000000004,2001-11-24,22.0,0.0,
-34.5069,151.19690000000003,2001-11-24,27.0,0.0,
-17.5035,168.5337,2001-11-24,118.0,0.0,
-17.3368,168.20029999999997,2001-11-24,107.0,0.0,
-16.3366,146.0292,2001-11-24,101.0,0.0,
-12.8359,136.52729999999997,2001-11-24,71.0,0.6,
-12.0024,136.52729999999997,2001-11-24,42.0,0.0,
-12.0024,136.8607,2001-11-24,52.0,0.0,
-11.669,136.69399999999996,2001-11-24,56.0,0.0,
-35.5071,150.8635,2001-11-25,331.0,0.0,
-35.3404,150.6968,2001-11-25,298.0,0.0,
-35.1737,151.03020000000004,2001-11-25,344.0,0.0,
-35.007,151.03020000000004,2001-11-25,303.0,0.0,
-35.007,151.19690000000003,2001-11-25,4.0,0.0,
-34.8403,150.8635,2001-11-25,300.0,0.0,
-33.8401,151.36360000000002,2001-11-25,348.0,0.0,
-33.5067,151.5303,2001-11-25,326.0,0.0,
-33.1733,152.19709999999998,2001-11-25,347.0,0.0,
-17.5035,168.5337,2001-11-25,120.0,0.0,
-16.3366,146.0292,2001-11-25,112.0,0.0,
-15.5031,145.8625,2001-11-25,112.0,0.1,
-12.0024,130.52610000000004,2001-11-25,352.0,0.1,
-6.8347,148.1963,2001-11-25,61.0,0.0,
-6.668,147.69619999999998,2001-11-25,65.0,0.2,
-16.3366,146.0292,2001-11-26,119.0,0.0,
-16.1699,145.8625,2001-11-26,117.0,0.0,
-35.007,151.03020000000004,2001-11-27,136.0,0.5,
-16.3366,146.0292,2001-11-27,48.0,0.0,
-15.3364,145.69579999999996,2001-11-27,111.0,0.0,
-16.5033,146.1959,2001-11-28,45.0,0.0,
-16.1699,146.86270000000002,2001-11-28,58.0,0.0,
-12.8359,136.52729999999997,2001-11-28,146.0,0.1,
-24.3382,153.36400000000003,2001-11-29,157.0,0.0,
-16.1699,146.86270000000002,2001-11-29,95.0,0.1,
-12.0024,136.8607,2001-11-29,295.0,0.1,
-27.5055,153.69740000000002,2001-11-30,347.0,0.0,
-26.5053,153.53070000000002,2001-11-30,33.0,0.0,
-24.6716,153.36400000000003,2001-11-30,292.0,0.0,
-24.3382,153.36400000000003,2001-11-30,250.0,0.0,
-15.1697,167.20010000000002,2001-11-30,55.0,0.0,
-12.8359,136.52729999999997,2001-11-30,17.0,0.3,
-12.0024,136.8607,2001-11-30,318.0,0.6,
-35.6738,150.5301,2001-12-01,110.0,0.0,
-34.8403,150.8635,2001-12-01,116.0,0.0,
-34.6736,151.19690000000003,2001-12-01,130.0,0.0,
-34.3402,150.8635,2001-12-01,90.0,0.0,
-27.8389,153.69740000000002,2001-12-01,2.0,0.0,
-27.0054,153.36400000000003,2001-12-01,35.0,0.0,
-26.8387,153.36400000000003,2001-12-01,37.0,0.0,
-26.8387,153.53070000000002,2001-12-01,18.0,0.0,
-26.5053,153.19730000000004,2001-12-01,40.0,0.0,
-26.5053,153.36400000000003,2001-12-01,36.0,0.0,
-26.5053,153.53070000000002,2001-12-01,20.0,0.0,
-16.67,146.1959,2001-12-01,114.0,0.0,
-16.3366,146.0292,2001-12-01,127.0,0.0,
-34.5069,151.5303,2001-12-02,54.0,0.0,
-34.3402,151.19690000000003,2001-12-02,55.0,0.0,
-33.8401,151.36360000000002,2001-12-02,76.0,0.0,
-33.8401,151.5303,2001-12-02,76.0,0.0,
-33.8401,151.697,2001-12-02,73.0,0.0,
-33.34,152.19709999999998,2001-12-02,91.0,0.0,
-33.0066,152.53049999999996,2001-12-02,92.0,0.0,
-32.5065,152.6972,2001-12-02,84.0,0.0,
-30.3394,153.36400000000003,2001-12-02,62.0,0.0,
-27.0054,153.36400000000003,2001-12-02,35.0,0.0,
-26.8387,153.36400000000003,2001-12-02,38.0,0.0,
-26.5053,153.19730000000004,2001-12-02,48.0,0.0,
-26.5053,153.36400000000003,2001-12-02,42.0,0.0,
-26.5053,153.53070000000002,2001-12-02,37.0,0.0,
-20.004,148.86310000000003,2001-12-02,90.0,0.0,
-9.6686,147.1961,2001-12-02,182.0,0.0,
-9.5019,147.0294,2001-12-02,182.0,0.0,
-7.1681,147.69619999999998,2001-12-02,95.0,0.0,
-7.0014,147.3628,2001-12-02,103.0,0.0,
-7.0014,148.02959999999996,2001-12-02,117.0,0.0,
-30.3394,153.36400000000003,2001-12-03,22.0,0.0,
-16.3366,146.0292,2001-12-04,154.0,0.0,
-33.0066,152.53049999999996,2001-12-06,16.0,0.0,
-34.6736,138.52769999999998,2001-12-07,181.0,0.1,
-33.6734,151.36360000000002,2001-12-07,276.0,0.0,
-24.1715,153.19730000000004,2001-12-07,324.0,0.0,
-21.0042,149.19650000000001,2001-12-07,354.0,0.0,
-20.1707,149.5299,2001-12-07,326.0,0.0,
-15.1697,167.20010000000002,2001-12-07,104.0,0.0,
-33.8401,151.36360000000002,2001-12-08,157.0,0.5,
-28.1723,153.53070000000002,2001-12-08,161.0,0.0,
-28.0056,153.53070000000002,2001-12-08,161.0,0.0,
-27.8389,153.69740000000002,2001-12-08,309.0,0.0,
-27.8389,154.0308,2001-12-08,265.0,0.0,
-27.6722,153.53070000000002,2001-12-08,304.0,0.0,
-27.3388,153.53070000000002,2001-12-08,287.0,0.0,
-26.5053,153.53070000000002,2001-12-08,159.0,0.0,
-17.5035,168.5337,2001-12-08,122.0,0.0,
-16.3366,146.0292,2001-12-08,349.0,0.0,
-7.0014,147.69619999999998,2001-12-08,232.0,0.0,
-35.1737,151.03020000000004,2001-12-09,22.0,0.0,
-34.8403,150.8635,2001-12-09,27.0,0.0,
-34.6736,151.19690000000003,2001-12-09,8.0,0.0,
-34.0068,151.5303,2001-12-09,16.0,0.0,
-33.5067,151.697,2001-12-09,28.0,0.0,
-33.1733,152.19709999999998,2001-12-09,27.0,0.0,
-30.3394,153.36400000000003,2001-12-09,36.0,0.1,
-28.0056,153.53070000000002,2001-12-09,77.0,0.3,
-27.8389,153.36400000000003,2001-12-09,87.0,0.0,
-27.8389,153.53070000000002,2001-12-09,97.0,0.0,
-27.8389,153.69740000000002,2001-12-09,106.0,0.0,
-27.6722,153.53070000000002,2001-12-09,97.0,0.0,
-27.3388,153.53070000000002,2001-12-09,104.0,0.0,
-27.0054,153.36400000000003,2001-12-09,100.0,0.0,
-26.8387,153.36400000000003,2001-12-09,104.0,0.0,
-26.5053,153.36400000000003,2001-12-09,107.0,0.0,
-26.5053,153.53070000000002,2001-12-09,109.0,0.0,
-24.3382,153.36400000000003,2001-12-09,100.0,0.0,
-17.5035,168.5337,2001-12-09,139.0,0.0,
-14.1695,136.36059999999998,2001-12-09,330.0,0.0,
-12.8359,136.52729999999997,2001-12-09,336.0,0.0,
-36.1739,150.19669999999996,2001-12-10,125.0,0.8,
-34.3402,150.8635,2001-12-10,274.0,0.0,
-15.1697,167.20010000000002,2001-12-10,125.0,0.0,
-32.8399,152.53049999999996,2001-12-11,211.0,0.0,
-27.5055,153.69740000000002,2001-12-11,115.0,0.0,
-20.1707,149.5299,2001-12-11,327.0,0.0,
-17.5035,168.5337,2001-12-11,138.0,0.0,
-16.3366,146.0292,2001-12-11,10.0,0.0,
-35.007,151.03020000000004,2001-12-12,137.0,0.0,
-27.6722,153.53070000000002,2001-12-13,94.0,0.0,
-26.5053,153.36400000000003,2001-12-13,101.0,0.0,
-34.3402,150.8635,2001-12-14,103.0,0.1,
-27.0054,153.53070000000002,2001-12-14,49.0,0.0,
-26.8387,153.69740000000002,2001-12-14,75.0,0.0,
-34.3402,151.19690000000003,2001-12-15,169.0,0.0,
-32.8399,151.8637,2001-12-15,196.0,0.4,
-30.3394,153.36400000000003,2001-12-15,344.0,0.5,
-27.6722,153.53070000000002,2001-12-15,345.0,0.0,
-27.0054,153.36400000000003,2001-12-15,353.0,0.0,
-26.8387,153.36400000000003,2001-12-15,356.0,0.0,
-26.5053,153.36400000000003,2001-12-15,1.0,0.0,
-26.5053,153.53070000000002,2001-12-15,354.0,0.0,
-20.5041,116.5233,2001-12-15,346.0,0.0,
-20.3374,116.5233,2001-12-15,319.0,0.0,
-20.004,148.86310000000003,2001-12-15,34.0,0.0,
-14.1695,136.36059999999998,2001-12-15,279.0,0.0,
-13.8361,136.36059999999998,2001-12-15,279.0,0.0,
-34.8403,150.8635,2001-12-16,127.0,0.0,
-33.8401,151.36360000000002,2001-12-16,132.0,0.0,
-33.6734,151.697,2001-12-16,160.0,0.0,
-32.6732,152.36379999999997,2001-12-16,178.0,0.0,
-32.5065,152.53049999999996,2001-12-16,178.0,0.0,
-30.3394,153.36400000000003,2001-12-16,185.0,0.0,
-27.8389,153.69740000000002,2001-12-16,168.0,0.8,
-20.004,148.86310000000003,2001-12-16,326.0,0.0,
-14.1695,136.36059999999998,2001-12-16,243.0,0.0,
-13.8361,136.36059999999998,2001-12-16,243.0,0.0,
-12.8359,136.52729999999997,2001-12-16,287.0,0.1,
-33.6734,151.36360000000002,2001-12-17,74.0,0.1,
-26.8387,153.53070000000002,2001-12-17,143.0,0.0,
-29.0058,168.03359999999998,2001-12-18,198.0,0.0,
-27.3388,153.36400000000003,2001-12-18,136.0,0.0,
-36.5073,150.19669999999996,2001-12-20,57.0,0.0,
-35.8405,150.5301,2001-12-20,57.0,0.0,
-33.34,151.697,2001-12-20,62.0,0.0,
-29.0058,168.03359999999998,2001-12-20,172.0,0.0,
-27.8389,153.53070000000002,2001-12-20,12.0,0.0,
-27.6722,153.53070000000002,2001-12-20,12.0,0.0,
-26.5053,153.36400000000003,2001-12-20,57.0,0.0,
-24.6716,153.19730000000004,2001-12-20,122.0,0.0,
-24.3382,153.36400000000003,2001-12-20,125.0,0.0,
-6.668,147.69619999999998,2001-12-20,12.0,0.9,
-35.8405,150.6968,2001-12-21,169.0,0.0,
-34.3402,150.8635,2001-12-21,145.0,0.0,
-33.8401,151.36360000000002,2001-12-21,166.0,0.0,
-33.0066,151.697,2001-12-21,153.0,0.0,
-32.6732,152.53049999999996,2001-12-21,160.0,0.0,
-27.0054,153.36400000000003,2001-12-21,21.0,0.0,
-24.3382,153.36400000000003,2001-12-21,360.0,0.0,
-35.8405,150.5301,2001-12-22,143.0,0.0,
-34.8403,151.03020000000004,2001-12-22,126.0,0.0,
-34.0068,151.697,2001-12-22,145.0,0.0,
-27.6722,153.53070000000002,2001-12-22,359.0,0.0,
-24.6716,153.19730000000004,2001-12-22,336.0,0.0,
-20.004,148.86310000000003,2001-12-22,62.0,0.0,
-13.8361,136.36059999999998,2001-12-22,243.0,0.0,
-35.8405,150.5301,2001-12-23,49.0,0.0,
-35.1737,137.36080000000004,2001-12-23,250.0,0.0,
-34.3402,151.5303,2001-12-23,34.0,0.0,
-33.0066,151.8637,2001-12-23,80.0,0.0,
-33.0066,152.53049999999996,2001-12-23,63.0,0.0,
-26.5053,153.53070000000002,2001-12-23,49.0,0.0,
-29.0058,168.03359999999998,2001-12-24,300.0,0.0,
-27.6722,153.53070000000002,2001-12-24,1.0,0.0,
-32.5065,152.53049999999996,2001-12-25,288.0,0.0,
-12.8359,136.52729999999997,2001-12-25,13.0,0.0,
-12.0024,136.52729999999997,2001-12-25,340.0,0.0,
-31.8397,152.8639,2001-12-26,61.0,0.0,
-27.8389,153.36400000000003,2001-12-26,339.0,0.0,
-26.5053,153.53070000000002,2001-12-26,3.0,0.0,
-34.6736,151.19690000000003,2001-12-27,169.0,0.0,
-27.0054,153.53070000000002,2001-12-27,138.0,0.0,
-26.8387,153.36400000000003,2001-12-27,137.0,0.0,
-35.8405,150.5301,2001-12-28,101.0,0.0,
-35.6738,150.5301,2001-12-28,101.0,0.0,
-35.3404,150.6968,2001-12-28,117.0,0.0,
-35.1737,151.03020000000004,2001-12-28,90.0,0.0,
-34.8403,137.0274,2001-12-28,309.0,0.0,
-34.6736,138.361,2001-12-28,292.0,0.0,
-33.5067,151.36360000000002,2001-12-28,85.0,0.0,
-31.3396,153.0306,2001-12-28,122.0,0.0,
-30.3394,153.36400000000003,2001-12-28,27.0,0.0,
-29.0058,168.03359999999998,2001-12-28,197.0,0.0,
-27.8389,153.36400000000003,2001-12-28,13.0,0.0,
-27.8389,153.53070000000002,2001-12-28,22.0,0.0,
-27.6722,153.53070000000002,2001-12-28,22.0,0.0,
-27.5055,153.69740000000002,2001-12-28,20.0,0.0,
-27.0054,153.36400000000003,2001-12-28,50.0,0.0,
-26.8387,153.36400000000003,2001-12-28,58.0,0.0,
-26.5053,153.36400000000003,2001-12-28,68.0,0.0,
-26.5053,153.53070000000002,2001-12-28,65.0,0.0,
-16.5033,146.0292,2001-12-28,27.0,0.0,
-16.5033,146.1959,2001-12-28,9.0,0.0,
-35.6738,150.5301,2001-12-29,57.0,0.0,
-35.3404,150.6968,2001-12-29,69.0,0.0,
-30.3394,153.36400000000003,2001-12-29,58.0,0.0,
-28.0056,153.53070000000002,2001-12-29,353.0,0.0,
-27.6722,153.53070000000002,2001-12-29,359.0,0.0,
-27.0054,153.36400000000003,2001-12-29,28.0,0.0,
-27.0054,153.53070000000002,2001-12-29,19.0,0.0,
-26.8387,153.36400000000003,2001-12-29,31.0,0.0,
-26.8387,153.53070000000002,2001-12-29,20.0,0.0,
-21.8377,114.3562,2001-12-29,215.0,0.0,
-7.0014,147.69619999999998,2001-12-29,69.0,0.1,
-35.6738,150.5301,2001-12-30,160.0,0.0,
-33.34,151.697,2001-12-30,341.0,0.0,
-30.3394,153.53070000000002,2001-12-30,40.0,0.0,
-29.0058,168.03359999999998,2001-12-30,192.0,0.0,
-27.6722,153.53070000000002,2001-12-30,8.0,0.0,
-27.0054,153.53070000000002,2001-12-30,17.0,0.0,
-12.8359,136.52729999999997,2001-12-30,98.0,4.2,
-7.0014,147.69619999999998,2001-12-30,169.0,0.2,
-34.8403,151.03020000000004,2001-12-31,62.0,0.0,
-33.0066,152.0304,2001-12-31,72.0,0.0,
-29.0058,168.03359999999998,2001-12-31,124.0,0.0,
-35.8405,150.5301,2002-01-01,338.0,0.0,
-35.6738,150.6968,2002-01-01,3.0,0.0,
-35.6738,151.03020000000004,2002-01-01,11.0,0.0,
-27.8389,153.53070000000002,2002-01-01,8.0,0.0,
-35.3404,150.6968,2002-01-02,286.0,0.0,
-32.0064,115.18970000000002,2002-01-02,151.0,0.0,
-29.0058,168.03359999999998,2002-01-02,72.0,0.0,
-27.8389,153.53070000000002,2002-01-02,354.0,0.0,
-38.341,150.3634,2002-01-03,251.0,0.3,
-36.5073,150.19669999999996,2002-01-03,229.0,0.0,
-36.3406,150.3634,2002-01-03,208.0,0.0,
-36.1739,150.3634,2002-01-03,208.0,0.0,
-32.5065,152.6972,2002-01-03,216.0,0.0,
-30.3394,153.36400000000003,2002-01-03,137.0,0.0,
-28.8391,153.69740000000002,2002-01-03,147.0,0.0,
-27.0054,153.53070000000002,2002-01-03,140.0,0.0,
-26.8387,153.53070000000002,2002-01-03,148.0,0.0,
-20.1707,149.5299,2002-01-03,338.0,0.0,
-36.5073,150.19669999999996,2002-01-04,98.0,0.1,
-36.3406,150.3634,2002-01-04,117.0,0.0,
-35.8405,150.5301,2002-01-04,142.0,0.0,
-34.8403,151.03020000000004,2002-01-04,41.0,0.0,
-33.8401,151.5303,2002-01-04,45.0,0.0,
-33.0066,152.0304,2002-01-04,297.0,0.0,
-30.3394,153.36400000000003,2002-01-04,35.0,0.0,
-28.0056,153.8641,2002-01-04,81.0,0.0,
-27.0054,153.36400000000003,2002-01-04,98.0,0.0,
-27.0054,153.53070000000002,2002-01-04,98.0,0.0,
-26.8387,153.36400000000003,2002-01-04,106.0,0.0,
-26.8387,153.53070000000002,2002-01-04,105.0,0.0,
-26.5053,153.36400000000003,2002-01-04,112.0,0.0,
-36.1739,150.19669999999996,2002-01-05,93.0,0.0,
-34.8403,150.8635,2002-01-05,122.0,0.0,
-33.1733,151.697,2002-01-05,164.0,0.0,
-27.8389,153.36400000000003,2002-01-05,301.0,0.2,
-27.8389,153.53070000000002,2002-01-05,45.0,0.0,
-27.3388,153.36400000000003,2002-01-05,71.0,0.0,
-27.0054,153.36400000000003,2002-01-05,67.0,0.0,
-27.0054,153.53070000000002,2002-01-05,46.0,0.0,
-26.8387,153.36400000000003,2002-01-05,52.0,0.2,
-26.8387,153.53070000000002,2002-01-05,34.0,0.2,
-26.5053,153.36400000000003,2002-01-05,35.0,0.5,
-26.3386,153.36400000000003,2002-01-05,34.0,0.8,
-20.3374,116.5233,2002-01-05,297.0,0.0,
-7.1681,147.52949999999998,2002-01-05,114.0,0.0,
-6.668,148.5297,2002-01-05,225.0,0.0,
-35.1737,137.86090000000002,2002-01-06,257.0,0.6,
-34.5069,151.19690000000003,2002-01-06,51.0,0.0,
-33.6734,151.36360000000002,2002-01-06,68.0,0.0,
-33.34,151.697,2002-01-06,79.0,0.0,
-32.6732,152.36379999999997,2002-01-06,90.0,0.0,
-30.8395,153.0306,2002-01-06,98.0,0.0,
-30.3394,153.36400000000003,2002-01-06,122.0,0.0,
-28.8391,153.69740000000002,2002-01-06,90.0,0.1,
-27.3388,153.36400000000003,2002-01-06,28.0,0.1,
-27.0054,153.36400000000003,2002-01-06,41.0,0.0,
-27.0054,153.53070000000002,2002-01-06,39.0,0.0,
-26.8387,153.36400000000003,2002-01-06,53.0,0.0,
-26.8387,153.53070000000002,2002-01-06,49.0,0.0,
-26.5053,153.36400000000003,2002-01-06,59.0,0.0,
-26.3386,153.36400000000003,2002-01-06,84.0,0.0,
-7.0014,147.3628,2002-01-06,71.0,0.0,
-7.0014,147.86289999999997,2002-01-06,99.0,0.0,
-33.1733,151.697,2002-01-07,336.0,0.0,
-32.5065,152.53049999999996,2002-01-07,354.0,0.2,
-29.0058,168.03359999999998,2002-01-07,198.0,0.0,
-26.3386,153.36400000000003,2002-01-07,22.0,0.0,
-30.8395,153.0306,2002-01-08,73.0,0.0,
-28.0056,153.53070000000002,2002-01-08,2.0,0.0,
-27.8389,153.53070000000002,2002-01-08,355.0,0.0,
-37.3408,139.69460000000004,2002-01-09,40.0,0.0,
-33.1733,134.19349999999997,2002-01-09,320.0,0.0,
-26.3386,153.19730000000004,2002-01-09,159.0,0.0,
-26.3386,153.36400000000003,2002-01-09,143.0,0.0,
-37.3408,139.69460000000004,2002-01-10,348.0,0.0,
-33.1733,134.19349999999997,2002-01-10,320.0,0.0,
-28.0056,153.53070000000002,2002-01-10,105.0,0.0,
-27.8389,153.53070000000002,2002-01-10,97.0,0.0,
-35.8405,150.6968,2002-01-11,64.0,0.0,
-35.6738,150.5301,2002-01-11,74.0,0.0,
-35.6738,150.6968,2002-01-11,64.0,0.0,
-35.5071,150.5301,2002-01-11,83.0,0.0,
-35.5071,150.6968,2002-01-11,80.0,0.0,
-35.5071,150.8635,2002-01-11,80.0,0.0,
-35.3404,150.6968,2002-01-11,90.0,0.0,
-33.8401,151.697,2002-01-11,146.0,0.0,
-32.8399,151.8637,2002-01-11,130.0,0.0,
-32.6732,133.8601,2002-01-11,170.0,0.0,
-31.3396,153.19730000000004,2002-01-11,172.0,0.0,
-28.0056,153.53070000000002,2002-01-11,46.0,0.0,
-27.0054,153.53070000000002,2002-01-11,36.0,0.0,
-26.5053,153.53070000000002,2002-01-11,20.0,0.0,
-26.3386,153.36400000000003,2002-01-11,34.0,0.0,
-16.3366,146.0292,2002-01-11,354.0,0.0,
-35.8405,150.6968,2002-01-12,192.0,0.0,
-34.6736,138.52769999999998,2002-01-12,198.0,0.0,
-27.8389,153.53070000000002,2002-01-12,352.0,0.0,
-27.6722,153.53070000000002,2002-01-12,352.0,0.0,
-26.672,153.19730000000004,2002-01-12,304.0,0.0,
-26.5053,153.36400000000003,2002-01-12,8.0,0.0,
-26.5053,153.53070000000002,2002-01-12,360.0,0.0,
-20.3374,116.69,2002-01-12,234.0,0.0,
-20.004,148.86310000000003,2002-01-12,341.0,0.0,
-7.0014,147.69619999999998,2002-01-12,63.0,0.0,
-6.668,147.69619999999998,2002-01-12,8.0,0.0,
-5.1677,145.8625,2002-01-12,360.0,0.0,
-36.0072,150.3634,2002-01-13,192.0,0.0,
-35.8405,150.3634,2002-01-13,172.0,0.0,
-35.8405,150.5301,2002-01-13,187.0,0.0,
-35.8405,150.6968,2002-01-13,205.0,0.0,
-35.6738,150.5301,2002-01-13,187.0,0.0,
-35.3404,150.6968,2002-01-13,166.0,0.0,
-34.8403,151.03020000000004,2002-01-13,170.0,0.0,
-34.3402,151.5303,2002-01-13,200.0,0.0,
-33.5067,151.5303,2002-01-13,189.0,0.0,
-32.5065,152.36379999999997,2002-01-13,213.0,0.0,
-32.5065,152.8639,2002-01-13,204.0,0.0,
-31.3396,153.19730000000004,2002-01-13,146.0,0.0,
-31.3396,153.36400000000003,2002-01-13,146.0,0.0,
-31.3396,153.53070000000002,2002-01-13,177.0,0.0,
-27.8389,153.53070000000002,2002-01-13,88.0,0.0,
-27.6722,153.53070000000002,2002-01-13,88.0,0.0,
-27.3388,153.36400000000003,2002-01-13,81.0,0.0,
-26.8387,153.36400000000003,2002-01-13,102.0,0.0,
-26.672,153.19730000000004,2002-01-13,79.0,0.0,
-26.5053,153.36400000000003,2002-01-13,107.0,0.0,
-26.5053,153.53070000000002,2002-01-13,118.0,0.0,
-32.8399,151.8637,2002-01-14,168.0,0.0,
-34.0068,151.36360000000002,2002-01-15,133.0,0.0,
-31.3396,153.19730000000004,2002-01-15,128.0,0.0,
-31.3396,153.36400000000003,2002-01-15,128.0,0.0,
-28.8391,153.69740000000002,2002-01-15,128.0,0.2,
-16.3366,146.0292,2002-01-15,171.0,0.0,
-29.0058,168.03359999999998,2002-01-16,100.0,0.0,
-28.1723,153.53070000000002,2002-01-16,65.0,0.0,
-27.8389,153.53070000000002,2002-01-16,64.0,0.0,
-27.0054,153.36400000000003,2002-01-16,70.0,0.0,
-26.8387,153.36400000000003,2002-01-16,71.0,0.0,
-26.5053,153.36400000000003,2002-01-16,66.0,0.0,
-32.8399,151.8637,2002-01-17,154.0,0.0,
-31.3396,153.19730000000004,2002-01-17,164.0,0.0,
-31.1729,153.19730000000004,2002-01-17,135.0,0.0,
-31.0062,153.36400000000003,2002-01-17,160.0,0.0,
-18.337,146.69600000000003,2002-01-17,36.0,0.0,
-37.0074,150.3634,2002-01-18,39.0,0.0,
-36.5073,150.19669999999996,2002-01-18,53.0,0.0,
-35.8405,150.5301,2002-01-18,61.0,0.0,
-35.6738,150.6968,2002-01-18,53.0,0.0,
-35.5071,150.6968,2002-01-18,66.0,0.0,
-34.3402,150.8635,2002-01-18,72.0,0.0,
-33.1733,134.19349999999997,2002-01-18,295.0,0.0,
-33.0066,151.697,2002-01-18,108.0,0.0,
-31.3396,153.19730000000004,2002-01-18,135.0,0.0,
-31.3396,153.36400000000003,2002-01-18,135.0,0.0,
-21.8377,114.18950000000001,2002-01-18,229.0,0.0,
-12.8359,136.52729999999997,2002-01-18,34.0,0.7,
-6.668,148.5297,2002-01-18,117.0,0.0,
-36.1739,150.3634,2002-01-19,31.0,0.0,
-35.8405,150.5301,2002-01-19,36.0,0.0,
-35.8405,150.6968,2002-01-19,30.0,0.0,
-35.6738,150.5301,2002-01-19,36.0,0.0,
-35.3404,150.6968,2002-01-19,46.0,0.0,
-34.6736,138.52769999999998,2002-01-19,293.0,0.0,
-33.1733,134.19349999999997,2002-01-19,319.0,0.0,
-32.6732,152.36379999999997,2002-01-19,66.0,0.0,
-32.5065,152.36379999999997,2002-01-19,66.0,0.0,
-32.5065,152.8639,2002-01-19,55.0,0.0,
-31.3396,153.19730000000004,2002-01-19,72.0,0.0,
-30.8395,153.19730000000004,2002-01-19,77.0,0.0,
-28.1723,153.53070000000002,2002-01-19,135.0,0.0,
-27.8389,153.36400000000003,2002-01-19,122.0,0.0,
-27.8389,153.53070000000002,2002-01-19,136.0,0.0,
-27.8389,153.69740000000002,2002-01-19,147.0,0.0,
-27.8389,153.8641,2002-01-19,147.0,0.0,
-27.3388,153.36400000000003,2002-01-19,134.0,0.0,
-12.8359,136.52729999999997,2002-01-19,94.0,0.0,
-7.0014,148.02959999999996,2002-01-19,125.0,0.2,
-35.6738,150.5301,2002-01-20,34.0,0.0,
-34.0068,151.5303,2002-01-20,41.0,0.0,
-33.8401,151.36360000000002,2002-01-20,49.0,0.0,
-33.34,152.19709999999998,2002-01-20,35.0,0.0,
-33.1733,152.19709999999998,2002-01-20,35.0,0.0,
-32.8399,151.8637,2002-01-20,62.0,0.0,
-32.5065,152.53049999999996,2002-01-20,52.0,0.0,
-30.3394,153.36400000000003,2002-01-20,40.0,0.0,
-30.3394,153.53070000000002,2002-01-20,34.0,0.0,
-28.0056,153.53070000000002,2002-01-20,75.0,0.0,
-27.8389,153.36400000000003,2002-01-20,86.0,0.0,
-27.8389,153.53070000000002,2002-01-20,94.0,0.0,
-27.8389,153.69740000000002,2002-01-20,101.0,0.0,
-27.0054,153.36400000000003,2002-01-20,106.0,0.0,
-27.0054,153.53070000000002,2002-01-20,109.0,0.0,
-26.8387,153.36400000000003,2002-01-20,114.0,0.0,
-26.5053,153.19730000000004,2002-01-20,112.0,0.0,
-14.1695,136.36059999999998,2002-01-20,95.0,0.2,
-12.0024,136.8607,2002-01-20,94.0,0.2,
-7.1681,147.69619999999998,2002-01-20,333.0,0.0,
-7.0014,147.69619999999998,2002-01-20,193.0,0.0,
-7.0014,148.02959999999996,2002-01-20,201.0,0.0,
-7.0014,148.5297,2002-01-20,360.0,0.0,
-6.668,147.69619999999998,2002-01-20,98.0,0.0,
-35.6738,137.86090000000002,2002-01-21,138.0,0.0,
-24.6716,153.19730000000004,2002-01-21,126.0,0.1,
-36.5073,150.19669999999996,2002-01-22,30.0,0.0,
-33.1733,134.19349999999997,2002-01-22,186.0,0.0,
-27.0054,153.53070000000002,2002-01-22,101.0,0.0,
-26.8387,153.69740000000002,2002-01-22,111.0,0.0,
-36.5073,150.19669999999996,2002-01-23,153.0,0.0,
-33.1733,134.19349999999997,2002-01-23,168.0,0.0,
-28.0056,153.53070000000002,2002-01-23,87.0,0.1,
-27.8389,153.53070000000002,2002-01-23,100.0,0.0,
-27.0054,153.36400000000003,2002-01-23,120.0,0.0,
-5.1677,145.8625,2002-01-23,270.0,2.8,
-36.5073,150.19669999999996,2002-01-24,135.0,0.6,
-36.5073,150.5301,2002-01-24,133.0,0.0,
-27.8389,153.53070000000002,2002-01-24,144.0,0.0,
-26.8387,153.53070000000002,2002-01-24,141.0,0.1,
-36.5073,150.19669999999996,2002-01-25,57.0,0.0,
-36.5073,150.3634,2002-01-25,45.0,0.0,
-36.3406,150.19669999999996,2002-01-25,63.0,0.0,
-36.3406,150.3634,2002-01-25,62.0,0.0,
-35.5071,150.6968,2002-01-25,55.0,0.0,
-34.6736,151.19690000000003,2002-01-25,47.0,0.0,
-33.1733,134.19349999999997,2002-01-25,313.0,0.0,
-20.1707,149.19650000000001,2002-01-25,155.0,0.0,
-36.5073,150.19669999999996,2002-01-26,40.0,0.0,
-36.5073,150.3634,2002-01-26,36.0,0.0,
-36.1739,150.3634,2002-01-26,42.0,0.0,
-35.8405,150.5301,2002-01-26,52.0,0.0,
-35.3404,150.6968,2002-01-26,70.0,0.0,
-35.1737,151.03020000000004,2002-01-26,57.0,0.0,
-35.007,151.19690000000003,2002-01-26,66.0,0.0,
-34.8403,150.8635,2002-01-26,84.0,0.0,
-34.6736,151.19690000000003,2002-01-26,78.0,0.0,
-34.0068,151.36360000000002,2002-01-26,97.0,0.0,
-34.0068,151.5303,2002-01-26,90.0,0.0,
-34.0068,151.8637,2002-01-26,82.0,0.0,
-33.8401,151.36360000000002,2002-01-26,101.0,0.0,
-33.8401,151.5303,2002-01-26,93.0,0.0,
-33.8401,151.697,2002-01-26,88.0,0.0,
-33.6734,151.36360000000002,2002-01-26,112.0,0.0,
-33.6734,151.697,2002-01-26,88.0,0.0,
-33.5067,151.5303,2002-01-26,113.0,0.1,
-33.1733,134.19349999999997,2002-01-26,227.0,0.0,
-32.8399,152.36379999999997,2002-01-26,117.0,0.0,
-26.5053,153.53070000000002,2002-01-26,158.0,0.0,
-36.8407,150.19669999999996,2002-01-27,25.0,0.0,
-36.5073,150.19669999999996,2002-01-27,35.0,0.0,
-36.5073,150.3634,2002-01-27,26.0,0.0,
-36.3406,150.3634,2002-01-27,33.0,0.0,
-36.3406,150.5301,2002-01-27,26.0,0.0,
-35.6738,150.19669999999996,2002-01-27,63.0,0.0,
-35.3404,150.6968,2002-01-27,63.0,0.0,
-35.3404,150.8635,2002-01-27,54.0,0.0,
-35.1737,151.03020000000004,2002-01-27,41.0,0.0,
-34.8403,150.8635,2002-01-27,61.0,0.0,
-34.6736,151.03020000000004,2002-01-27,58.0,0.0,
-34.6736,151.19690000000003,2002-01-27,47.0,0.0,
-34.6736,151.5303,2002-01-27,49.0,0.0,
-34.0068,151.36360000000002,2002-01-27,86.0,0.0,
-34.0068,151.5303,2002-01-27,92.0,0.0,
-34.0068,151.697,2002-01-27,88.0,0.0,
-33.8401,151.5303,2002-01-27,102.0,0.0,
-33.8401,151.697,2002-01-27,100.0,0.0,
-33.6734,151.36360000000002,2002-01-27,103.0,0.0,
-33.6734,151.697,2002-01-27,100.0,0.0,
-33.6734,151.8637,2002-01-27,100.0,0.0,
-33.5067,151.5303,2002-01-27,105.0,0.0,
-33.5067,151.8637,2002-01-27,107.0,0.0,
-32.6732,152.36379999999997,2002-01-27,103.0,0.4,
-20.004,148.86310000000003,2002-01-27,130.0,0.0,
-6.668,147.69619999999998,2002-01-27,351.0,0.3,
-35.3404,150.6968,2002-01-28,42.0,0.0,
-35.3404,150.8635,2002-01-28,38.0,0.0,
-35.1737,151.03020000000004,2002-01-28,28.0,0.0,
-34.8403,150.8635,2002-01-28,34.0,0.0,
-34.0068,151.36360000000002,2002-01-28,45.0,0.0,
-34.0068,151.5303,2002-01-28,41.0,0.0,
-33.6734,151.36360000000002,2002-01-28,66.0,0.0,
-33.5067,151.5303,2002-01-28,73.0,0.0,
-20.004,148.86310000000003,2002-01-28,141.0,0.0,
-18.1703,147.3628,2002-01-28,162.0,0.0,
-36.5073,150.19669999999996,2002-01-29,172.0,0.0,
-36.5073,150.3634,2002-01-29,182.0,0.2,
-35.6738,137.86090000000002,2002-01-29,124.0,0.0,
-34.0068,151.19690000000003,2002-01-29,149.0,0.0,
-37.0074,150.19669999999996,2002-01-30,41.0,0.0,
-36.8407,150.19669999999996,2002-01-30,48.0,0.0,
-35.6738,150.5301,2002-01-30,204.0,0.0,
-20.004,148.86310000000003,2002-01-30,293.0,0.0,
-36.3406,150.19669999999996,2002-01-31,164.0,0.0,
-36.5073,150.19669999999996,2002-02-01,59.0,0.2,
-35.5071,150.6968,2002-02-01,72.0,0.0,
-35.5071,150.8635,2002-02-01,72.0,0.0,
-35.3404,150.6968,2002-02-01,83.0,0.2,
-34.8403,151.03020000000004,2002-02-01,76.0,0.2,
-32.6732,152.36379999999997,2002-02-01,108.0,1.1,
-30.8395,153.0306,2002-02-01,203.0,0.1,
-27.0054,153.36400000000003,2002-02-01,142.0,0.0,
-27.0054,153.8641,2002-02-01,183.0,0.0,
-26.8387,153.69740000000002,2002-02-01,185.0,0.0,
-26.5053,153.36400000000003,2002-02-01,150.0,0.0,
-26.5053,153.53070000000002,2002-02-01,174.0,0.0,
-20.1707,149.19650000000001,2002-02-01,164.0,0.0,
-17.5035,168.5337,2002-02-01,15.0,0.0,
-37.8409,149.02980000000002,2002-02-02,199.0,0.0,
-36.5073,150.19669999999996,2002-02-02,26.0,0.0,
-36.3406,150.3634,2002-02-02,32.0,0.0,
-35.6738,150.5301,2002-02-02,43.0,0.0,
-35.6738,150.6968,2002-02-02,33.0,0.0,
-35.5071,150.3634,2002-02-02,55.0,0.0,
-35.5071,150.5301,2002-02-02,52.0,0.0,
-35.5071,150.6968,2002-02-02,41.0,0.0,
-35.5071,150.8635,2002-02-02,41.0,0.0,
-35.3404,150.5301,2002-02-02,53.0,0.0,
-35.3404,150.6968,2002-02-02,53.0,0.0,
-35.3404,150.8635,2002-02-02,52.0,0.0,
-35.1737,151.03020000000004,2002-02-02,37.0,0.0,
-34.8403,150.8635,2002-02-02,70.0,0.0,
-33.8401,151.36360000000002,2002-02-02,119.0,0.0,
-33.8401,151.697,2002-02-02,151.0,0.0,
-33.5067,152.0304,2002-02-02,172.0,0.0,
-33.34,151.697,2002-02-02,153.0,0.0,
-33.34,152.0304,2002-02-02,173.0,0.0,
-33.34,152.19709999999998,2002-02-02,175.0,0.0,
-33.34,152.36379999999997,2002-02-02,175.0,0.0,
-33.1733,151.697,2002-02-02,153.0,0.0,
-33.1733,152.0304,2002-02-02,173.0,0.0,
-33.1733,152.19709999999998,2002-02-02,175.0,0.0,
-33.1733,152.36379999999997,2002-02-02,175.0,0.0,
-33.1733,153.19730000000004,2002-02-02,174.0,0.0,
-33.0066,151.8637,2002-02-02,164.0,0.0,
-33.0066,152.19709999999998,2002-02-02,179.0,0.0,
-33.0066,152.53049999999996,2002-02-02,183.0,0.0,
-32.8399,152.6972,2002-02-02,193.0,0.0,
-32.6732,152.19709999999998,2002-02-02,177.0,0.2,
-32.5065,152.8639,2002-02-02,190.0,0.0,
-27.6722,153.53070000000002,2002-02-02,122.0,0.0,
-27.0054,153.36400000000003,2002-02-02,127.0,0.0,
-27.0054,153.53070000000002,2002-02-02,145.0,0.0,
-26.8387,153.36400000000003,2002-02-02,141.0,0.0,
-26.672,153.19730000000004,2002-02-02,129.0,0.0,
-26.672,153.36400000000003,2002-02-02,141.0,0.0,
-26.5053,153.36400000000003,2002-02-02,145.0,0.0,
-26.5053,153.53070000000002,2002-02-02,159.0,0.0,
-20.5041,116.35660000000001,2002-02-02,52.0,0.0,
-33.8401,151.5303,2002-02-03,178.0,0.0,
-33.6734,151.36360000000002,2002-02-03,173.0,0.3,
-33.6734,151.5303,2002-02-03,178.0,0.0,
-33.5067,151.5303,2002-02-03,178.0,0.5,
-33.5067,151.8637,2002-02-03,177.0,0.0,
-33.34,151.697,2002-02-03,178.0,0.5,
-33.34,152.0304,2002-02-03,172.0,0.2,
-33.34,152.19709999999998,2002-02-03,166.0,0.2,
-33.1733,151.8637,2002-02-03,177.0,0.1,
-33.1733,152.0304,2002-02-03,172.0,0.2,
-33.1733,152.19709999999998,2002-02-03,166.0,0.2,
-33.1733,152.53049999999996,2002-02-03,163.0,0.2,
-33.0066,151.8637,2002-02-03,170.0,0.2,
-33.0066,152.53049999999996,2002-02-03,161.0,0.2,
-32.8399,152.0304,2002-02-03,165.0,0.6,
-32.6732,152.36379999999997,2002-02-03,160.0,0.3,
-32.6732,152.6972,2002-02-03,158.0,0.1,
-30.3394,153.36400000000003,2002-02-03,181.0,0.0,
-26.8387,153.53070000000002,2002-02-03,157.0,0.0,
-26.5053,153.8641,2002-02-03,162.0,0.0,
-6.668,148.5297,2002-02-03,251.0,0.0,
-36.5073,150.19669999999996,2002-02-04,183.0,2.3,
-36.5073,150.5301,2002-02-04,112.0,1.2,
-35.8405,150.5301,2002-02-04,113.0,1.2,
-34.8403,151.03020000000004,2002-02-04,74.0,2.0,
-30.3394,153.36400000000003,2002-02-04,146.0,0.0,
-30.1727,153.19730000000004,2002-02-04,132.0,0.0,
-20.5041,116.5233,2002-02-04,86.0,0.0,
-32.5065,152.36379999999997,2002-02-05,93.0,0.7,
-31.8397,115.18970000000002,2002-02-05,42.0,0.0,
-26.8387,153.69740000000002,2002-02-05,169.0,0.0,
-20.5041,117.02339999999998,2002-02-05,119.0,0.0,
-36.3406,150.3634,2002-02-06,88.0,0.7,
-33.0066,151.697,2002-02-06,90.0,0.5,
-36.8407,150.19669999999996,2002-02-07,64.0,0.7,
-34.0068,151.36360000000002,2002-02-07,26.0,4.3,
-32.6732,152.36379999999997,2002-02-07,52.0,1.4,
-32.0064,115.18970000000002,2002-02-07,120.0,0.0,
-27.8389,153.69740000000002,2002-02-07,147.0,0.0,
-27.0054,153.53070000000002,2002-02-07,149.0,0.0,
-26.5053,153.36400000000003,2002-02-07,151.0,0.1,
-20.8375,149.5299,2002-02-07,338.0,0.0,
-36.5073,150.19669999999996,2002-02-08,34.0,0.3,
-35.5071,150.6968,2002-02-08,42.0,0.0,
-34.8403,150.8635,2002-02-08,58.0,3.3,
-32.6732,152.53049999999996,2002-02-08,38.0,0.0,
-27.8389,153.69740000000002,2002-02-08,32.0,0.0,
-27.0054,153.36400000000003,2002-02-08,90.0,0.0,
-26.8387,153.36400000000003,2002-02-08,78.0,0.0,
-26.8387,153.53070000000002,2002-02-08,51.0,0.0,
-26.5053,153.53070000000002,2002-02-08,39.0,0.0,
-20.8375,149.19650000000001,2002-02-08,3.0,0.0,
-42.5085,148.1963,2002-02-09,126.0,0.0,
-34.5069,151.03020000000004,2002-02-09,253.0,0.2,
-34.0068,151.36360000000002,2002-02-09,235.0,0.1,
-33.8401,151.36360000000002,2002-02-09,231.0,0.0,
-32.8399,151.8637,2002-02-09,256.0,0.0,
-30.8395,153.0306,2002-02-09,257.0,0.0,
-28.0056,153.8641,2002-02-09,248.0,0.0,
-27.8389,153.53070000000002,2002-02-09,271.0,0.0,
-27.6722,153.53070000000002,2002-02-09,271.0,0.0,
-27.0054,153.36400000000003,2002-02-09,244.0,0.0,
-26.8387,153.19730000000004,2002-02-09,246.0,0.0,
-26.8387,153.36400000000003,2002-02-09,235.0,0.0,
-26.8387,153.53070000000002,2002-02-09,232.0,0.0,
-26.5053,153.19730000000004,2002-02-09,244.0,0.0,
-26.5053,153.53070000000002,2002-02-09,219.0,0.0,
-18.1703,146.3626,2002-02-09,155.0,0.0,
-34.8403,150.8635,2002-02-10,240.0,0.2,
-34.8403,152.36379999999997,2002-02-10,248.0,0.2,
-34.6736,151.19690000000003,2002-02-10,156.0,0.6,
-34.5069,151.03020000000004,2002-02-10,297.0,1.0,
-34.0068,151.697,2002-02-10,6.0,0.0,
-33.6734,151.36360000000002,2002-02-10,285.0,0.0,
-33.5067,114.85630000000003,2002-02-10,46.0,0.0,
-32.8399,151.8637,2002-02-10,297.0,0.0,
-32.6732,152.36379999999997,2002-02-10,309.0,0.0,
-30.8395,153.0306,2002-02-10,27.0,0.0,
-30.3394,153.36400000000003,2002-02-10,47.0,0.0,
-27.8389,153.36400000000003,2002-02-10,27.0,0.0,
-27.8389,153.53070000000002,2002-02-10,51.0,0.0,
-27.8389,153.69740000000002,2002-02-10,15.0,0.0,
-27.6722,153.53070000000002,2002-02-10,51.0,0.0,
-26.8387,153.36400000000003,2002-02-10,97.0,0.0,
-26.8387,153.53070000000002,2002-02-10,139.0,0.0,
-26.5053,153.8641,2002-02-10,138.0,0.0,
-30.8395,153.0306,2002-02-11,131.0,0.0,
-29.0058,168.03359999999998,2002-02-11,326.0,0.2,
-28.0056,153.53070000000002,2002-02-11,73.0,0.0,
-26.8387,153.36400000000003,2002-02-11,44.0,0.0,
-26.5053,153.36400000000003,2002-02-11,44.0,0.0,
-26.5053,153.53070000000002,2002-02-11,27.0,0.0,
-17.5035,168.5337,2002-02-11,70.0,0.0,
-7.0014,147.3628,2002-02-11,62.0,0.0,
-36.8407,150.19669999999996,2002-02-12,186.0,0.0,
-36.5073,150.19669999999996,2002-02-12,166.0,0.0,
-36.3406,150.3634,2002-02-12,184.0,0.0,
-34.0068,151.36360000000002,2002-02-12,185.0,0.0,
-34.0068,151.5303,2002-02-12,189.0,0.0,
-32.5065,133.36,2002-02-12,198.0,0.0,
-29.0058,168.03359999999998,2002-02-12,265.0,0.3,
-36.8407,150.19669999999996,2002-02-13,38.0,0.0,
-36.5073,150.19669999999996,2002-02-13,41.0,0.0,
-33.34,133.36,2002-02-13,177.0,0.0,
-36.5073,150.19669999999996,2002-02-14,41.0,0.0,
-36.3406,150.3634,2002-02-14,40.0,0.0,
-36.0072,150.3634,2002-02-14,46.0,0.0,
-34.3402,150.8635,2002-02-14,50.0,0.0,
-33.1733,134.19349999999997,2002-02-14,340.0,0.0,
-30.8395,153.0306,2002-02-14,87.0,0.0,
-36.5073,150.19669999999996,2002-02-15,33.0,0.0,
-36.3406,150.19669999999996,2002-02-15,39.0,0.0,
-35.6738,150.5301,2002-02-15,33.0,0.0,
-34.0068,151.5303,2002-02-15,44.0,0.0,
-33.8401,151.5303,2002-02-15,52.0,0.0,
-33.5067,151.5303,2002-02-15,71.0,0.0,
-32.8399,151.8637,2002-02-15,80.0,0.0,
-27.8389,153.53070000000002,2002-02-15,136.0,0.0,
-41.3416,148.69640000000004,2002-02-16,311.0,0.0,
-38.341,141.19489999999996,2002-02-16,271.0,0.0,
-38.341,144.6956,2002-02-16,202.0,0.0,
-36.8407,150.19669999999996,2002-02-16,162.0,0.0,
-35.1737,151.03020000000004,2002-02-16,31.0,0.0,
-34.3402,152.53049999999996,2002-02-16,360.0,0.0,
-34.0068,151.36360000000002,2002-02-16,34.0,0.0,
-33.6734,152.53049999999996,2002-02-16,3.0,0.0,
-33.34,151.697,2002-02-16,14.0,0.0,
-33.0066,151.8637,2002-02-16,333.0,0.0,
-33.0066,152.0304,2002-02-16,14.0,0.0,
-32.8399,151.8637,2002-02-16,333.0,0.0,
-32.6732,152.36379999999997,2002-02-16,26.0,0.0,
-32.5065,152.36379999999997,2002-02-16,26.0,0.0,
-32.5065,152.53049999999996,2002-02-16,26.0,0.0,
-28.1723,153.53070000000002,2002-02-16,70.0,0.2,
-28.0056,153.53070000000002,2002-02-16,70.0,0.2,
-27.3388,153.36400000000003,2002-02-16,89.0,0.0,
-27.0054,153.53070000000002,2002-02-16,98.0,0.0,
-26.8387,153.36400000000003,2002-02-16,101.0,0.0,
-26.8387,153.53070000000002,2002-02-16,102.0,0.0,
-26.672,153.19730000000004,2002-02-16,102.0,0.0,
-20.5041,116.5233,2002-02-16,344.0,0.0,
-5.1677,145.8625,2002-02-16,247.0,0.9,
-38.5077,145.029,2002-02-17,200.0,0.0,
-38.341,144.6956,2002-02-17,188.0,0.0,
-36.8407,150.19669999999996,2002-02-17,177.0,0.0,
-36.5073,150.19669999999996,2002-02-17,157.0,0.0,
-35.6738,150.5301,2002-02-17,175.0,0.0,
-35.1737,151.03020000000004,2002-02-17,181.0,0.0,
-33.8401,151.5303,2002-02-17,179.0,0.0,
-33.8401,151.697,2002-02-17,200.0,0.0,
-33.5067,114.85630000000003,2002-02-17,155.0,0.0,
-33.5067,151.5303,2002-02-17,152.0,0.0,
-33.5067,151.697,2002-02-17,177.0,0.0,
-33.1733,152.19709999999998,2002-02-17,26.0,0.0,
-32.8399,151.8637,2002-02-17,118.0,0.0,
-32.8399,152.53049999999996,2002-02-17,33.0,0.0,
-32.6732,152.36379999999997,2002-02-17,52.0,0.0,
-29.3392,153.69740000000002,2002-02-17,59.0,0.0,
-29.1725,153.53070000000002,2002-02-17,68.0,0.0,
-28.1723,153.53070000000002,2002-02-17,79.0,0.0,
-28.1723,153.8641,2002-02-17,82.0,0.0,
-27.0054,153.53070000000002,2002-02-17,100.0,0.0,
-26.8387,153.19730000000004,2002-02-17,103.0,0.0,
-26.8387,153.36400000000003,2002-02-17,101.0,0.0,
-26.8387,153.53070000000002,2002-02-17,104.0,0.0,
-26.5053,153.36400000000003,2002-02-17,103.0,0.0,
-26.5053,153.53070000000002,2002-02-17,105.0,0.0,
-6.668,147.69619999999998,2002-02-17,351.0,0.1,
-35.1737,151.03020000000004,2002-02-18,163.0,0.0,
-32.5065,153.19730000000004,2002-02-18,23.0,0.0,
-26.5053,153.53070000000002,2002-02-18,89.0,0.2,
-41.3416,148.363,2002-02-19,53.0,0.0,
-36.5073,150.19669999999996,2002-02-19,122.0,0.0,
-36.3406,150.3634,2002-02-19,157.0,0.0,
-35.1737,151.03020000000004,2002-02-19,206.0,0.0,
-34.8403,150.8635,2002-02-19,195.0,0.0,
-30.8395,153.0306,2002-02-19,90.0,1.2,
-29.0058,168.03359999999998,2002-02-19,132.0,0.0,
-28.0056,153.53070000000002,2002-02-19,72.0,0.7,
-34.6736,151.03020000000004,2002-02-20,39.0,0.0,
-34.6736,151.19690000000003,2002-02-20,29.0,0.0,
-33.0066,152.53049999999996,2002-02-20,40.0,0.0,
-32.6732,152.36379999999997,2002-02-20,35.0,0.0,
-30.8395,153.0306,2002-02-20,35.0,0.0,
-27.8389,153.36400000000003,2002-02-20,64.0,0.2,
-27.8389,153.69740000000002,2002-02-20,62.0,0.0,
-26.5053,153.53070000000002,2002-02-20,92.0,0.0,
-20.004,148.86310000000003,2002-02-20,120.0,0.1,
-36.5073,150.19669999999996,2002-02-21,93.0,0.0,
-36.3406,150.3634,2002-02-21,120.0,0.0,
-33.6734,152.53049999999996,2002-02-21,302.0,0.0,
-33.0066,152.0304,2002-02-21,285.0,0.0,
-33.0066,152.53049999999996,2002-02-21,309.0,0.0,
-32.6732,152.36379999999997,2002-02-21,279.0,0.0,
-29.0058,168.03359999999998,2002-02-21,156.0,0.0,
-27.6722,153.53070000000002,2002-02-21,351.0,0.0,
-27.0054,153.53070000000002,2002-02-21,357.0,0.0,
-36.5073,150.19669999999996,2002-02-22,198.0,0.0,
-36.3406,150.3634,2002-02-22,171.0,0.0,
-35.1737,151.03020000000004,2002-02-22,170.0,0.0,
-34.6736,173.368,2002-02-22,356.0,0.0,
-33.1733,151.697,2002-02-22,186.0,0.0,
-32.6732,152.53049999999996,2002-02-22,211.0,0.0,
-32.5065,153.19730000000004,2002-02-22,206.0,0.0,
-18.1703,-173.8681,2002-02-22,73.0,0.0,
-36.5073,150.19669999999996,2002-02-23,115.0,0.0,
-36.5073,150.3634,2002-02-23,162.0,0.0,
-36.5073,151.03020000000004,2002-02-23,205.0,0.0,
-36.3406,150.3634,2002-02-23,148.0,0.0,
-35.5071,150.5301,2002-02-23,139.0,0.0,
-35.3404,150.6968,2002-02-23,125.0,0.0,
-35.1737,151.03020000000004,2002-02-23,153.0,0.0,
-35.007,151.03020000000004,2002-02-23,121.0,0.0,
-34.8403,151.03020000000004,2002-02-23,90.0,0.0,
-34.0068,151.697,2002-02-23,87.0,0.0,
-33.5067,152.36379999999997,2002-02-23,100.0,0.0,
-33.34,152.19709999999998,2002-02-23,95.0,0.0,
-33.0066,152.0304,2002-02-23,94.0,0.0,
-33.0066,152.53049999999996,2002-02-23,107.0,0.0,
-32.8399,152.36379999999997,2002-02-23,100.0,0.0,
-32.8399,152.53049999999996,2002-02-23,108.0,0.0,
-32.6732,152.19709999999998,2002-02-23,97.0,0.0,
-32.6732,152.36379999999997,2002-02-23,97.0,0.0,
-32.6732,152.53049999999996,2002-02-23,108.0,0.0,
-32.6732,152.6972,2002-02-23,119.0,0.0,
-32.5065,152.36379999999997,2002-02-23,97.0,0.0,
-32.5065,152.53049999999996,2002-02-23,97.0,0.0,
-32.5065,152.6972,2002-02-23,117.0,0.0,
-32.5065,152.8639,2002-02-23,117.0,0.0,
-32.5065,153.19730000000004,2002-02-23,137.0,0.0,
-32.5065,154.0308,2002-02-23,166.0,0.0,
-32.1731,152.6972,2002-02-23,106.0,0.0,
-28.0056,153.53070000000002,2002-02-23,136.0,0.0,
-27.8389,153.53070000000002,2002-02-23,140.0,0.0,
-26.8387,153.36400000000003,2002-02-23,153.0,0.3,
-6.668,147.69619999999998,2002-02-23,40.0,0.1,
-36.5073,150.19669999999996,2002-02-24,32.0,0.1,
-36.1739,150.3634,2002-02-24,37.0,0.0,
-35.6738,150.5301,2002-02-24,43.0,0.0,
-35.5071,137.1941,2002-02-24,97.0,0.0,
-35.5071,150.5301,2002-02-24,46.0,0.0,
-35.3404,150.8635,2002-02-24,44.0,0.0,
-35.1737,151.03020000000004,2002-02-24,39.0,0.0,
-35.1737,151.8637,2002-02-24,54.0,0.0,
-35.1737,152.19709999999998,2002-02-24,66.0,0.0,
-34.0068,151.36360000000002,2002-02-24,53.0,0.0,
-33.6734,151.36360000000002,2002-02-24,68.0,0.1,
-33.6734,151.697,2002-02-24,58.0,0.0,
-33.5067,151.697,2002-02-24,65.0,0.0,
-33.0066,152.0304,2002-02-24,83.0,0.0,
-33.0066,152.53049999999996,2002-02-24,83.0,0.0,
-32.8399,152.19709999999998,2002-02-24,83.0,0.0,
-32.8399,152.36379999999997,2002-02-24,85.0,0.0,
-32.8399,152.53049999999996,2002-02-24,88.0,0.0,
-32.8399,152.6972,2002-02-24,94.0,0.0,
-32.8399,152.8639,2002-02-24,94.0,0.0,
-32.6732,152.19709999999998,2002-02-24,85.0,0.1,
-32.6732,152.36379999999997,2002-02-24,85.0,0.1,
-32.6732,152.53049999999996,2002-02-24,88.0,0.0,
-32.6732,152.6972,2002-02-24,94.0,0.0,
-32.5065,152.36379999999997,2002-02-24,85.0,0.1,
-32.5065,152.53049999999996,2002-02-24,85.0,0.1,
-32.5065,152.6972,2002-02-24,97.0,0.0,
-32.5065,152.8639,2002-02-24,97.0,0.0,
-32.5065,153.19730000000004,2002-02-24,109.0,0.0,
-32.1731,152.6972,2002-02-24,90.0,0.0,
-32.0064,115.68979999999999,2002-02-24,287.0,0.0,
-30.3394,153.36400000000003,2002-02-24,103.0,0.0,
-26.672,153.19730000000004,2002-02-24,137.0,0.0,
-7.5015,147.52949999999998,2002-02-24,66.0,2.8,
-7.0014,147.69619999999998,2002-02-24,74.0,0.2,
-36.5073,150.19669999999996,2002-02-25,28.0,0.0,
-36.1739,150.19669999999996,2002-02-25,34.0,0.0,
-35.5071,137.52750000000003,2002-02-25,61.0,0.0,
-33.0066,152.0304,2002-02-25,68.0,0.0,
-32.8399,152.36379999999997,2002-02-25,63.0,0.0,
-32.8399,152.53049999999996,2002-02-25,62.0,0.0,
-32.6732,152.19709999999998,2002-02-25,61.0,0.0,
-32.6732,152.36379999999997,2002-02-25,61.0,0.0,
-32.6732,152.53049999999996,2002-02-25,62.0,0.0,
-32.6732,152.6972,2002-02-25,63.0,0.0,
-32.5065,152.36379999999997,2002-02-25,61.0,0.0,
-32.5065,152.6972,2002-02-25,60.0,0.0,
-32.5065,154.0308,2002-02-25,72.0,0.0,
-30.8395,153.0306,2002-02-25,61.0,0.0,
-17.8369,168.36699999999996,2002-02-25,148.0,0.0,
-36.5073,150.19669999999996,2002-02-26,35.0,0.0,
-35.6738,136.69399999999996,2002-02-26,172.0,0.0,
-34.8403,151.03020000000004,2002-02-26,18.0,0.0,
-33.0066,152.0304,2002-02-26,39.0,0.2,
-32.6732,152.36379999999997,2002-02-26,40.0,0.0,
-32.5065,152.36379999999997,2002-02-26,40.0,0.0,
-30.8395,153.0306,2002-02-26,48.0,0.0,
-30.8395,154.1975,2002-02-26,55.0,0.1,
-7.0014,147.3628,2002-02-26,27.0,0.0,
-36.5073,150.19669999999996,2002-02-27,169.0,0.0,
-35.6738,150.5301,2002-02-27,161.0,0.0,
-35.3404,150.6968,2002-02-27,147.0,0.0,
-34.8403,150.8635,2002-02-27,164.0,0.2,
-33.0066,152.0304,2002-02-27,196.0,0.0,
-33.0066,152.53049999999996,2002-02-27,226.0,0.0,
-32.8399,152.53049999999996,2002-02-27,217.0,0.0,
-32.8399,152.6972,2002-02-27,249.0,0.0,
-32.6732,152.36379999999997,2002-02-27,207.0,0.0,
-32.6732,152.53049999999996,2002-02-27,217.0,0.0,
-32.6732,152.6972,2002-02-27,249.0,0.0,
-32.5065,152.36379999999997,2002-02-27,207.0,0.0,
-32.5065,152.53049999999996,2002-02-27,207.0,0.0,
-32.5065,152.6972,2002-02-27,241.0,0.0,
-32.5065,152.8639,2002-02-27,241.0,0.0,
-31.0062,153.0306,2002-02-27,135.0,0.0,
-30.8395,153.0306,2002-02-27,53.0,0.0,
-30.8395,153.8641,2002-02-27,353.0,0.0,
-30.8395,154.1975,2002-02-27,346.0,0.0,
-27.0054,153.8641,2002-02-27,180.0,0.0,
-26.8387,153.36400000000003,2002-02-27,126.0,0.0,
-17.5035,122.02440000000001,2002-02-27,318.0,0.0,
-36.5073,150.19669999999996,2002-02-28,43.0,0.0,
-35.5071,137.52750000000003,2002-02-28,191.0,0.0,
-33.34,152.19709999999998,2002-02-28,93.0,0.0,
-32.8399,152.36379999999997,2002-02-28,126.0,0.0,
-30.8395,153.0306,2002-02-28,111.0,0.0,
-30.8395,153.8641,2002-02-28,118.0,0.0,
-26.8387,153.36400000000003,2002-02-28,117.0,0.0,
-41.3416,148.363,2002-03-01,237.0,0.0,
-36.5073,150.19669999999996,2002-03-01,216.0,0.0,
-35.6738,150.5301,2002-03-01,159.0,0.0,
-35.5071,137.69420000000002,2002-03-01,187.0,0.0,
-32.6732,152.36379999999997,2002-03-01,197.0,0.0,
-32.6732,152.53049999999996,2002-03-01,188.0,0.0,
-32.5065,152.36379999999997,2002-03-01,197.0,0.0,
-32.5065,152.8639,2002-03-01,186.0,0.0,
-30.8395,153.0306,2002-03-01,163.0,0.0,
-30.8395,153.8641,2002-03-01,185.0,0.0,
-26.672,153.19730000000004,2002-03-01,293.0,0.0,
-36.674,150.3634,2002-03-02,200.0,0.0,
-36.5073,150.19669999999996,2002-03-02,143.0,0.0,
-35.8405,150.5301,2002-03-02,150.0,0.0,
-35.6738,150.5301,2002-03-02,150.0,0.0,
-35.5071,150.6968,2002-03-02,162.0,0.0,
-35.3404,150.5301,2002-03-02,146.0,0.0,
-35.1737,151.03020000000004,2002-03-02,177.0,0.0,
-35.007,151.03020000000004,2002-03-02,148.0,0.0,
-34.8403,150.8635,2002-03-02,135.0,0.0,
-34.0068,151.5303,2002-03-02,8.0,0.0,
-33.6734,151.697,2002-03-02,225.0,0.0,
-33.6734,152.53049999999996,2002-03-02,204.0,0.0,
-33.5067,151.36360000000002,2002-03-02,66.0,0.0,
-33.34,152.19709999999998,2002-03-02,135.0,0.0,
-33.0066,152.0304,2002-03-02,82.0,0.0,
-33.0066,152.53049999999996,2002-03-02,113.0,0.0,
-32.8399,152.53049999999996,2002-03-02,98.0,0.0,
-32.8399,152.6972,2002-03-02,112.0,0.0,
-32.6732,152.36379999999997,2002-03-02,79.0,0.1,
-32.6732,152.53049999999996,2002-03-02,98.0,0.0,
-32.6732,152.6972,2002-03-02,112.0,0.0,
-32.6732,152.8639,2002-03-02,112.0,0.0,
-32.6732,153.69740000000002,2002-03-02,156.0,0.0,
-32.5065,152.36379999999997,2002-03-02,79.0,0.1,
-32.5065,152.53049999999996,2002-03-02,79.0,0.1,
-32.5065,152.8639,2002-03-02,108.0,0.0,
-32.5065,153.19730000000004,2002-03-02,135.0,0.0,
-32.5065,154.0308,2002-03-02,164.0,0.0,
-32.1731,152.6972,2002-03-02,88.0,0.1,
-32.0064,115.18970000000002,2002-03-02,77.0,0.0,
-30.8395,153.0306,2002-03-02,103.0,0.0,
-30.8395,153.8641,2002-03-02,123.0,0.0,
-30.3394,153.36400000000003,2002-03-02,130.0,0.0,
-30.3394,153.53070000000002,2002-03-02,124.0,0.0,
-36.8407,150.19669999999996,2002-03-03,184.0,0.0,
-36.674,150.3634,2002-03-03,184.0,0.0,
-36.5073,150.19669999999996,2002-03-03,131.0,0.0,
-36.3406,150.19669999999996,2002-03-03,112.0,0.0,
-36.3406,150.3634,2002-03-03,158.0,0.0,
-35.8405,150.5301,2002-03-03,158.0,0.3,
-35.6738,150.5301,2002-03-03,158.0,0.3,
-35.5071,150.5301,2002-03-03,142.0,0.5,
-35.5071,150.6968,2002-03-03,151.0,0.2,
-34.5069,151.03020000000004,2002-03-03,94.0,0.1,
-33.6734,151.8637,2002-03-03,94.0,0.0,
-33.5067,151.697,2002-03-03,88.0,0.0,
-33.34,152.53049999999996,2002-03-03,83.0,0.0,
-33.1733,152.19709999999998,2002-03-03,84.0,0.0,
-33.0066,152.0304,2002-03-03,83.0,0.2,
-33.0066,152.53049999999996,2002-03-03,78.0,0.0,
-32.8399,152.19709999999998,2002-03-03,83.0,0.2,
-32.8399,152.53049999999996,2002-03-03,80.0,0.0,
-32.8399,152.6972,2002-03-03,84.0,0.0,
-32.6732,152.36379999999997,2002-03-03,81.0,0.0,
-32.6732,152.53049999999996,2002-03-03,80.0,0.0,
-32.6732,152.6972,2002-03-03,84.0,0.0,
-32.5065,152.36379999999997,2002-03-03,81.0,0.0,
-32.5065,152.53049999999996,2002-03-03,81.0,0.0,
-32.5065,152.6972,2002-03-03,89.0,0.0,
-32.5065,152.8639,2002-03-03,89.0,0.0,
-32.5065,153.19730000000004,2002-03-03,105.0,0.0,
-32.3398,152.6972,2002-03-03,93.0,0.0,
-32.1731,152.6972,2002-03-03,90.0,0.0,
-30.8395,153.0306,2002-03-03,80.0,0.0,
-30.8395,153.8641,2002-03-03,123.0,0.0,
-36.8407,150.19669999999996,2002-03-04,118.0,0.0,
-36.674,150.3634,2002-03-04,118.0,0.0,
-36.5073,150.19669999999996,2002-03-04,124.0,0.0,
-36.3406,150.3634,2002-03-04,146.0,0.0,
-33.6734,152.0304,2002-03-04,167.0,0.0,
-30.8395,153.0306,2002-03-04,126.0,0.0,
-21.5043,113.68939999999998,2002-03-04,164.0,0.0,
-17.8369,168.36699999999996,2002-03-04,91.0,0.0,
-42.8419,148.1963,2002-03-05,29.0,0.0,
-41.5083,149.19650000000001,2002-03-05,27.0,0.0,
-36.5073,150.19669999999996,2002-03-05,63.0,0.0,
-35.5071,150.5301,2002-03-05,90.0,0.1,
-35.5071,150.6968,2002-03-05,96.0,0.0,
-35.3404,150.6968,2002-03-05,95.0,0.0,
-34.8403,150.8635,2002-03-05,111.0,0.2,
-32.6732,152.36379999999997,2002-03-05,112.0,0.2,
-32.6732,152.6972,2002-03-05,128.0,0.0,
-30.8395,153.8641,2002-03-05,142.0,0.0,
-36.5073,150.19669999999996,2002-03-06,31.0,0.0,
-36.3406,150.3634,2002-03-06,25.0,0.0,
-35.6738,150.5301,2002-03-06,24.0,0.0,
-32.6732,152.53049999999996,2002-03-06,158.0,0.0,
-6.668,148.5297,2002-03-06,335.0,0.0,
-41.5083,149.19650000000001,2002-03-07,191.0,0.0,
-40.1747,148.86310000000003,2002-03-07,223.0,0.0,
-36.5073,150.19669999999996,2002-03-07,148.0,0.0,
-36.3406,150.3634,2002-03-07,157.0,0.0,
-35.6738,150.5301,2002-03-07,160.0,0.0,
-34.8403,150.8635,2002-03-07,32.0,0.0,
-33.34,151.697,2002-03-07,24.0,0.0,
-33.0066,151.697,2002-03-07,13.0,0.0,
-32.6732,152.53049999999996,2002-03-07,13.0,0.0,
-30.8395,153.0306,2002-03-07,47.0,0.0,
-36.5073,150.19669999999996,2002-03-08,172.0,0.0,
-36.3406,150.3634,2002-03-08,177.0,0.0,
-35.6738,150.5301,2002-03-08,187.0,0.1,
-34.8403,150.8635,2002-03-08,183.0,0.0,
-32.6732,152.36379999999997,2002-03-08,167.0,0.2,
-30.8395,153.0306,2002-03-08,167.0,0.0,
-26.5053,153.36400000000003,2002-03-08,140.0,0.0,
-26.5053,153.53070000000002,2002-03-08,152.0,0.0,
-43.1753,148.02959999999996,2002-03-09,135.0,0.0,
-43.1753,148.1963,2002-03-09,45.0,0.0,
-42.5085,148.1963,2002-03-09,85.0,0.0,
-41.3416,148.363,2002-03-09,106.0,0.0,
-41.1749,148.69640000000004,2002-03-09,131.0,0.0,
-36.5073,150.19669999999996,2002-03-09,131.0,0.3,
-36.3406,150.3634,2002-03-09,134.0,0.0,
-35.8405,150.5301,2002-03-09,150.0,0.0,
-35.6738,150.5301,2002-03-09,150.0,0.0,
-35.6738,150.6968,2002-03-09,144.0,0.0,
-35.5071,150.6968,2002-03-09,151.0,0.0,
-34.8403,150.8635,2002-03-09,153.0,0.0,
-33.8401,151.8637,2002-03-09,151.0,0.0,
-32.6732,152.36379999999997,2002-03-09,162.0,0.0,
-32.6732,152.6972,2002-03-09,165.0,0.0,
-30.8395,153.0306,2002-03-09,176.0,0.0,
-26.5053,153.36400000000003,2002-03-09,164.0,0.0,
-17.8369,168.36699999999996,2002-03-09,279.0,1.0,
-12.0024,136.52729999999997,2002-03-09,86.0,0.0,
-12.0024,136.8607,2002-03-09,98.0,0.0,
-43.1753,148.1963,2002-03-10,27.0,0.0,
-41.3416,148.363,2002-03-10,43.0,0.0,
-41.1749,148.5297,2002-03-10,42.0,0.0,
-41.1749,148.69640000000004,2002-03-10,47.0,0.0,
-36.8407,150.19669999999996,2002-03-10,85.0,0.0,
-36.5073,150.19669999999996,2002-03-10,71.0,0.0,
-35.6738,150.5301,2002-03-10,133.0,0.0,
-35.3404,151.03020000000004,2002-03-10,137.0,0.0,
-34.8403,150.8635,2002-03-10,129.0,0.0,
-34.8403,151.03020000000004,2002-03-10,139.0,0.0,
-34.0068,151.19690000000003,2002-03-10,131.0,0.0,
-34.0068,151.697,2002-03-10,149.0,0.0,
-33.8401,151.5303,2002-03-10,137.0,0.0,
-32.6732,152.36379999999997,2002-03-10,168.0,0.0,
-32.6732,152.53049999999996,2002-03-10,172.0,0.0,
-32.6732,152.8639,2002-03-10,174.0,0.0,
-30.8395,153.0306,2002-03-10,184.0,0.0,
-17.8369,168.36699999999996,2002-03-10,300.0,1.3,
-11.8357,136.52729999999997,2002-03-10,41.0,0.0,
-36.8407,150.3634,2002-03-11,21.0,0.0,
-36.5073,150.19669999999996,2002-03-11,29.0,0.0,
-36.3406,150.3634,2002-03-11,24.0,0.0,
-36.1739,150.3634,2002-03-11,24.0,0.0,
-35.8405,150.5301,2002-03-11,31.0,0.0,
-35.6738,150.5301,2002-03-11,31.0,0.0,
-32.6732,152.36379999999997,2002-03-11,165.0,0.0,
-32.6732,152.6972,2002-03-11,181.0,0.0,
-32.6732,152.8639,2002-03-11,181.0,0.0,
-30.8395,153.0306,2002-03-11,187.0,0.0,
-36.5073,150.19669999999996,2002-03-12,157.0,0.0,
-34.8403,150.8635,2002-03-12,168.0,0.0,
-32.6732,152.6972,2002-03-12,170.0,0.0,
-30.8395,153.0306,2002-03-12,137.0,0.0,
-30.8395,153.8641,2002-03-12,182.0,0.0,
-17.8369,168.36699999999996,2002-03-12,302.0,0.2,
-36.5073,150.19669999999996,2002-03-13,125.0,0.0,
-36.3406,150.3634,2002-03-13,156.0,0.0,
-36.1739,150.3634,2002-03-13,156.0,0.0,
-32.6732,152.53049999999996,2002-03-13,158.0,0.0,
-31.5063,153.69740000000002,2002-03-13,162.0,0.0,
-27.8389,153.36400000000003,2002-03-13,139.0,0.0,
-36.5073,150.19669999999996,2002-03-14,72.0,0.0,
-35.3404,150.5301,2002-03-14,103.0,0.0,
-34.8403,150.8635,2002-03-14,75.0,0.0,
-30.8395,153.0306,2002-03-14,182.0,0.0,
-30.8395,153.8641,2002-03-14,151.0,0.0,
-36.8407,150.19669999999996,2002-03-15,183.0,0.0,
-36.5073,150.19669999999996,2002-03-15,121.0,0.0,
-34.5069,150.8635,2002-03-15,39.0,0.0,
-33.0066,152.53049999999996,2002-03-15,180.0,0.0,
-30.8395,153.0306,2002-03-15,51.0,0.0,
-30.8395,153.8641,2002-03-15,78.0,0.0,
-26.5053,153.36400000000003,2002-03-15,153.0,0.0,
-36.5073,150.19669999999996,2002-03-16,96.0,0.0,
-36.5073,150.3634,2002-03-16,133.0,0.0,
-34.8403,150.8635,2002-03-16,261.0,0.0,
-34.0068,151.19690000000003,2002-03-16,316.0,0.0,
-34.0068,151.697,2002-03-16,343.0,0.0,
-33.8401,151.36360000000002,2002-03-16,339.0,0.0,
-33.6734,151.697,2002-03-16,348.0,0.0,
-33.6734,152.0304,2002-03-16,335.0,0.0,
-33.5067,151.5303,2002-03-16,328.0,0.0,
-33.5067,151.697,2002-03-16,354.0,0.0,
-33.5067,151.8637,2002-03-16,354.0,0.0,
-33.5067,152.0304,2002-03-16,339.0,0.0,
-33.34,152.19709999999998,2002-03-16,326.0,0.0,
-33.1733,151.8637,2002-03-16,355.0,0.0,
-33.1733,152.0304,2002-03-16,340.0,0.0,
-33.1733,152.19709999999998,2002-03-16,326.0,0.0,
-33.1733,152.36379999999997,2002-03-16,326.0,0.0,
-33.1733,153.53070000000002,2002-03-16,301.0,0.0,
-33.0066,152.53049999999996,2002-03-16,313.0,0.0,
-32.5065,153.19730000000004,2002-03-16,311.0,0.0,
-31.673,152.8639,2002-03-16,5.0,0.0,
-30.8395,153.0306,2002-03-16,12.0,0.0,
-30.8395,153.8641,2002-03-16,339.0,0.0,
-30.3394,153.36400000000003,2002-03-16,8.0,0.0,
-30.3394,153.53070000000002,2002-03-16,357.0,0.0,
-28.0056,153.53070000000002,2002-03-16,36.0,0.0,
-27.8389,153.36400000000003,2002-03-16,51.0,0.0,
-27.3388,153.36400000000003,2002-03-16,84.0,0.0,
-26.5053,153.36400000000003,2002-03-16,118.0,0.0,
-36.5073,150.19669999999996,2002-03-17,117.0,0.0,
-35.8405,150.5301,2002-03-17,141.0,0.0,
-35.6738,150.5301,2002-03-17,141.0,0.0,
-35.3404,150.8635,2002-03-17,153.0,0.0,
-35.3404,151.03020000000004,2002-03-17,160.0,0.0,
-34.8403,151.03020000000004,2002-03-17,144.0,0.0,
-34.0068,151.5303,2002-03-17,354.0,0.0,
-33.8401,151.5303,2002-03-17,349.0,0.0,
-33.5067,151.5303,2002-03-17,311.0,0.0,
-33.34,151.697,2002-03-17,311.0,0.0,
-33.34,152.19709999999998,2002-03-17,290.0,0.0,
-33.1733,153.53070000000002,2002-03-17,267.0,0.0,
-33.0066,152.53049999999996,2002-03-17,275.0,0.0,
-32.6732,152.36379999999997,2002-03-17,259.0,0.0,
-32.1731,152.6972,2002-03-17,248.0,0.0,
-32.0064,115.18970000000002,2002-03-17,242.0,0.3,
-30.8395,153.0306,2002-03-17,291.0,0.0,
-30.8395,153.8641,2002-03-17,307.0,0.0,
-30.3394,153.53070000000002,2002-03-17,354.0,0.0,
-27.3388,153.36400000000003,2002-03-17,357.0,0.0,
-27.0054,153.53070000000002,2002-03-17,346.0,0.0,
-26.8387,153.53070000000002,2002-03-17,344.0,0.0,
-26.5053,153.36400000000003,2002-03-17,353.0,0.0,
-26.5053,153.8641,2002-03-17,331.0,0.0,
-36.8407,150.19669999999996,2002-03-18,20.0,0.0,
-36.1739,150.3634,2002-03-18,27.0,0.0,
-35.6738,150.5301,2002-03-18,28.0,0.0,
-30.8395,153.0306,2002-03-18,102.0,0.0,
-30.8395,153.8641,2002-03-18,87.0,0.0,
-32.5065,153.19730000000004,2002-03-19,356.0,0.0,
-36.5073,150.19669999999996,2002-03-20,112.0,0.0,
-36.3406,150.02999999999997,2002-03-20,101.0,0.0,
-36.3406,150.3634,2002-03-20,104.0,0.0,
-36.1739,150.3634,2002-03-20,104.0,0.0,
-35.8405,150.19669999999996,2002-03-20,298.0,0.0,
-34.3402,150.8635,2002-03-20,282.0,0.0,
-34.0068,151.8637,2002-03-20,5.0,0.0,
-33.8401,151.5303,2002-03-20,55.0,0.0,
-32.6732,152.36379999999997,2002-03-20,151.0,0.0,
-44.3422,148.1963,2002-03-21,230.0,0.0,
-36.5073,150.19669999999996,2002-03-21,178.0,0.0,
-36.5073,150.3634,2002-03-21,184.0,0.0,
-32.6732,152.36379999999997,2002-03-21,135.0,0.3,
-32.5065,152.53049999999996,2002-03-21,135.0,0.3,
-36.8407,150.19669999999996,2002-03-22,72.0,0.0,
-36.8407,150.3634,2002-03-22,72.0,0.0,
-36.5073,150.19669999999996,2002-03-22,50.0,0.0,
-36.5073,150.3634,2002-03-22,79.0,0.0,
-34.8403,150.8635,2002-03-22,86.0,0.0,
-34.6736,151.19690000000003,2002-03-22,90.0,0.0,
-33.0066,152.0304,2002-03-22,127.0,0.2,
-32.6732,152.36379999999997,2002-03-22,124.0,0.0,
-30.8395,153.0306,2002-03-22,130.0,0.5,
-26.8387,153.36400000000003,2002-03-22,152.0,0.0,
-42.8419,148.1963,2002-03-23,29.0,0.0,
-36.8407,150.19669999999996,2002-03-23,14.0,0.0,
-36.5073,150.19669999999996,2002-03-23,15.0,0.0,
-35.3404,150.5301,2002-03-23,40.0,0.0,
-35.1737,151.03020000000004,2002-03-23,37.0,0.0,
-34.8403,150.8635,2002-03-23,45.0,0.0,
-34.6736,151.19690000000003,2002-03-23,50.0,0.0,
-33.0066,152.0304,2002-03-23,88.0,0.0,
-33.0066,152.19709999999998,2002-03-23,85.0,0.0,
-32.6732,152.36379999999997,2002-03-23,89.0,0.0,
-32.5065,152.53049999999996,2002-03-23,89.0,0.0,
-32.5065,153.19730000000004,2002-03-23,102.0,0.0,
-32.0064,115.18970000000002,2002-03-23,170.0,0.0,
-31.8397,115.18970000000002,2002-03-23,170.0,0.0,
-30.8395,153.0306,2002-03-23,141.0,0.0,
-20.3374,116.85669999999999,2002-03-23,84.0,0.0,
-7.1681,147.52949999999998,2002-03-23,321.0,0.4,
-7.0014,148.02959999999996,2002-03-23,252.0,1.0,
-6.668,147.0294,2002-03-23,7.0,3.2,
-34.8403,151.03020000000004,2002-03-24,36.0,0.0,
-33.6734,151.5303,2002-03-24,48.0,0.0,
-33.5067,151.8637,2002-03-24,49.0,0.0,
-32.5065,152.53049999999996,2002-03-24,66.0,0.0,
-32.5065,152.6972,2002-03-24,60.0,0.0,
-32.1731,152.6972,2002-03-24,73.0,0.0,
-32.0064,115.18970000000002,2002-03-24,161.0,0.0,
-30.8395,153.0306,2002-03-24,145.0,0.0,
-30.3394,153.36400000000003,2002-03-24,159.0,0.0,
-20.3374,116.85669999999999,2002-03-24,183.0,0.0,
-7.5015,148.02959999999996,2002-03-24,12.0,0.6,
-7.0014,147.3628,2002-03-24,355.0,0.4,
-7.0014,148.02959999999996,2002-03-24,51.0,0.2,
-6.668,147.0294,2002-03-24,79.0,0.4,
-6.668,147.69619999999998,2002-03-24,5.0,0.2,
-6.668,148.5297,2002-03-24,349.0,0.2,
-7.5015,147.69619999999998,2002-03-25,29.0,0.0,
-7.0014,147.3628,2002-03-25,105.0,0.0,
-7.0014,148.02959999999996,2002-03-25,42.0,0.0,
-6.668,147.0294,2002-03-25,122.0,0.0,
-32.6732,152.36379999999997,2002-03-26,40.0,0.0,
-26.8387,153.53070000000002,2002-03-26,15.0,0.0,
-7.0014,147.3628,2002-03-26,7.0,0.3,
-6.668,147.69619999999998,2002-03-26,18.0,1.5,
-32.6732,152.36379999999997,2002-03-27,322.0,0.0,
-32.5065,152.53049999999996,2002-03-27,322.0,0.0,
-29.0058,168.03359999999998,2002-03-27,192.0,0.1,
-7.0014,147.3628,2002-03-27,93.0,0.0,
-7.0014,148.02959999999996,2002-03-27,93.0,0.0,
-37.0074,150.19669999999996,2002-03-28,159.0,0.0,
-36.5073,150.19669999999996,2002-03-28,98.0,0.0,
-36.3406,150.19669999999996,2002-03-28,97.0,0.1,
-34.0068,151.19690000000003,2002-03-28,145.0,1.5,
-33.6734,151.36360000000002,2002-03-28,141.0,1.6,
-7.0014,147.69619999999998,2002-03-28,148.0,0.0,
-7.0014,148.02959999999996,2002-03-28,150.0,0.4,
-6.668,147.0294,2002-03-28,156.0,0.0,
-36.5073,150.19669999999996,2002-03-29,152.0,0.1,
-35.6738,150.5301,2002-03-29,158.0,0.1,
-34.5069,151.8637,2002-03-29,123.0,0.8,
-34.0068,151.5303,2002-03-29,94.0,0.4,
-34.0068,151.697,2002-03-29,81.0,0.4,
-33.8401,151.36360000000002,2002-03-29,99.0,0.9,
-33.8401,151.5303,2002-03-29,90.0,0.5,
-33.8401,151.697,2002-03-29,77.0,0.5,
-33.8401,151.8637,2002-03-29,77.0,0.5,
-33.6734,151.36360000000002,2002-03-29,115.0,1.2,
-33.5067,151.5303,2002-03-29,120.0,0.8,
-32.1731,152.6972,2002-03-29,124.0,2.1,
-29.0058,168.03359999999998,2002-03-29,89.0,0.0,
-26.5053,153.53070000000002,2002-03-29,331.0,0.1,
-12.0024,136.8607,2002-03-29,140.0,0.0,
-7.0014,147.69619999999998,2002-03-29,110.0,0.0,
-7.0014,148.02959999999996,2002-03-29,81.0,0.0,
-41.3416,148.363,2002-03-30,210.0,0.0,
-36.5073,150.19669999999996,2002-03-30,190.0,0.0,
-36.3406,150.19669999999996,2002-03-30,183.0,0.0,
-36.3406,150.3634,2002-03-30,192.0,0.0,
-36.1739,150.3634,2002-03-30,192.0,0.0,
-33.8401,151.697,2002-03-30,172.0,0.9,
-33.6734,151.36360000000002,2002-03-30,191.0,0.5,
-28.0056,154.1975,2002-03-30,221.0,0.0,
-27.0054,153.53070000000002,2002-03-30,236.0,0.0,
-26.8387,153.36400000000003,2002-03-30,222.0,0.0,
-26.8387,153.53070000000002,2002-03-30,231.0,0.0,
-26.3386,153.36400000000003,2002-03-30,218.0,0.0,
-25.8385,153.19730000000004,2002-03-30,222.0,0.0,
-12.5025,130.3594,2002-03-30,123.0,0.0,
-7.0014,147.69619999999998,2002-03-30,66.0,0.2,
-7.0014,148.02959999999996,2002-03-30,14.0,1.0,
-6.8347,147.1961,2002-03-30,157.0,0.1,
-6.668,147.0294,2002-03-30,180.0,0.0,
-6.668,147.86289999999997,2002-03-30,39.0,0.6,
-43.6754,148.363,2002-03-31,220.0,0.0,
-41.3416,148.363,2002-03-31,135.0,0.0,
-41.3416,148.5297,2002-03-31,160.0,0.0,
-36.5073,150.19669999999996,2002-03-31,150.0,0.0,
-36.5073,150.3634,2002-03-31,180.0,0.0,
-36.3406,150.3634,2002-03-31,173.0,0.0,
-20.3374,116.85669999999999,2002-03-31,288.0,0.0,
-7.1681,147.69619999999998,2002-03-31,160.0,0.0,
-7.0014,147.69619999999998,2002-03-31,168.0,0.0,
-7.0014,148.02959999999996,2002-03-31,177.0,0.0,
-36.5073,150.19669999999996,2002-04-01,108.0,0.0,
-36.5073,150.3634,2002-04-01,155.0,0.0,
-36.3406,150.3634,2002-04-01,171.0,0.0,
-34.0068,151.36360000000002,2002-04-01,155.0,0.0,
-32.6732,152.19709999999998,2002-04-01,146.0,0.2,
-32.6732,152.36379999999997,2002-04-01,146.0,0.2,
-32.5065,152.53049999999996,2002-04-01,146.0,0.2,
-20.3374,116.85669999999999,2002-04-01,249.0,0.0,
-36.3406,150.3634,2002-04-02,16.0,0.0,
-21.8377,114.3562,2002-04-02,203.0,0.0,
-32.5065,152.53049999999996,2002-04-03,17.0,0.0,
-17.8369,168.36699999999996,2002-04-03,51.0,0.0,
-33.8401,151.8637,2002-04-04,214.0,0.0,
-32.1731,152.6972,2002-04-04,277.0,0.0,
-36.5073,150.19669999999996,2002-04-05,177.0,0.0,
-36.3406,150.19669999999996,2002-04-05,159.0,0.0,
-33.8401,151.8637,2002-04-05,185.0,0.0,
-29.1725,113.68939999999998,2002-04-05,76.0,0.0,
-29.0058,168.03359999999998,2002-04-05,78.0,0.0,
-26.5053,153.53070000000002,2002-04-05,150.0,0.0,
-44.1755,148.69640000000004,2002-04-06,245.0,0.0,
-36.3406,150.19669999999996,2002-04-06,80.0,0.0,
-36.3406,150.3634,2002-04-06,110.0,0.0,
-34.0068,151.5303,2002-04-06,180.0,0.0,
-33.6734,151.36360000000002,2002-04-06,152.0,0.0,
-33.5067,151.5303,2002-04-06,174.0,0.0,
-33.5067,151.697,2002-04-06,192.0,0.0,
-33.1733,151.697,2002-04-06,174.0,0.0,
-33.0066,152.0304,2002-04-06,185.0,0.0,
-33.0066,152.19709999999998,2002-04-06,191.0,0.0,
-32.6732,152.36379999999997,2002-04-06,183.0,0.1,
-32.5065,152.53049999999996,2002-04-06,183.0,0.1,
-32.3398,152.6972,2002-04-06,183.0,0.0,
-29.1725,113.68939999999998,2002-04-06,26.0,0.0,
-28.5057,113.85609999999997,2002-04-06,8.0,0.0,
-36.8407,150.3634,2002-04-07,196.0,0.0,
-36.674,150.3634,2002-04-07,196.0,0.0,
-35.3404,151.03020000000004,2002-04-07,187.0,0.0,
-35.1737,151.03020000000004,2002-04-07,187.0,0.0,
-35.007,151.03020000000004,2002-04-07,168.0,0.0,
-34.8403,151.19690000000003,2002-04-07,187.0,0.0,
-34.8403,151.5303,2002-04-07,191.0,0.0,
-34.6736,152.19709999999998,2002-04-07,202.0,0.0,
-34.0068,151.36360000000002,2002-04-07,178.0,0.0,
-34.0068,151.697,2002-04-07,202.0,0.0,
-33.8401,151.697,2002-04-07,210.0,0.0,
-33.1733,151.697,2002-04-07,150.0,0.0,
-32.6732,152.36379999999997,2002-04-07,174.0,0.0,
-32.1731,152.6972,2002-04-07,177.0,0.0,
-29.3392,113.68939999999998,2002-04-07,218.0,0.0,
-29.1725,113.68939999999998,2002-04-07,218.0,0.0,
-28.5057,113.85609999999997,2002-04-07,218.0,0.0,
-44.1755,148.69640000000004,2002-04-08,25.0,0.0,
-29.3392,113.85609999999997,2002-04-08,221.0,0.0,
-29.1725,113.68939999999998,2002-04-08,221.0,0.0,
-28.5057,113.85609999999997,2002-04-08,216.0,0.0,
-26.5053,153.53070000000002,2002-04-08,155.0,0.0,
-32.6732,152.36379999999997,2002-04-09,50.0,0.0,
-29.1725,113.68939999999998,2002-04-09,144.0,0.0,
-28.5057,113.85609999999997,2002-04-09,149.0,0.0,
-32.6732,152.36379999999997,2002-04-10,42.0,0.0,
-29.1725,113.68939999999998,2002-04-10,174.0,0.0,
-15.3364,145.69579999999996,2002-04-10,119.0,0.1,
-37.0074,150.3634,2002-04-11,146.0,0.0,
-35.6738,150.5301,2002-04-11,150.0,0.0,
-32.6732,152.36379999999997,2002-04-11,50.0,0.0,
-32.5065,152.36379999999997,2002-04-11,50.0,0.0,
-29.0058,168.03359999999998,2002-04-11,123.0,0.0,
-37.6742,150.19669999999996,2002-04-12,13.0,0.0,
-37.1741,150.3634,2002-04-12,18.0,0.0,
-37.0074,150.19669999999996,2002-04-12,23.0,0.0,
-36.8407,150.19669999999996,2002-04-12,24.0,0.0,
-33.0066,151.697,2002-04-12,66.0,0.0,
-27.6722,153.8641,2002-04-12,135.0,0.2,
-27.5055,153.8641,2002-04-12,129.0,0.1,
-26.0052,153.69740000000002,2002-04-12,125.0,0.0,
-44.3422,148.1963,2002-04-13,265.0,0.0,
-43.6754,148.1963,2002-04-13,255.0,0.0,
-37.1741,150.3634,2002-04-13,205.0,0.0,
-37.0074,150.3634,2002-04-13,193.0,0.0,
-34.6736,151.03020000000004,2002-04-13,19.0,0.0,
-34.5069,151.19690000000003,2002-04-13,12.0,0.0,
-33.1733,152.19709999999998,2002-04-13,10.0,0.0,
-32.6732,152.36379999999997,2002-04-13,43.0,0.0,
-32.5065,152.53049999999996,2002-04-13,43.0,0.0,
-27.6722,153.69740000000002,2002-04-13,159.0,0.0,
-27.5055,153.8641,2002-04-13,159.0,0.0,
-27.3388,153.53070000000002,2002-04-13,154.0,0.0,
-27.3388,153.69740000000002,2002-04-13,155.0,0.0,
-27.0054,153.36400000000003,2002-04-13,153.0,0.0,
-26.8387,153.36400000000003,2002-04-13,160.0,0.1,
-26.8387,153.53070000000002,2002-04-13,160.0,0.1,
-20.5041,115.85649999999998,2002-04-13,113.0,0.0,
-37.6742,150.19669999999996,2002-04-14,130.0,1.2,
-37.1741,150.19669999999996,2002-04-14,143.0,1.9,
-36.5073,150.19669999999996,2002-04-14,203.0,0.3,
-34.6736,151.19690000000003,2002-04-14,202.0,2.1,
-33.6734,151.36360000000002,2002-04-14,162.0,0.0,
-33.6734,151.697,2002-04-14,176.0,0.0,
-33.5067,151.36360000000002,2002-04-14,162.0,0.0,
-33.5067,151.5303,2002-04-14,161.0,0.0,
-33.5067,151.697,2002-04-14,168.0,0.0,
-33.5067,151.8637,2002-04-14,168.0,0.0,
-33.5067,153.36400000000003,2002-04-14,74.0,0.0,
-33.34,151.697,2002-04-14,161.0,0.0,
-33.1733,151.697,2002-04-14,161.0,0.0,
-33.1733,152.19709999999998,2002-04-14,168.0,0.0,
-32.8399,152.36379999999997,2002-04-14,130.0,0.1,
-27.5055,153.69740000000002,2002-04-14,124.0,0.0,
-9.6686,147.1961,2002-04-14,257.0,0.1,
-33.0066,151.697,2002-04-15,149.0,0.0,
-32.5065,152.6972,2002-04-15,75.0,0.0,
-32.5065,153.19730000000004,2002-04-15,66.0,0.2,
-29.1725,113.68939999999998,2002-04-15,188.0,0.0,
-38.1743,140.5281,2002-04-16,194.0,0.0,
-6.668,148.5297,2002-04-16,210.0,0.0,
-21.8377,114.3562,2002-04-17,190.0,0.0,
-43.1753,148.02959999999996,2002-04-18,128.0,0.0,
-43.0086,148.02959999999996,2002-04-18,131.0,0.0,
-27.0054,153.8641,2002-04-19,212.0,0.0,
-26.8387,153.53070000000002,2002-04-19,182.0,0.0,
-6.668,148.5297,2002-04-19,164.0,0.0,
-36.5073,150.19669999999996,2002-04-20,222.0,0.0,
-35.1737,151.03020000000004,2002-04-20,269.0,0.0,
-35.007,151.36360000000002,2002-04-20,257.0,0.0,
-34.8403,151.19690000000003,2002-04-20,240.0,0.0,
-34.8403,151.5303,2002-04-20,241.0,0.0,
-34.6736,151.03020000000004,2002-04-20,229.0,0.0,
-34.6736,151.19690000000003,2002-04-20,240.0,0.0,
-34.6736,151.36360000000002,2002-04-20,240.0,0.0,
-34.6736,151.5303,2002-04-20,241.0,0.0,
-34.6736,151.8637,2002-04-20,242.0,0.0,
-34.5069,151.19690000000003,2002-04-20,220.0,0.0,
-34.3402,151.8637,2002-04-20,239.0,0.0,
-34.1735,151.19690000000003,2002-04-20,204.0,0.0,
-34.0068,151.36360000000002,2002-04-20,232.0,0.0,
-34.0068,151.5303,2002-04-20,243.0,0.0,
-34.0068,151.697,2002-04-20,251.0,0.0,
-33.8401,151.5303,2002-04-20,264.0,0.0,
-33.1733,152.19709999999998,2002-04-20,272.0,0.0,
-33.0066,152.53049999999996,2002-04-20,268.0,0.0,
-32.6732,152.6972,2002-04-20,262.0,0.0,
-32.5065,153.19730000000004,2002-04-20,254.0,0.0,
-27.6722,153.8641,2002-04-20,318.0,0.0,
-27.3388,153.53070000000002,2002-04-20,257.0,0.0,
-26.8387,153.36400000000003,2002-04-20,149.0,0.0,
-34.8403,150.8635,2002-04-21,236.0,0.0,
-34.8403,151.19690000000003,2002-04-21,257.0,0.0,
-34.8403,151.5303,2002-04-21,264.0,0.0,
-34.6736,151.03020000000004,2002-04-21,242.0,0.0,
-34.6736,151.19690000000003,2002-04-21,257.0,0.0,
-34.6736,151.5303,2002-04-21,264.0,0.0,
-34.6736,151.8637,2002-04-21,267.0,0.0,
-34.6736,152.19709999999998,2002-04-21,264.0,0.0,
-34.5069,150.8635,2002-04-21,225.0,0.0,
-34.0068,151.36360000000002,2002-04-21,253.0,0.0,
-34.0068,151.5303,2002-04-21,269.0,0.0,
-34.0068,151.697,2002-04-21,270.0,0.0,
-33.8401,151.36360000000002,2002-04-21,252.0,0.0,
-33.8401,151.5303,2002-04-21,265.0,0.0,
-33.8401,151.697,2002-04-21,267.0,0.0,
-33.8401,151.8637,2002-04-21,267.0,0.0,
-33.0066,151.8637,2002-04-21,223.0,0.0,
-33.0066,152.0304,2002-04-21,222.0,0.0,
-32.6732,152.36379999999997,2002-04-21,218.0,0.0,
-27.8389,153.8641,2002-04-21,275.0,0.0,
-27.0054,153.8641,2002-04-21,259.0,0.0,
-26.5053,153.53070000000002,2002-04-21,258.0,0.0,
-7.0014,147.1961,2002-04-21,112.0,0.2,
-7.0014,147.69619999999998,2002-04-21,113.0,0.4,
-6.668,147.69619999999998,2002-04-21,111.0,2.6,
-43.342,148.86310000000003,2002-04-22,100.0,0.0,
-34.0068,151.5303,2002-04-22,172.0,0.4,
-34.0068,151.697,2002-04-22,168.0,0.3,
-42.3418,148.5297,2002-04-23,20.0,0.0,
-43.0086,148.1963,2002-04-24,350.0,0.0,
-44.3422,148.1963,2002-04-25,330.0,0.0,
-43.6754,148.1963,2002-04-25,351.0,0.0,
-43.342,148.86310000000003,2002-04-25,357.0,0.5,
-43.1753,148.86310000000003,2002-04-25,357.0,0.5,
-43.0086,148.02959999999996,2002-04-25,322.0,0.0,
-43.0086,148.1963,2002-04-25,331.0,0.3,
-36.5073,150.19669999999996,2002-04-25,43.0,0.0,
-36.0072,150.3634,2002-04-25,16.0,0.0,
-35.3404,151.03020000000004,2002-04-25,21.0,0.0,
-35.1737,151.03020000000004,2002-04-25,21.0,0.0,
-34.5069,152.19709999999998,2002-04-25,6.0,0.0,
-33.8401,151.8637,2002-04-25,16.0,0.0,
-33.5067,151.8637,2002-04-25,23.0,0.0,
-33.0066,151.8637,2002-04-25,18.0,0.0,
-33.0066,152.0304,2002-04-25,34.0,0.0,
-30.3394,153.36400000000003,2002-04-25,21.0,0.0,
-28.0056,153.8641,2002-04-25,136.0,0.0,
-27.8389,153.69740000000002,2002-04-25,137.0,0.0,
-27.8389,154.1975,2002-04-25,147.0,0.0,
-27.5055,153.8641,2002-04-25,136.0,0.0,
-27.1721,153.19730000000004,2002-04-25,108.0,0.0,
-27.0054,153.53070000000002,2002-04-25,129.0,0.0,
-27.0054,153.8641,2002-04-25,136.0,0.0,
-26.5053,153.36400000000003,2002-04-25,127.0,0.0,
-26.5053,153.53070000000002,2002-04-25,130.0,0.0,
-26.5053,153.8641,2002-04-25,135.0,0.0,
-19.6706,115.5231,2002-04-25,184.0,0.0,
-44.3422,148.1963,2002-04-26,220.0,0.2,
-43.6754,148.1963,2002-04-26,234.0,0.0,
-43.6754,148.363,2002-04-26,234.0,0.0,
-43.0086,148.1963,2002-04-26,246.0,0.0,
-36.674,150.3634,2002-04-26,196.0,0.0,
-36.5073,150.19669999999996,2002-04-26,146.0,0.0,
-35.1737,151.03020000000004,2002-04-26,156.0,0.0,
-32.8399,151.8637,2002-04-26,257.0,0.0,
-32.6732,152.36379999999997,2002-04-26,225.0,0.0,
-32.5065,152.53049999999996,2002-04-26,225.0,0.0,
-29.0058,113.85609999999997,2002-04-26,162.0,0.0,
-27.5055,153.8641,2002-04-26,344.0,0.0,
-26.8387,153.53070000000002,2002-04-26,114.0,0.0,
-26.5053,153.53070000000002,2002-04-26,122.0,0.0,
-26.5053,153.8641,2002-04-26,124.0,0.0,
-26.3386,153.36400000000003,2002-04-26,121.0,0.0,
-26.0052,153.69740000000002,2002-04-26,132.0,0.0,
-44.3422,148.1963,2002-04-27,169.0,0.0,
-44.1755,149.02980000000002,2002-04-27,167.0,0.0,
-43.6754,148.363,2002-04-27,174.0,0.0,
-43.342,148.86310000000003,2002-04-27,177.0,0.0,
-43.0086,148.1963,2002-04-27,182.0,0.0,
-42.8419,148.1963,2002-04-27,184.0,0.0,
-37.1741,150.3634,2002-04-27,212.0,0.0,
-36.5073,150.19669999999996,2002-04-27,206.0,0.0,
-36.3406,150.6968,2002-04-27,209.0,0.0,
-36.1739,150.19669999999996,2002-04-27,203.0,0.0,
-34.6736,152.36379999999997,2002-04-27,207.0,0.0,
-27.8389,153.69740000000002,2002-04-27,48.0,0.0,
-26.8387,153.53070000000002,2002-04-27,63.0,0.0,
-26.5053,153.53070000000002,2002-04-27,90.0,0.0,
-26.5053,153.8641,2002-04-27,96.0,0.0,
-24.5049,153.53070000000002,2002-04-27,115.0,0.0,
-44.3422,148.1963,2002-04-28,207.0,0.0,
-43.6754,148.1963,2002-04-28,194.0,0.0,
-43.6754,148.363,2002-04-28,194.0,0.0,
-43.0086,148.02959999999996,2002-04-28,326.0,0.0,
-37.1741,150.19669999999996,2002-04-28,151.0,0.0,
-36.8407,150.19669999999996,2002-04-28,157.0,0.3,
-36.674,150.19669999999996,2002-04-28,165.0,0.1,
-36.3406,151.5303,2002-04-28,145.0,0.1,
-33.5067,151.8637,2002-04-28,157.0,0.0,
-33.5067,153.36400000000003,2002-04-28,158.0,0.0,
-33.34,152.19709999999998,2002-04-28,144.0,0.0,
-33.1733,152.19709999999998,2002-04-28,144.0,0.0,
-33.1733,153.36400000000003,2002-04-28,155.0,0.0,
-33.0066,151.8637,2002-04-28,146.0,0.1,
-32.5065,152.53049999999996,2002-04-28,152.0,0.2,
-20.5041,115.85649999999998,2002-04-28,207.0,0.0,
-26.5053,153.53070000000002,2002-04-29,136.0,0.0,
-26.5053,153.53070000000002,2002-04-30,148.0,0.0,
-33.0066,151.697,2002-05-01,156.0,0.0,
-43.1753,148.363,2002-05-02,270.0,0.0,
-38.341,141.19489999999996,2002-05-02,78.0,0.0,
-32.5065,152.53049999999996,2002-05-02,168.0,0.1,
-22.0044,113.68939999999998,2002-05-02,37.0,0.0,
-36.1739,150.3634,2002-05-04,16.0,0.0,
-35.1737,151.03020000000004,2002-05-04,4.0,0.0,
-34.3402,151.03020000000004,2002-05-04,45.0,0.0,
-33.1733,151.8637,2002-05-04,81.0,0.0,
-20.5041,115.85649999999998,2002-05-04,87.0,0.0,
-19.6706,115.5231,2002-05-04,109.0,0.0,
-12.5025,130.3594,2002-05-04,105.0,0.0,
-7.0014,148.02959999999996,2002-05-04,157.0,0.3,
-6.668,147.0294,2002-05-04,122.0,2.1,
-44.3422,148.1963,2002-05-05,294.0,0.8,
-43.1753,148.1963,2002-05-05,319.0,0.0,
-36.3406,150.3634,2002-05-05,6.0,0.0,
-36.3406,150.6968,2002-05-05,346.0,0.0,
-36.1739,150.3634,2002-05-05,6.0,0.0,
-34.6736,151.5303,2002-05-05,349.0,0.0,
-34.6736,151.8637,2002-05-05,343.0,0.0,
-34.5069,150.8635,2002-05-05,14.0,0.0,
-34.1735,151.697,2002-05-05,340.0,0.0,
-34.0068,151.36360000000002,2002-05-05,344.0,0.0,
-34.0068,151.697,2002-05-05,343.0,0.1,
-33.8401,151.8637,2002-05-05,353.0,0.1,
-33.34,151.8637,2002-05-05,14.0,0.1,
-33.34,152.19709999999998,2002-05-05,25.0,0.2,
-33.34,153.0306,2002-05-05,19.0,0.5,
-33.1733,152.19709999999998,2002-05-05,25.0,0.2,
-33.0066,151.697,2002-05-05,40.0,0.1,
-33.0066,152.53049999999996,2002-05-05,31.0,0.2,
-32.6732,152.36379999999997,2002-05-05,30.0,0.1,
-30.3394,153.36400000000003,2002-05-05,170.0,0.3,
-30.3394,153.53070000000002,2002-05-05,183.0,0.6,
-27.1721,153.36400000000003,2002-05-05,159.0,0.5,
-20.3374,116.5233,2002-05-05,97.0,0.0,
-6.668,147.0294,2002-05-05,114.0,0.0,
-33.34,151.8637,2002-05-06,288.0,0.0,
-32.1731,153.36400000000003,2002-05-06,290.0,0.0,
-26.5053,153.36400000000003,2002-05-06,154.0,0.3,
-34.8403,150.8635,2002-05-07,243.0,0.0,
-33.6734,151.697,2002-05-07,242.0,0.0,
-33.5067,151.5303,2002-05-07,207.0,0.0,
-33.5067,151.697,2002-05-07,237.0,0.0,
-33.5067,151.8637,2002-05-07,237.0,0.0,
-32.6732,152.19709999999998,2002-05-07,207.0,0.0,
-34.1735,172.0344,2002-05-08,238.0,0.0,
-34.0068,151.697,2002-05-08,323.0,0.0,
-33.5067,151.5303,2002-05-08,22.0,0.0,
-33.5067,151.8637,2002-05-08,345.0,0.0,
-33.34,151.697,2002-05-08,22.0,0.0,
-32.8399,151.8637,2002-05-08,51.0,0.0,
-38.0076,140.3614,2002-05-09,269.0,0.3,
-36.5073,150.19669999999996,2002-05-09,355.0,0.0,
-33.6734,151.697,2002-05-09,324.0,0.0,
-33.5067,151.697,2002-05-09,323.0,0.0,
-32.6732,152.6972,2002-05-09,337.0,0.0,
-12.8359,141.5283,2002-05-09,114.0,0.0,
-36.5073,150.19669999999996,2002-05-10,231.0,0.0,
-30.8395,154.1975,2002-05-10,292.0,0.0,
-28.1723,153.69740000000002,2002-05-10,111.0,0.0,
-12.5025,141.5283,2002-05-10,133.0,0.0,
-43.6754,148.363,2002-05-11,316.0,0.0,
-42.8419,148.363,2002-05-11,4.0,0.0,
-41.1749,148.69640000000004,2002-05-11,346.0,0.0,
-33.8401,151.8637,2002-05-11,184.0,0.4,
-43.1753,148.1963,2002-05-12,358.0,0.0,
-41.1749,148.69640000000004,2002-05-12,339.0,0.0,
-38.341,141.19489999999996,2002-05-12,336.0,0.0,
-37.0074,150.3634,2002-05-12,16.0,0.0,
-35.1737,151.03020000000004,2002-05-12,16.0,0.0,
-34.0068,151.36360000000002,2002-05-12,259.0,0.0,
-33.8401,151.5303,2002-05-12,238.0,0.0,
-33.6734,151.36360000000002,2002-05-12,248.0,0.0,
-33.6734,151.697,2002-05-12,223.0,0.0,
-33.5067,151.5303,2002-05-12,228.0,0.0,
-33.34,151.8637,2002-05-12,220.0,0.0,
-30.8395,153.0306,2002-05-12,212.0,0.0,
-20.3374,149.02980000000002,2002-05-12,144.0,0.0,
-12.5025,130.3594,2002-05-12,98.0,0.0,
-34.0068,151.5303,2002-05-13,237.0,0.0,
-41.1749,148.69640000000004,2002-05-14,44.0,0.0,
-33.6734,151.36360000000002,2002-05-14,185.0,0.8,
-16.5033,146.1959,2002-05-14,153.0,0.0,
-33.1733,153.53070000000002,2002-05-15,140.0,0.0,
-27.8389,154.36419999999998,2002-05-15,198.0,0.0,
-33.8401,151.5303,2002-05-16,350.0,0.0,
-29.0058,168.03359999999998,2002-05-16,207.0,0.0,
-28.0056,153.8641,2002-05-16,314.0,0.0,
-29.0058,168.03359999999998,2002-05-17,256.0,0.0,
-12.8359,141.5283,2002-05-17,108.0,0.0,
-44.3422,149.5299,2002-05-18,231.0,0.0,
-38.341,141.19489999999996,2002-05-18,9.0,0.7,
-36.3406,150.19669999999996,2002-05-18,27.0,0.0,
-36.3406,150.3634,2002-05-18,357.0,0.0,
-36.3406,150.6968,2002-05-18,314.0,0.0,
-36.1739,150.3634,2002-05-18,357.0,0.0,
-33.1733,152.19709999999998,2002-05-18,292.0,0.0,
-30.3394,153.36400000000003,2002-05-18,6.0,0.0,
-27.8389,153.8641,2002-05-18,156.0,0.0,
-27.8389,154.1975,2002-05-18,360.0,0.0,
-27.0054,153.36400000000003,2002-05-18,197.0,0.0,
-27.0054,153.8641,2002-05-18,333.0,0.0,
-20.6708,149.3632,2002-05-18,144.0,0.0,
-19.8373,149.02980000000002,2002-05-18,118.0,0.0,
-12.5025,130.3594,2002-05-18,104.0,0.0,
-43.6754,146.86270000000002,2002-05-19,207.0,0.0,
-41.3416,148.363,2002-05-19,145.0,1.3,
-36.5073,150.19669999999996,2002-05-19,279.0,0.0,
-36.3406,150.19669999999996,2002-05-19,284.0,0.0,
-36.1739,150.3634,2002-05-19,293.0,0.0,
-34.8403,138.361,2002-05-19,238.0,0.0,
-34.0068,151.19690000000003,2002-05-19,301.0,0.0,
-33.8401,151.697,2002-05-19,311.0,0.0,
-32.6732,152.6972,2002-05-19,291.0,0.0,
-26.5053,153.53070000000002,2002-05-19,340.0,0.0,
-7.0014,147.69619999999998,2002-05-19,157.0,0.2,
-6.668,147.0294,2002-05-19,135.0,0.0,
-43.6754,146.86270000000002,2002-05-20,160.0,0.2,
-34.0068,151.5303,2002-05-20,272.0,0.4,
-38.341,141.19489999999996,2002-05-21,203.0,0.0,
-34.6736,151.5303,2002-05-21,250.0,0.0,
-38.341,141.19489999999996,2002-05-23,120.0,0.1,
-20.8375,149.19650000000001,2002-05-23,14.0,0.0,
-38.341,141.19489999999996,2002-05-24,99.0,0.0,
-29.0058,168.03359999999998,2002-05-24,235.0,0.0,
-43.1753,148.02959999999996,2002-05-25,204.0,0.1,
-43.1753,148.363,2002-05-25,200.0,0.0,
-38.341,141.19489999999996,2002-05-25,102.0,0.0,
-37.3408,150.5301,2002-05-25,159.0,0.2,
-36.3406,150.3634,2002-05-25,192.0,0.3,
-36.0072,150.3634,2002-05-25,190.0,0.2,
-35.8405,150.5301,2002-05-25,182.0,0.1,
-35.6738,150.5301,2002-05-25,182.0,0.1,
-34.8403,138.361,2002-05-25,135.0,0.0,
-33.5067,151.36360000000002,2002-05-25,142.0,0.4,
-12.5025,130.3594,2002-05-25,11.0,0.0,
-38.1743,140.6948,2002-05-26,169.0,0.0,
-36.0072,150.3634,2002-05-26,205.0,0.0,
-35.1737,151.03020000000004,2002-05-26,201.0,0.4,
-33.6734,151.36360000000002,2002-05-26,187.0,0.2,
-33.5067,151.8637,2002-05-26,174.0,0.6,
-33.5067,153.36400000000003,2002-05-26,162.0,0.0,
-33.34,152.19709999999998,2002-05-26,162.0,0.2,
-32.6732,152.53049999999996,2002-05-26,156.0,0.9,
-12.6692,141.695,2002-05-26,144.0,0.0,
-4.8343,146.1959,2002-05-26,135.0,0.0,
-38.341,141.19489999999996,2002-05-27,113.0,0.3,
-37.1741,150.3634,2002-05-28,229.0,0.0,
-43.342,148.86310000000003,2002-05-30,297.0,0.0,
-38.1743,140.6948,2002-05-30,354.0,0.0,
-36.5073,150.19669999999996,2002-05-31,208.0,0.0,
-37.8409,144.8623,2002-06-02,259.0,0.0,
-34.6736,151.19690000000003,2002-06-03,309.0,0.0,
-17.5035,121.85770000000002,2002-06-03,63.0,0.0,
-36.5073,150.19669999999996,2002-06-05,148.0,0.0,
-16.5033,146.0292,2002-06-07,182.0,0.0,
-43.5087,147.1961,2002-06-08,304.0,0.0,
-43.1753,148.363,2002-06-08,296.0,0.0,
-43.0086,148.1963,2002-06-08,294.0,0.0,
-12.5025,130.3594,2002-06-08,93.0,0.0,
-43.1753,148.02959999999996,2002-06-09,330.0,0.0,
-37.1741,150.3634,2002-06-09,298.0,0.0,
-30.3394,153.53070000000002,2002-06-09,225.0,0.0,
-7.0014,147.69619999999998,2002-06-09,233.0,0.1,
-6.8347,147.86289999999997,2002-06-09,216.0,0.1,
-43.1753,148.02959999999996,2002-06-10,271.0,0.2,
-26.5053,153.53070000000002,2002-06-10,278.0,0.0,
-26.5053,153.8641,2002-06-10,277.0,0.0,
-26.8387,153.36400000000003,2002-06-12,329.0,0.0,
-20.3374,116.5233,2002-06-14,216.0,0.0,
-20.3374,116.5233,2002-06-15,129.0,0.0,
-7.0014,147.3628,2002-06-16,112.0,0.0,
-43.1753,148.1963,2002-06-22,260.0,0.2,
-37.1741,150.3634,2002-06-22,263.0,0.0,
-37.1741,150.3634,2002-06-23,252.0,0.0,
-26.8387,153.19730000000004,2002-06-23,145.0,0.0,
-26.5053,153.53070000000002,2002-06-23,145.0,0.0,
-20.004,116.35660000000001,2002-06-23,104.0,0.0,
-43.1753,148.1963,2002-06-24,337.0,0.0,
-26.8387,153.19730000000004,2002-06-24,149.0,0.0,
-26.8387,153.53070000000002,2002-06-24,151.0,0.0,
-24.6716,153.19730000000004,2002-06-24,127.0,0.0,
-43.6754,148.363,2002-06-25,306.0,0.0,
-27.8389,153.36400000000003,2002-06-25,162.0,0.2,
-20.004,116.35660000000001,2002-06-25,95.0,0.0,
-34.3402,151.5303,2002-06-26,210.0,0.0,
-20.004,116.35660000000001,2002-06-26,115.0,0.0,
-15.5031,167.8669,2002-06-27,359.0,0.3,
-26.8387,153.19730000000004,2002-06-29,224.0,0.0,
-7.0014,147.69619999999998,2002-06-29,131.0,0.8,
-43.1753,148.1963,2002-06-30,287.0,0.0,
-20.3374,116.5233,2002-06-30,88.0,0.0,
-20.3374,116.5233,2002-07-01,115.0,0.0,
-17.1701,118.35699999999997,2002-07-01,105.0,0.0,
-27.1721,153.69740000000002,2002-07-02,256.0,0.0,
-20.004,148.86310000000003,2002-07-02,147.0,0.0,
-17.5035,119.0238,2002-07-02,132.0,0.0,
-20.1707,149.02980000000002,2002-07-03,157.0,0.0,
-17.5035,168.5337,2002-07-03,133.0,0.0,
-43.1753,148.02959999999996,2002-07-04,245.0,0.2,
-17.5035,119.0238,2002-07-04,105.0,0.0,
-17.5035,121.85770000000002,2002-07-05,105.0,0.0,
-17.5035,168.5337,2002-07-05,158.0,0.0,
-17.1701,118.35699999999997,2002-07-05,109.0,0.0,
-20.3374,116.5233,2002-07-06,88.0,0.0,
-17.5035,168.5337,2002-07-06,123.0,0.0,
-17.3368,119.35720000000003,2002-07-06,80.0,0.0,
-17.1701,118.35699999999997,2002-07-06,79.0,0.0,
-31.3396,153.19730000000004,2002-07-07,254.0,0.0,
-26.5053,153.36400000000003,2002-07-07,193.0,0.0,
-17.1701,118.35699999999997,2002-07-07,96.0,0.0,
-6.668,147.0294,2002-07-07,127.0,0.1,
-20.3374,116.5233,2002-07-08,104.0,0.0,
-17.5035,168.5337,2002-07-08,144.0,0.0,
-30.3394,153.36400000000003,2002-07-10,209.0,0.0,
-17.5035,119.35720000000003,2002-07-10,148.0,0.0,
-12.5025,130.3594,2002-07-11,108.0,0.0,
-33.6734,151.36360000000002,2002-07-12,259.0,0.0,
-20.3374,116.5233,2002-07-12,186.0,0.0,
-17.1701,118.35699999999997,2002-07-12,188.0,0.0,
-12.5025,130.3594,2002-07-12,77.0,0.0,
-26.5053,153.53070000000002,2002-07-13,185.0,0.0,
-33.0066,151.697,2002-07-14,292.0,0.1,
-33.0066,152.19709999999998,2002-07-14,285.0,0.0,
-26.5053,153.53070000000002,2002-07-14,331.0,0.0,
-19.0038,147.3628,2002-07-14,287.0,0.1,
-17.1701,118.35699999999997,2002-07-15,126.0,0.0,
-26.5053,153.53070000000002,2002-07-17,194.0,0.0,
-17.5035,168.5337,2002-07-18,129.0,0.2,
-17.1701,118.35699999999997,2002-07-18,76.0,0.0,
-12.5025,130.3594,2002-07-18,114.0,0.0,
-5.1677,145.8625,2002-07-18,106.0,0.0,
-30.3394,153.36400000000003,2002-07-19,168.0,0.0,
-17.5035,168.5337,2002-07-19,156.0,0.0,
-12.5025,130.3594,2002-07-19,111.0,0.0,
-6.668,147.0294,2002-07-19,106.0,0.0,
-34.8403,150.8635,2002-07-20,309.0,0.0,
-33.8401,151.36360000000002,2002-07-20,323.0,0.0,
-27.0054,153.53070000000002,2002-07-20,204.0,0.0,
-26.5053,153.36400000000003,2002-07-20,199.0,0.6,
-26.5053,153.53070000000002,2002-07-20,203.0,0.2,
-12.5025,130.3594,2002-07-20,103.0,0.0,
-26.5053,153.53070000000002,2002-07-21,204.0,0.0,
-20.3374,116.5233,2002-07-21,89.0,0.0,
-17.1701,118.35699999999997,2002-07-21,111.0,0.0,
-12.6692,130.026,2002-07-21,106.0,0.0,
-9.5019,147.0294,2002-07-21,142.0,0.0,
-6.668,147.0294,2002-07-21,103.0,0.2,
-34.6736,151.19690000000003,2002-07-22,241.0,0.0,
-34.5069,151.19690000000003,2002-07-22,241.0,0.0,
-33.8401,151.36360000000002,2002-07-22,218.0,0.0,
-17.1701,118.35699999999997,2002-07-22,140.0,0.0,
-20.3374,116.5233,2002-07-23,151.0,0.0,
-17.1701,118.35699999999997,2002-07-23,140.0,0.0,
-26.5053,153.53070000000002,2002-07-24,301.0,0.0,
-21.8377,171.0342,2002-07-24,160.0,0.0,
-21.8377,171.0342,2002-07-26,244.0,0.0,
-17.1701,118.35699999999997,2002-07-26,231.0,0.0,
-13.1693,130.026,2002-07-26,20.0,0.0,
-35.1737,151.03020000000004,2002-07-27,13.0,0.0,
-34.0068,151.36360000000002,2002-07-27,253.0,0.0,
-27.1721,153.69740000000002,2002-07-27,163.0,0.0,
-27.0054,153.8641,2002-07-27,164.0,0.0,
-26.8387,153.69740000000002,2002-07-27,162.0,0.0,
-26.5053,153.36400000000003,2002-07-27,161.0,0.0,
-26.5053,153.53070000000002,2002-07-27,164.0,0.0,
-20.004,148.86310000000003,2002-07-27,118.0,0.0,
-19.1705,147.0294,2002-07-27,108.0,0.0,
-12.6692,130.026,2002-07-27,29.0,0.0,
-35.1737,151.03020000000004,2002-07-28,10.0,0.0,
-34.5069,151.03020000000004,2002-07-28,360.0,0.0,
-34.0068,151.5303,2002-07-28,1.0,0.0,
-30.3394,153.36400000000003,2002-07-28,196.0,0.0,
-27.8389,153.53070000000002,2002-07-28,160.0,0.0,
-26.672,153.19730000000004,2002-07-28,143.0,0.0,
-26.5053,153.53070000000002,2002-07-28,157.0,0.0,
-19.1705,147.0294,2002-07-28,104.0,0.0,
-17.1701,118.35699999999997,2002-07-28,130.0,0.0,
-12.6692,130.026,2002-07-28,36.0,0.0,
-7.0014,148.02959999999996,2002-07-28,125.0,0.0,
-17.5035,168.36699999999996,2002-07-30,116.0,0.0,
-17.5035,122.02440000000001,2002-07-31,126.0,0.0,
-34.6736,151.19690000000003,2002-08-01,3.0,0.0,
-28.1723,153.8641,2002-08-01,166.0,0.0,
-34.0068,151.697,2002-08-02,302.0,0.0,
-33.8401,151.36360000000002,2002-08-02,311.0,0.0,
-30.3394,153.36400000000003,2002-08-02,2.0,0.0,
-20.5041,115.85649999999998,2002-08-02,103.0,0.0,
-20.5041,116.5233,2002-08-02,99.0,0.0,
-20.5041,116.69,2002-08-02,94.0,0.0,
-20.3374,116.5233,2002-08-02,106.0,0.0,
-20.3374,116.85669999999999,2002-08-02,107.0,0.0,
-20.004,116.5233,2002-08-02,109.0,0.0,
-17.1701,118.35699999999997,2002-08-02,136.0,0.0,
-34.0068,151.5303,2002-08-03,24.0,0.0,
-34.0068,151.697,2002-08-03,17.0,0.0,
-33.8401,151.36360000000002,2002-08-03,29.0,0.0,
-33.8401,151.697,2002-08-03,20.0,0.0,
-33.8401,152.0304,2002-08-03,16.0,0.0,
-33.6734,151.697,2002-08-03,20.0,0.0,
-26.5053,153.36400000000003,2002-08-03,357.0,0.0,
-26.5053,153.53070000000002,2002-08-03,346.0,0.0,
-20.5041,116.35660000000001,2002-08-03,89.0,0.0,
-20.5041,116.5233,2002-08-03,92.0,0.0,
-20.5041,116.69,2002-08-03,88.0,0.0,
-20.3374,116.5233,2002-08-03,98.0,0.0,
-20.3374,116.85669999999999,2002-08-03,101.0,0.0,
-20.004,116.35660000000001,2002-08-03,99.0,0.0,
-18.5037,146.52930000000003,2002-08-03,107.0,0.0,
-18.1703,146.69600000000003,2002-08-03,163.0,0.0,
-17.1701,118.35699999999997,2002-08-03,107.0,0.0,
-16.67,145.8625,2002-08-03,126.0,0.0,
-16.5033,145.8625,2002-08-03,151.0,0.0,
-30.3394,153.36400000000003,2002-08-04,239.0,0.0,
-30.3394,153.53070000000002,2002-08-04,250.0,0.0,
-26.5053,153.36400000000003,2002-08-04,249.0,0.0,
-20.6708,116.35660000000001,2002-08-04,158.0,0.0,
-20.5041,116.35660000000001,2002-08-04,137.0,0.0,
-20.5041,116.5233,2002-08-04,135.0,0.0,
-20.5041,116.69,2002-08-04,22.0,0.0,
-20.5041,117.02339999999998,2002-08-04,30.0,0.0,
-20.3374,116.5233,2002-08-04,139.0,0.0,
-20.1707,116.5233,2002-08-04,139.0,0.0,
-20.004,116.35660000000001,2002-08-04,146.0,0.0,
-20.004,116.5233,2002-08-04,142.0,0.0,
-19.1705,147.0294,2002-08-04,161.0,0.0,
-18.5037,146.52930000000003,2002-08-04,145.0,0.0,
-18.337,146.69600000000003,2002-08-04,168.0,0.0,
-18.1703,146.69600000000003,2002-08-04,168.0,0.0,
-17.1701,118.35699999999997,2002-08-04,118.0,0.0,
-16.67,145.8625,2002-08-04,135.0,0.0,
-16.67,146.1959,2002-08-04,167.0,0.0,
-16.5033,145.8625,2002-08-04,148.0,0.0,
-16.5033,146.0292,2002-08-04,159.0,0.0,
-26.8387,153.19730000000004,2002-08-05,135.0,0.0,
-20.5041,115.85649999999998,2002-08-05,170.0,0.0,
-20.5041,116.35660000000001,2002-08-05,167.0,0.0,
-20.5041,116.69,2002-08-05,140.0,0.0,
-20.5041,117.02339999999998,2002-08-05,137.0,0.0,
-20.3374,116.5233,2002-08-05,162.0,0.0,
-20.3374,116.69,2002-08-05,156.0,0.0,
-20.3374,116.85669999999999,2002-08-05,156.0,0.0,
-20.1707,116.5233,2002-08-05,162.0,0.0,
-20.004,116.5233,2002-08-05,166.0,0.0,
-17.5035,121.85770000000002,2002-08-05,174.0,0.0,
-17.5035,168.8671,2002-08-05,90.0,0.0,
-17.1701,118.35699999999997,2002-08-05,174.0,0.0,
-36.5073,150.19669999999996,2002-08-06,285.0,0.0,
-34.6736,151.19690000000003,2002-08-06,346.0,0.0,
-26.8387,153.19730000000004,2002-08-06,248.0,0.0,
-26.5053,153.36400000000003,2002-08-06,211.0,0.0,
-26.5053,153.53070000000002,2002-08-06,214.0,0.0,
-20.3374,148.86310000000003,2002-08-06,124.0,0.0,
-19.0038,147.3628,2002-08-06,128.0,0.0,
-17.1701,118.35699999999997,2002-08-06,122.0,0.0,
-26.5053,153.53070000000002,2002-08-08,139.0,0.0,
-34.6736,151.19690000000003,2002-08-10,9.0,0.0,
-26.672,153.53070000000002,2002-08-10,113.0,0.0,
-26.5053,153.36400000000003,2002-08-10,112.0,0.0,
-26.5053,153.53070000000002,2002-08-10,114.0,0.0,
-33.0066,151.697,2002-08-11,320.0,0.0,
-26.5053,153.36400000000003,2002-08-11,49.0,0.0,
-26.5053,153.53070000000002,2002-08-11,45.0,0.0,
-26.3386,153.53070000000002,2002-08-11,48.0,0.0,
-19.0038,147.3628,2002-08-12,128.0,0.0,
-16.3366,146.0292,2002-08-12,136.0,0.3,
-22.3378,152.8639,2002-08-13,217.0,0.0,
-21.1709,150.19669999999996,2002-08-13,167.0,0.0,
-20.3374,148.86310000000003,2002-08-13,108.0,0.0,
-17.8369,168.36699999999996,2002-08-13,104.0,0.0,
-17.3368,148.363,2002-08-13,130.0,0.0,
-17.8369,168.36699999999996,2002-08-14,76.0,0.1,
-35.1737,151.03020000000004,2002-08-16,210.0,0.0,
-17.3368,148.363,2002-08-16,117.0,0.0,
-15.5031,167.8669,2002-08-16,201.0,0.0,
-26.3386,153.53070000000002,2002-08-17,163.0,0.6,
-26.672,153.53070000000002,2002-08-18,153.0,0.2,
-26.5053,153.36400000000003,2002-08-18,149.0,0.1,
-26.3386,153.53070000000002,2002-08-18,157.0,0.2,
-20.3374,116.5233,2002-08-18,102.0,0.0,
-16.5033,146.0292,2002-08-18,120.0,0.0,
-26.5053,153.36400000000003,2002-08-19,149.0,0.5,
-20.004,148.86310000000003,2002-08-19,122.0,0.0,
-17.5035,122.02440000000001,2002-08-19,69.0,0.0,
-17.3368,148.363,2002-08-20,87.0,0.1,
-17.0034,178.36900000000003,2002-08-20,127.0,1.0,
-20.3374,116.5233,2002-08-21,149.0,0.0,
-17.1701,118.35699999999997,2002-08-21,142.0,0.0,
-20.3374,116.5233,2002-08-22,225.0,0.0,
-26.672,153.19730000000004,2002-08-23,224.0,0.0,
-26.5053,153.53070000000002,2002-08-23,221.0,0.0,
-34.6736,151.19690000000003,2002-08-24,212.0,0.0,
-26.5053,153.53070000000002,2002-08-24,144.0,0.0,
-34.8403,151.03020000000004,2002-08-25,181.0,0.0,
-17.1701,118.35699999999997,2002-08-25,165.0,0.0,
-21.8377,171.0342,2002-08-26,25.0,0.0,
-20.3374,116.5233,2002-08-26,223.0,0.0,
-20.3374,116.5233,2002-08-27,173.0,0.0,
-16.67,145.8625,2002-08-28,122.0,0.0,
-26.5053,153.53070000000002,2002-08-29,143.0,0.0,
-21.8377,171.0342,2002-08-29,149.0,0.0,
-20.004,148.86310000000003,2002-08-30,118.0,0.0,
-19.0038,147.3628,2002-08-30,118.0,0.0,
-17.5035,121.85770000000002,2002-08-30,242.0,0.0,
-34.3402,151.36360000000002,2002-08-31,255.0,0.0,
-19.1705,147.0294,2002-08-31,75.0,0.0,
-6.668,148.5297,2002-08-31,134.0,0.0,
-30.3394,153.19730000000004,2002-09-01,271.0,0.0,
-30.3394,153.53070000000002,2002-09-01,333.0,0.0,
-19.8373,149.02980000000002,2002-09-01,176.0,0.0,
-19.0038,147.3628,2002-09-01,110.0,0.0,
-17.5035,168.5337,2002-09-01,123.0,0.0,
-7.0014,147.1961,2002-09-01,103.0,0.5,
-7.0014,147.69619999999998,2002-09-01,131.0,0.5,
-29.0058,168.03359999999998,2002-09-02,354.0,0.0,
-19.0038,147.3628,2002-09-02,353.0,0.0,
-33.34,114.85630000000003,2002-09-03,218.0,0.0,
-21.1709,115.02300000000002,2002-09-03,162.0,0.0,
-19.8373,148.86310000000003,2002-09-03,48.0,0.0,
-19.0038,147.3628,2002-09-03,34.0,0.0,
-17.1701,118.35699999999997,2002-09-03,204.0,0.0,
-21.1709,115.02300000000002,2002-09-04,181.0,0.0,
-19.0038,147.3628,2002-09-04,49.0,0.0,
-18.6704,146.3626,2002-09-04,51.0,0.0,
-17.1701,118.35699999999997,2002-09-04,283.0,0.0,
-21.1709,115.02300000000002,2002-09-05,176.0,0.0,
-19.0038,147.3628,2002-09-05,80.0,0.0,
-18.337,146.69600000000003,2002-09-05,97.0,0.0,
-17.5035,121.85770000000002,2002-09-05,265.0,0.0,
-16.3366,146.0292,2002-09-05,118.0,0.0,
-17.5035,168.36699999999996,2002-09-06,102.0,0.0,
-17.5035,168.5337,2002-09-06,102.0,0.0,
-19.0038,147.3628,2002-09-07,113.0,0.0,
-18.337,146.86270000000002,2002-09-07,157.0,0.1,
-18.1703,146.3626,2002-09-07,115.0,0.0,
-14.1695,136.36059999999998,2002-09-07,29.0,0.0,
-12.0024,136.52729999999997,2002-09-07,85.0,0.0,
-18.1703,147.3628,2002-09-08,57.0,0.0,
-18.0036,146.3626,2002-09-08,77.0,0.0,
-17.8369,146.52930000000003,2002-09-08,83.0,0.0,
-17.6702,146.52930000000003,2002-09-08,83.0,0.0,
-17.1701,146.52930000000003,2002-09-08,87.0,0.0,
-19.0038,147.3628,2002-09-09,15.0,0.0,
-18.1703,146.52930000000003,2002-09-09,30.0,0.0,
-18.1703,146.69600000000003,2002-09-09,27.0,0.0,
-17.5035,168.36699999999996,2002-09-09,143.0,0.0,
-19.0038,147.3628,2002-09-10,12.0,0.0,
-15.8365,145.69579999999996,2002-09-11,114.0,0.0,
-12.1691,136.8607,2002-09-11,99.0,0.0,
-34.8403,151.697,2002-09-14,10.0,0.0,
-20.004,177.8689,2002-09-14,139.0,0.0,
-6.668,147.0294,2002-09-14,83.0,0.0,
-35.1737,151.03020000000004,2002-09-15,28.0,0.0,
-34.0068,151.36360000000002,2002-09-15,37.0,0.0,
-34.0068,151.5303,2002-09-15,31.0,0.0,
-26.3386,153.19730000000004,2002-09-15,118.0,0.0,
-17.8369,122.1911,2002-09-15,259.0,0.0,
-17.5035,122.02440000000001,2002-09-15,260.0,0.0,
-7.3348,147.3628,2002-09-15,29.0,0.2,
-7.0014,147.1961,2002-09-15,29.0,0.0,
-7.0014,147.69619999999998,2002-09-15,128.0,0.0,
-6.668,147.0294,2002-09-15,100.0,0.0,
-30.3394,153.53070000000002,2002-09-16,12.0,0.0,
-20.004,148.86310000000003,2002-09-16,111.0,0.0,
-17.8369,122.1911,2002-09-16,132.0,0.0,
-17.5035,122.02440000000001,2002-09-16,138.0,0.0,
-7.6682,147.69619999999998,2002-09-16,70.0,0.0,
-6.668,147.1961,2002-09-16,112.0,0.0,
-19.8373,148.86310000000003,2002-09-17,39.0,0.0,
-17.5035,122.02440000000001,2002-09-17,128.0,0.0,
-16.3366,146.0292,2002-09-17,128.0,0.0,
-16.1699,145.8625,2002-09-17,135.0,0.0,
-17.8369,122.1911,2002-09-18,94.0,0.0,
-17.5035,122.02440000000001,2002-09-18,76.0,0.0,
-16.3366,146.0292,2002-09-18,155.0,0.0,
-15.5031,145.8625,2002-09-18,159.0,0.0,
-17.5035,121.85770000000002,2002-09-19,272.0,0.0,
-17.5035,122.02440000000001,2002-09-19,299.0,0.0,
-13.1693,130.026,2002-09-19,321.0,0.2,
-12.6692,130.026,2002-09-19,341.0,0.0,
-12.5025,130.3594,2002-09-19,331.0,0.3,
-31.3396,153.0306,2002-09-20,135.0,0.0,
-17.5035,122.02440000000001,2002-09-20,241.0,0.0,
-17.5035,146.0292,2002-09-20,45.0,0.0,
-17.1701,118.35699999999997,2002-09-20,224.0,0.0,
-13.1693,130.026,2002-09-20,312.0,0.0,
-13.0026,130.026,2002-09-20,292.0,0.0,
-12.8359,130.1927,2002-09-20,292.0,0.0,
-12.6692,130.026,2002-09-20,309.0,0.0,
-35.6738,150.5301,2002-09-21,148.0,0.0,
-34.6736,151.19690000000003,2002-09-21,358.0,0.0,
-34.5069,151.36360000000002,2002-09-21,1.0,0.0,
-34.3402,151.19690000000003,2002-09-21,325.0,0.0,
-34.0068,151.36360000000002,2002-09-21,339.0,0.0,
-30.3394,153.36400000000003,2002-09-21,23.0,0.0,
-30.3394,153.53070000000002,2002-09-21,17.0,0.0,
-30.3394,153.69740000000002,2002-09-21,4.0,0.0,
-30.1727,153.69740000000002,2002-09-21,4.0,0.0,
-19.0038,147.3628,2002-09-21,17.0,0.0,
-17.8369,146.52930000000003,2002-09-21,31.0,0.0,
-17.5035,146.3626,2002-09-21,41.0,0.0,
-17.5035,146.52930000000003,2002-09-21,34.0,0.0,
-16.3366,146.0292,2002-09-21,77.0,0.0,
-15.6698,145.8625,2002-09-21,87.0,0.0,
-12.6692,130.026,2002-09-21,258.0,0.0,
-12.5025,130.3594,2002-09-21,292.0,0.0,
-12.1691,136.8607,2002-09-21,97.0,0.0,
-35.6738,150.5301,2002-09-22,31.0,0.0,
-34.0068,151.697,2002-09-22,18.0,0.0,
-33.8401,151.36360000000002,2002-09-22,54.0,0.0,
-33.5067,151.5303,2002-09-22,72.0,0.0,
-33.34,151.697,2002-09-22,72.0,0.0,
-30.3394,153.36400000000003,2002-09-22,159.0,0.0,
-30.3394,153.53070000000002,2002-09-22,169.0,0.0,
-30.1727,153.53070000000002,2002-09-22,169.0,0.0,
-21.8377,171.0342,2002-09-22,76.0,0.0,
-19.0038,147.3628,2002-09-22,360.0,0.0,
-17.6702,146.3626,2002-09-22,65.0,0.0,
-17.5035,146.0292,2002-09-22,67.0,0.0,
-15.003,145.69579999999996,2002-09-22,122.0,0.0,
-32.8399,152.53049999999996,2002-09-23,53.0,0.0,
-32.6732,152.36379999999997,2002-09-23,82.0,0.0,
-30.3394,153.36400000000003,2002-09-23,25.0,0.0,
-30.3394,153.53070000000002,2002-09-23,18.0,0.0,
-16.3366,146.0292,2002-09-23,125.0,0.0,
-30.3394,153.36400000000003,2002-09-24,46.0,0.0,
-16.3366,146.0292,2002-09-24,142.0,0.0,
-16.3366,146.0292,2002-09-25,131.0,0.0,
-18.6704,-174.2015,2002-09-26,166.0,0.0,
-16.3366,146.0292,2002-09-26,135.0,0.0,
-30.3394,153.36400000000003,2002-09-27,29.0,0.0,
-16.5033,146.0292,2002-09-27,144.0,0.0,
-16.3366,146.0292,2002-09-27,146.0,0.0,
-16.3366,146.0292,2002-09-28,146.0,0.0,
-15.5031,145.8625,2002-09-28,125.0,0.0,
-11.669,136.69399999999996,2002-09-28,88.0,0.0,
-32.8399,152.36379999999997,2002-09-29,202.0,0.0,
-17.5035,122.02440000000001,2002-09-29,177.0,0.0,
-16.3366,146.0292,2002-09-29,139.0,0.0,
-15.5031,145.8625,2002-09-29,141.0,0.0,
-15.5031,167.8669,2002-09-29,101.0,0.0,
-33.34,114.85630000000003,2002-09-30,181.0,0.0,
-17.5035,122.02440000000001,2002-10-01,285.0,0.0,
-17.1701,121.85770000000002,2002-10-01,315.0,0.0,
-17.5035,122.02440000000001,2002-10-02,239.0,0.0,
-17.5035,122.02440000000001,2002-10-03,217.0,0.0,
-26.8387,153.36400000000003,2002-10-04,62.0,0.0,
-17.5035,122.02440000000001,2002-10-04,234.0,0.0,
-17.1701,121.85770000000002,2002-10-04,208.0,0.0,
-16.3366,146.0292,2002-10-04,146.0,0.0,
-16.1699,146.86270000000002,2002-10-04,143.0,0.0,
-15.003,145.69579999999996,2002-10-04,139.0,0.0,
-34.0068,151.36360000000002,2002-10-05,51.0,0.0,
-33.8401,151.5303,2002-10-05,53.0,0.0,
-33.8401,151.8637,2002-10-05,43.0,0.0,
-33.34,152.19709999999998,2002-10-05,38.0,0.0,
-27.0054,153.36400000000003,2002-10-05,45.0,0.0,
-18.6704,146.3626,2002-10-05,82.0,0.0,
-17.8369,146.52930000000003,2002-10-05,136.0,0.0,
-17.8369,146.69600000000003,2002-10-05,137.0,0.0,
-17.6702,146.3626,2002-10-05,125.0,0.0,
-16.67,146.3626,2002-10-05,141.0,0.0,
-16.3366,146.0292,2002-10-05,137.0,0.0,
-16.1699,146.86270000000002,2002-10-05,136.0,0.0,
-15.8365,145.8625,2002-10-05,137.0,0.0,
-15.5031,145.8625,2002-10-05,137.0,0.0,
-34.6736,151.03020000000004,2002-10-06,68.0,0.0,
-34.3402,151.19690000000003,2002-10-06,50.0,0.0,
-34.1735,151.36360000000002,2002-10-06,55.0,0.0,
-34.0068,151.19690000000003,2002-10-06,18.0,0.0,
-34.0068,151.36360000000002,2002-10-06,66.0,0.0,
-34.0068,151.5303,2002-10-06,64.0,0.0,
-34.0068,151.697,2002-10-06,38.0,0.0,
-33.5067,151.8637,2002-10-06,65.0,0.0,
-30.3394,153.36400000000003,2002-10-06,25.0,0.0,
-26.5053,153.36400000000003,2002-10-06,66.0,0.0,
-26.5053,153.53070000000002,2002-10-06,66.0,0.0,
-17.8369,146.3626,2002-10-06,141.0,0.0,
-17.8369,146.52930000000003,2002-10-06,154.0,0.0,
-17.8369,146.69600000000003,2002-10-06,152.0,0.0,
-17.6702,146.3626,2002-10-06,141.0,0.0,
-16.3366,146.0292,2002-10-06,147.0,0.0,
-16.1699,146.86270000000002,2002-10-06,143.0,0.0,
-35.1737,151.03020000000004,2002-10-07,21.0,0.0,
-35.007,150.8635,2002-10-07,31.0,0.0,
-21.0042,149.19650000000001,2002-10-07,98.0,0.0,
-20.004,148.86310000000003,2002-10-07,115.0,0.0,
-16.67,168.8671,2002-10-07,120.0,0.0,
-16.3366,146.0292,2002-10-08,142.0,0.0,
-14.6696,145.69579999999996,2002-10-08,151.0,0.0,
-21.5043,149.3632,2002-10-09,86.0,0.0,
-14.6696,145.69579999999996,2002-10-09,127.0,0.0,
-14.1695,136.36059999999998,2002-10-09,347.0,0.0,
-16.1699,145.8625,2002-10-10,133.0,0.0,
-15.5031,145.8625,2002-10-10,131.0,0.0,
-15.3364,145.69579999999996,2002-10-10,130.0,0.0,
-15.1697,145.69579999999996,2002-10-11,125.0,0.0,
4.1675,73.84809999999999,2002-10-11,247.0,0.0,
-26.3386,153.53070000000002,2002-10-12,107.0,0.2,
-16.0032,145.8625,2002-10-12,132.0,0.0,
-15.5031,145.8625,2002-10-12,130.0,0.0,
-15.3364,145.69579999999996,2002-10-12,129.0,0.0,
-15.003,145.69579999999996,2002-10-12,130.0,0.0,
-14.6696,145.36239999999998,2002-10-12,124.0,0.0,
-26.5053,153.53070000000002,2002-10-13,16.0,0.0,
-25.005,153.0306,2002-10-13,26.0,0.0,
-24.1715,153.19730000000004,2002-10-13,34.0,0.1,
-21.8377,171.0342,2002-10-13,164.0,0.0,
-17.5035,121.85770000000002,2002-10-13,267.0,0.0,
-17.5035,122.02440000000001,2002-10-13,45.0,0.0,
-15.8365,145.69579999999996,2002-10-13,136.0,0.0,
-15.3364,145.69579999999996,2002-10-13,133.0,0.0,
-15.1697,145.69579999999996,2002-10-13,133.0,0.0,
-15.003,145.69579999999996,2002-10-13,133.0,0.0,
-14.6696,145.36239999999998,2002-10-13,127.0,0.0,
-14.6696,145.69579999999996,2002-10-13,133.0,0.0,
-14.3362,145.52909999999997,2002-10-13,131.0,0.0,
-7.0014,147.3628,2002-10-13,118.0,0.0,
-24.1715,153.19730000000004,2002-10-14,327.0,0.0,
-16.67,146.1959,2002-10-14,145.0,0.0,
-15.3364,145.69579999999996,2002-10-14,140.0,0.0,
-15.1697,145.69579999999996,2002-10-14,140.0,0.0,
-15.003,145.69579999999996,2002-10-14,141.0,0.0,
-14.8363,145.69579999999996,2002-10-14,142.0,0.0,
-14.6696,145.69579999999996,2002-10-14,142.0,0.0,
-14.5029,145.52909999999997,2002-10-14,140.0,0.0,
-24.1715,153.19730000000004,2002-10-15,304.0,0.0,
-15.5031,145.8625,2002-10-15,165.0,0.0,
-15.3364,145.69579999999996,2002-10-15,166.0,0.0,
-15.1697,145.69579999999996,2002-10-15,166.0,0.0,
-15.003,145.69579999999996,2002-10-15,163.0,0.0,
-14.8363,145.69579999999996,2002-10-15,159.0,0.0,
-14.6696,145.69579999999996,2002-10-15,159.0,0.0,
-14.5029,145.52909999999997,2002-10-15,150.0,0.0,
-16.5033,145.8625,2002-10-16,97.0,0.0,
-15.3364,145.69579999999996,2002-10-16,141.0,0.0,
-15.1697,145.69579999999996,2002-10-16,141.0,0.0,
-15.003,145.69579999999996,2002-10-16,142.0,0.0,
-14.6696,145.69579999999996,2002-10-16,142.0,0.0,
-14.5029,145.69579999999996,2002-10-16,142.0,0.0,
-20.004,148.86310000000003,2002-10-17,349.0,0.0,
-16.3366,146.0292,2002-10-17,119.0,0.0,
-15.003,145.69579999999996,2002-10-17,120.0,0.0,
-14.6696,145.69579999999996,2002-10-17,119.0,0.0,
-14.5029,145.52909999999997,2002-10-17,120.0,0.0,
-15.5031,145.8625,2002-10-18,100.0,0.0,
-15.3364,145.1957,2002-10-18,96.0,0.0,
-15.1697,145.69579999999996,2002-10-18,110.0,0.0,
-14.6696,145.69579999999996,2002-10-18,117.0,0.0,
-14.5029,145.52909999999997,2002-10-18,118.0,0.0,
-33.0066,152.53049999999996,2002-10-19,14.0,0.0,
-15.3364,145.69579999999996,2002-10-19,117.0,0.0,
-14.6696,145.36239999999998,2002-10-19,111.0,0.0,
-14.6696,145.69579999999996,2002-10-19,111.0,0.0,
-34.6736,151.5303,2002-10-20,358.0,0.0,
-34.0068,151.5303,2002-10-20,33.0,0.0,
-34.0068,151.697,2002-10-20,348.0,0.0,
-33.8401,151.36360000000002,2002-10-20,66.0,0.0,
-33.8401,151.8637,2002-10-20,10.0,0.0,
-33.6734,151.697,2002-10-20,10.0,0.0,
-33.34,114.85630000000003,2002-10-20,319.0,0.0,
-32.6732,152.36379999999997,2002-10-20,155.0,0.0,
-20.3374,149.02980000000002,2002-10-20,336.0,0.0,
-16.3366,146.0292,2002-10-20,148.0,0.0,
-16.1699,145.8625,2002-10-20,146.0,0.0,
-14.6696,145.69579999999996,2002-10-20,140.0,0.0,
-12.1691,136.8607,2002-10-20,79.0,0.0,
-5.5011,146.0292,2002-10-20,10.0,0.0,
-4.8343,146.1959,2002-10-20,144.0,0.0,
-35.007,150.8635,2002-10-21,142.0,0.2,
-16.5033,146.1959,2002-10-21,306.0,0.0,
-16.1699,145.8625,2002-10-21,12.0,0.0,
-15.1697,145.69579999999996,2002-10-21,56.0,0.0,
-14.6696,145.69579999999996,2002-10-21,83.0,0.0,
-17.5035,146.52930000000003,2002-10-22,1.0,0.0,
-16.5033,145.8625,2002-10-22,16.0,0.0,
-15.5031,145.8625,2002-10-22,354.0,0.0,
-15.3364,145.69579999999996,2002-10-22,347.0,0.0,
-15.003,145.69579999999996,2002-10-22,337.0,0.0,
-17.6702,169.20050000000003,2002-10-23,161.0,0.0,
-15.003,145.69579999999996,2002-10-23,349.0,0.0,
-21.8377,114.18950000000001,2002-10-24,205.0,0.0,
-16.67,146.1959,2002-10-24,153.0,0.0,
-16.1699,145.8625,2002-10-24,97.0,0.0,
-15.003,145.69579999999996,2002-10-24,341.0,0.0,
-21.8377,114.52289999999999,2002-10-25,206.0,0.0,
-15.003,145.69579999999996,2002-10-25,101.0,0.0,
-14.6696,145.69579999999996,2002-10-25,75.0,0.0,
-21.671,114.3562,2002-10-26,234.0,0.0,
-21.5043,149.3632,2002-10-26,359.0,0.0,
-20.1707,149.3632,2002-10-26,342.0,0.0,
-15.3364,145.69579999999996,2002-10-26,43.0,0.0,
-15.1697,145.69579999999996,2002-10-26,43.0,0.0,
-15.003,145.69579999999996,2002-10-26,48.0,0.0,
-14.6696,145.69579999999996,2002-10-26,54.0,0.0,
-7.0014,147.69619999999998,2002-10-26,144.0,0.0,
-6.668,147.0294,2002-10-26,113.0,0.0,
-21.8377,114.18950000000001,2002-10-27,211.0,0.0,
-15.1697,145.69579999999996,2002-10-27,11.0,0.0,
-15.003,145.69579999999996,2002-10-27,15.0,0.0,
-14.6696,145.69579999999996,2002-10-27,20.0,0.0,
-7.0014,147.69619999999998,2002-10-27,120.0,0.0,
-7.0014,147.86289999999997,2002-10-27,120.0,0.0,
-4.8343,146.1959,2002-10-27,127.0,0.1,
-33.0066,152.0304,2002-10-28,186.0,0.0,
-21.8377,114.18950000000001,2002-10-28,186.0,0.0,
-21.8377,171.0342,2002-10-28,10.0,0.0,
-21.5043,149.3632,2002-10-28,131.0,0.0,
-17.5035,146.52930000000003,2002-10-28,182.0,0.0,
-15.5031,145.8625,2002-10-28,24.0,0.0,
-15.3364,145.69579999999996,2002-10-28,25.0,0.0,
-21.8377,114.18950000000001,2002-10-29,209.0,0.0,
-21.671,114.18950000000001,2002-10-29,209.0,0.0,
-17.5035,146.52930000000003,2002-10-29,113.0,0.0,
-16.3366,146.0292,2002-10-29,127.0,0.0,
-16.1699,145.8625,2002-10-29,131.0,0.0,
-15.3364,145.69579999999996,2002-10-29,120.0,0.0,
-14.8363,145.69579999999996,2002-10-29,119.0,0.0,
-21.8377,114.18950000000001,2002-10-30,224.0,0.0,
-21.8377,114.52289999999999,2002-10-30,233.0,0.0,
-21.671,114.02280000000002,2002-10-30,216.0,0.0,
-21.671,114.18950000000001,2002-10-30,224.0,0.0,
-21.5043,149.3632,2002-10-30,90.0,0.0,
-17.1701,118.35699999999997,2002-10-30,270.0,0.0,
-15.3364,145.69579999999996,2002-10-30,136.0,0.0,
-21.8377,114.18950000000001,2002-10-31,206.0,0.0,
-21.671,114.18950000000001,2002-10-31,206.0,0.0,
-17.5035,146.52930000000003,2002-10-31,131.0,0.0,
-16.3366,146.0292,2002-10-31,138.0,0.0,
-15.3364,145.69579999999996,2002-10-31,134.0,0.0,
-14.6696,145.69579999999996,2002-10-31,134.0,0.0,
-12.0024,136.52729999999997,2002-10-31,55.0,0.0,
-12.0024,136.8607,2002-10-31,67.0,0.0,
-11.8357,136.52729999999997,2002-10-31,68.0,0.0,
-34.8403,151.03020000000004,2002-11-01,89.0,0.0,
-34.6736,138.52769999999998,2002-11-01,49.0,0.0,
-32.6732,152.36379999999997,2002-11-01,130.0,0.0,
-21.8377,114.18950000000001,2002-11-01,175.0,0.0,
-21.8377,114.52289999999999,2002-11-01,179.0,0.0,
-21.8377,171.0342,2002-11-01,102.0,0.0,
-20.3374,148.86310000000003,2002-11-01,98.0,0.0,
-17.5035,146.52930000000003,2002-11-01,140.0,0.0,
-16.3366,146.0292,2002-11-01,138.0,0.0,
-16.1699,145.8625,2002-11-01,139.0,0.0,
-16.0032,145.8625,2002-11-01,136.0,0.0,
-14.6696,145.69579999999996,2002-11-01,131.0,0.0,
-13.8361,136.0272,2002-11-01,73.0,0.0,
-11.8357,136.52729999999997,2002-11-01,63.0,0.0,
-11.669,136.69399999999996,2002-11-01,65.0,0.0,
-36.5073,150.19669999999996,2002-11-02,30.0,0.0,
-34.6736,138.52769999999998,2002-11-02,280.0,0.0,
-34.3402,151.19690000000003,2002-11-02,51.0,0.0,
-34.3402,151.36360000000002,2002-11-02,51.0,0.0,
-34.0068,151.36360000000002,2002-11-02,53.0,0.0,
-34.0068,151.697,2002-11-02,53.0,0.0,
-32.6732,152.36379999999997,2002-11-02,74.0,0.0,
-31.673,153.8641,2002-11-02,110.0,0.0,
-21.5043,149.3632,2002-11-02,80.0,0.0,
-17.5035,146.52930000000003,2002-11-02,132.0,0.0,
-16.5033,146.1959,2002-11-02,131.0,0.0,
-16.3366,146.0292,2002-11-02,132.0,0.0,
-15.8365,145.69579999999996,2002-11-02,135.0,0.0,
-15.1697,145.69579999999996,2002-11-02,136.0,0.0,
-13.8361,136.0272,2002-11-02,77.0,0.0,
-12.0024,136.52729999999997,2002-11-02,54.0,0.0,
-12.0024,136.8607,2002-11-02,56.0,0.0,
-11.669,136.69399999999996,2002-11-02,60.0,0.0,
-6.668,147.1961,2002-11-02,100.0,0.0,
-36.5073,150.19669999999996,2002-11-03,126.0,0.0,
-34.6736,151.03020000000004,2002-11-03,46.0,0.0,
-34.5069,151.03020000000004,2002-11-03,8.0,0.0,
-34.0068,151.19690000000003,2002-11-03,321.0,0.0,
-34.0068,151.5303,2002-11-03,39.0,0.0,
-34.0068,151.697,2002-11-03,30.0,0.0,
-33.8401,151.697,2002-11-03,40.0,0.0,
-33.6734,151.36360000000002,2002-11-03,351.0,0.0,
-33.6734,151.697,2002-11-03,40.0,0.0,
-33.0066,152.36379999999997,2002-11-03,46.0,0.0,
-30.3394,153.36400000000003,2002-11-03,10.0,0.0,
-26.5053,153.53070000000002,2002-11-03,59.0,0.0,
-20.3374,148.86310000000003,2002-11-03,107.0,0.0,
-17.5035,146.52930000000003,2002-11-03,124.0,0.2,
-16.1699,145.8625,2002-11-03,139.0,0.2,
-15.6698,145.8625,2002-11-03,136.0,0.2,
-14.6696,145.69579999999996,2002-11-03,127.0,0.0,
-14.1695,145.36239999999998,2002-11-03,125.0,0.1,
-13.8361,136.0272,2002-11-03,73.0,0.0,
-12.0024,136.52729999999997,2002-11-03,81.0,0.1,
-12.0024,136.8607,2002-11-03,88.0,0.0,
-11.8357,136.52729999999997,2002-11-03,85.0,0.0,
-11.669,136.69399999999996,2002-11-03,94.0,0.0,
-35.6738,150.6968,2002-11-04,159.0,0.0,
-16.1699,145.8625,2002-11-04,141.0,0.0,
-14.1695,136.36059999999998,2002-11-04,29.0,0.0,
-30.3394,153.53070000000002,2002-11-05,150.0,0.0,
-16.0032,145.8625,2002-11-05,139.0,0.0,
-14.1695,136.36059999999998,2002-11-05,56.0,0.0,
-29.0058,168.03359999999998,2002-11-06,160.0,0.0,
-18.5037,178.53570000000002,2002-11-06,83.0,0.0,
-16.3366,146.0292,2002-11-06,129.0,0.0,
-16.1699,145.8625,2002-11-06,131.0,0.0,
-15.8365,145.8625,2002-11-06,129.0,0.0,
-29.0058,168.03359999999998,2002-11-07,226.0,0.0,
-16.0032,145.8625,2002-11-07,134.0,0.0,
-20.3374,148.86310000000003,2002-11-08,115.0,0.0,
-35.1737,151.03020000000004,2002-11-09,67.0,0.0,
-34.8403,150.8635,2002-11-09,74.0,0.0,
-34.8403,151.03020000000004,2002-11-09,69.0,0.0,
-27.0054,153.53070000000002,2002-11-09,3.0,0.0,
-16.1699,146.86270000000002,2002-11-09,122.0,0.0,
-14.1695,136.36059999999998,2002-11-09,69.0,0.0,
-36.8407,150.3634,2002-11-10,170.0,0.0,
-34.8403,150.8635,2002-11-10,159.0,0.0,
-34.8403,151.03020000000004,2002-11-10,168.0,0.0,
-29.0058,168.03359999999998,2002-11-10,278.0,0.0,
-21.5043,149.3632,2002-11-10,70.0,0.0,
-16.67,146.1959,2002-11-10,141.0,0.0,
-16.0032,145.8625,2002-11-10,138.0,0.0,
-14.1695,136.36059999999998,2002-11-10,25.0,0.0,
-7.0014,147.3628,2002-11-10,94.0,0.0,
-6.668,147.0294,2002-11-10,126.0,0.0,
-21.5043,149.3632,2002-11-11,73.0,0.0,
-16.67,146.1959,2002-11-11,111.0,0.0,
-16.3366,146.0292,2002-11-11,114.0,0.0,
-16.1699,145.8625,2002-11-11,120.0,0.0,
-14.5029,145.52909999999997,2002-11-11,117.0,0.0,
-14.3362,136.52729999999997,2002-11-11,337.0,0.0,
-33.1733,151.697,2002-11-12,66.0,0.0,
-24.6716,153.53070000000002,2002-11-12,98.0,0.0,
-24.3382,153.36400000000003,2002-11-12,107.0,0.0,
-16.67,146.1959,2002-11-12,151.0,0.0,
-16.3366,146.0292,2002-11-12,149.0,0.0,
-16.0032,146.0292,2002-11-12,148.0,0.0,
-29.0058,168.03359999999998,2002-11-13,135.0,0.0,
-26.672,153.19730000000004,2002-11-13,33.0,0.0,
-20.1707,149.5299,2002-11-13,124.0,0.0,
-16.67,146.1959,2002-11-13,123.0,0.3,
-16.3366,146.0292,2002-11-13,126.0,0.1,
-16.1699,146.86270000000002,2002-11-13,117.0,0.0,
-16.67,146.1959,2002-11-14,138.0,0.1,
-16.67,146.3626,2002-11-14,138.0,0.1,
-29.0058,168.03359999999998,2002-11-15,85.0,0.0,
-24.0048,152.6972,2002-11-15,59.0,0.2,
-19.8373,148.86310000000003,2002-11-15,115.0,0.0,
-16.67,146.1959,2002-11-15,143.0,0.0,
-16.5033,146.0292,2002-11-15,140.0,0.0,
-35.1737,151.03020000000004,2002-11-16,106.0,0.0,
-34.6736,151.19690000000003,2002-11-16,110.0,0.0,
-32.6732,152.36379999999997,2002-11-16,143.0,0.0,
-24.6716,153.19730000000004,2002-11-16,149.0,0.1,
-24.6716,153.53070000000002,2002-11-16,142.0,0.0,
-21.671,114.18950000000001,2002-11-16,208.0,0.0,
-17.6702,169.20050000000003,2002-11-16,111.0,0.0,
-16.67,146.3626,2002-11-16,155.0,0.0,
-16.3366,146.0292,2002-11-16,150.0,0.0,
-14.3362,136.52729999999997,2002-11-16,318.0,0.0,
-34.6736,151.19690000000003,2002-11-17,29.0,0.0,
-34.0068,151.5303,2002-11-17,49.0,0.0,
-33.8401,152.0304,2002-11-17,32.0,0.0,
-33.0066,151.8637,2002-11-17,95.0,0.0,
-32.6732,152.36379999999997,2002-11-17,74.0,0.0,
-16.67,146.3626,2002-11-17,152.0,0.0,
-15.8365,145.69579999999996,2002-11-17,150.0,0.0,
-15.3364,145.69579999999996,2002-11-17,149.0,0.0,
-15.1697,145.69579999999996,2002-11-17,149.0,0.0,
-7.0014,147.69619999999998,2002-11-17,38.0,0.1,
-4.6676,145.69579999999996,2002-11-17,329.0,0.4,
-12.0024,136.52729999999997,2002-11-18,51.0,0.0,
-19.3372,178.20230000000004,2002-11-19,155.0,3.6,
-16.67,146.1959,2002-11-19,121.0,0.2,
-16.67,146.3626,2002-11-19,121.0,0.2,
-13.8361,136.36059999999998,2002-11-19,51.0,0.0,
-26.5053,153.53070000000002,2002-11-20,70.0,0.0,
-25.8385,153.19730000000004,2002-11-20,90.0,0.0,
-29.0058,168.03359999999998,2002-11-21,149.0,0.0,
-35.3404,150.8635,2002-11-22,52.0,0.0,
-35.1737,151.03020000000004,2002-11-22,39.0,0.0,
-35.007,151.03020000000004,2002-11-22,48.0,0.0,
-34.8403,151.03020000000004,2002-11-22,53.0,0.0,
-33.6734,151.697,2002-11-22,56.0,0.0,
-26.8387,153.36400000000003,2002-11-22,77.0,0.0,
-24.3382,153.19730000000004,2002-11-22,111.0,0.0,
-16.67,146.1959,2002-11-22,129.0,0.0,
-16.3366,146.0292,2002-11-22,130.0,0.0,
-16.1699,146.86270000000002,2002-11-22,122.0,0.0,
-35.1737,151.03020000000004,2002-11-23,83.0,0.0,
-35.007,151.19690000000003,2002-11-23,95.0,0.0,
-34.8403,150.8635,2002-11-23,85.0,0.0,
-34.6736,138.52769999999998,2002-11-23,349.0,0.0,
-33.1733,152.0304,2002-11-23,104.0,0.0,
-33.1733,152.19709999999998,2002-11-23,73.0,0.0,
-33.0066,151.8637,2002-11-23,128.0,0.0,
-32.8399,152.53049999999996,2002-11-23,70.0,0.0,
-30.8395,153.0306,2002-11-23,61.0,0.0,
-27.8389,153.36400000000003,2002-11-23,87.0,0.0,
-27.8389,153.69740000000002,2002-11-23,104.0,0.0,
-27.8389,153.8641,2002-11-23,104.0,0.0,
-26.8387,153.36400000000003,2002-11-23,103.0,0.0,
-26.5053,153.36400000000003,2002-11-23,106.0,0.0,
-18.1703,147.3628,2002-11-23,112.0,0.0,
-15.3364,145.69579999999996,2002-11-23,126.0,0.0,
-14.3362,136.52729999999997,2002-11-23,81.0,0.0,
-13.8361,136.36059999999998,2002-11-23,50.0,0.0,
-7.0014,147.69619999999998,2002-11-23,79.0,0.0,
-6.668,147.0294,2002-11-23,119.0,0.0,
-6.668,147.52949999999998,2002-11-23,93.0,0.0,
-6.668,147.86289999999997,2002-11-23,90.0,0.0,
-35.1737,151.03020000000004,2002-11-24,33.0,0.0,
-35.007,151.03020000000004,2002-11-24,42.0,0.0,
-34.8403,151.03020000000004,2002-11-24,40.0,0.0,
-34.6736,138.52769999999998,2002-11-24,303.0,0.0,
-34.5069,151.03020000000004,2002-11-24,39.0,0.0,
-33.0066,151.8637,2002-11-24,4.0,0.0,
-29.0058,153.8641,2002-11-24,39.0,0.0,
-28.1723,153.53070000000002,2002-11-24,45.0,0.0,
-28.0056,153.53070000000002,2002-11-24,45.0,0.0,
-27.8389,153.69740000000002,2002-11-24,55.0,0.0,
-18.1703,147.3628,2002-11-24,109.0,0.0,
-16.3366,146.0292,2002-11-24,134.0,0.2,
-14.3362,136.52729999999997,2002-11-24,346.0,0.0,
-7.0014,147.3628,2002-11-24,114.0,0.0,
-6.8347,147.1961,2002-11-24,127.0,0.2,
-6.668,147.0294,2002-11-24,121.0,0.0,
-35.1737,151.03020000000004,2002-11-25,33.0,0.0,
-34.0068,151.697,2002-11-25,25.0,0.0,
-20.3374,149.02980000000002,2002-11-25,114.0,0.0,
-16.67,146.1959,2002-11-25,133.0,0.0,
-16.67,146.3626,2002-11-25,133.0,0.0,
-16.3366,146.0292,2002-11-25,133.0,0.0,
-16.67,146.3626,2002-11-26,143.0,0.0,
-16.5033,145.8625,2002-11-26,128.0,0.0,
-15.3364,145.69579999999996,2002-11-26,146.0,0.0,
-27.8389,153.8641,2002-11-27,355.0,0.0,
-15.3364,145.69579999999996,2002-11-27,145.0,0.0,
-32.8399,152.6972,2002-11-28,153.0,0.0,
-17.5035,168.5337,2002-11-28,124.0,0.0,
-16.3366,146.0292,2002-11-28,131.0,0.0,
-15.3364,145.69579999999996,2002-11-28,132.0,0.0,
-34.0068,151.5303,2002-11-29,46.0,0.0,
-26.8387,153.36400000000003,2002-11-29,36.0,0.0,
-16.3366,146.0292,2002-11-29,135.0,0.0,
-27.3388,153.36400000000003,2002-11-30,24.0,0.0,
-26.5053,153.19730000000004,2002-11-30,342.0,0.0,
-26.5053,153.36400000000003,2002-11-30,15.0,0.0,
-26.3386,153.53070000000002,2002-11-30,359.0,0.0,
-17.5035,168.7004,2002-11-30,127.0,0.0,
-16.3366,146.0292,2002-11-30,354.0,0.0,
-12.1691,136.8607,2002-11-30,348.0,0.0,
-12.0024,136.52729999999997,2002-11-30,336.0,0.7,
-11.8357,136.52729999999997,2002-11-30,324.0,0.0,
-11.669,136.69399999999996,2002-11-30,327.0,0.0,
-33.0066,151.8637,2002-12-01,191.0,0.1,
-30.3394,153.36400000000003,2002-12-01,146.0,0.2,
-26.5053,153.19730000000004,2002-12-01,351.0,0.0,
-18.5037,146.52930000000003,2002-12-01,26.0,0.0,
-16.3366,146.0292,2002-12-01,15.0,0.0,
-13.8361,136.36059999999998,2002-12-01,286.0,0.0,
-12.1691,136.8607,2002-12-01,340.0,0.0,
-11.8357,136.52729999999997,2002-12-01,321.0,0.0,
-6.668,147.0294,2002-12-01,96.0,0.0,
-26.672,153.19730000000004,2002-12-02,34.0,0.3,
-17.8369,168.36699999999996,2002-12-02,125.0,0.0,
-17.3368,168.20029999999997,2002-12-02,127.0,0.0,
-32.1731,152.8639,2002-12-03,110.0,0.0,
-34.0068,151.5303,2002-12-04,13.0,0.0,
-16.3366,146.0292,2002-12-04,52.0,0.0,
-7.5015,148.02959999999996,2002-12-04,352.0,0.0,
-7.0014,147.69619999999998,2002-12-04,80.0,0.0,
-29.0058,168.03359999999998,2002-12-05,316.0,0.0,
-16.3366,146.0292,2002-12-05,348.0,0.0,
-27.3388,153.36400000000003,2002-12-06,267.0,0.0,
-16.3366,146.0292,2002-12-06,357.0,0.0,
-33.34,132.5265,2002-12-07,285.0,0.0,
-31.673,152.8639,2002-12-07,170.0,0.0,
-20.1707,149.19650000000001,2002-12-07,74.0,0.0,
-35.6738,150.5301,2002-12-08,35.0,0.0,
-30.3394,153.36400000000003,2002-12-08,34.0,0.0,
-26.672,153.19730000000004,2002-12-08,57.0,0.0,
-26.5053,153.53070000000002,2002-12-08,45.0,0.0,
-18.1703,147.3628,2002-12-08,50.0,0.0,
-16.3366,146.0292,2002-12-08,47.0,0.0,
-14.1695,136.36059999999998,2002-12-08,263.0,0.0,
-7.5015,148.02959999999996,2002-12-08,162.0,0.1,
-7.0014,147.69619999999998,2002-12-08,134.0,0.1,
-7.0014,147.86289999999997,2002-12-08,134.0,0.1,
-26.5053,153.19730000000004,2002-12-09,12.0,0.0,
-26.5053,153.36400000000003,2002-12-09,32.0,0.0,
-18.1703,147.3628,2002-12-09,33.0,0.0,
-16.3366,146.0292,2002-12-09,75.0,0.0,
-33.0066,151.8637,2002-12-10,163.0,1.9,
-16.67,146.1959,2002-12-11,342.0,0.0,
-15.8365,145.69579999999996,2002-12-11,360.0,0.0,
-33.8401,151.36360000000002,2002-12-12,79.0,0.0,
-26.672,153.19730000000004,2002-12-12,149.0,0.0,
-34.6736,138.52769999999998,2002-12-13,220.0,0.0,
-34.0068,151.8637,2002-12-13,360.0,0.0,
-33.8401,151.36360000000002,2002-12-13,40.0,0.0,
-26.672,153.19730000000004,2002-12-13,32.0,0.0,
-15.8365,145.69579999999996,2002-12-13,96.0,0.0,
-35.6738,150.6968,2002-12-14,56.0,0.0,
-35.3404,150.8635,2002-12-14,67.0,0.0,
-35.1737,151.03020000000004,2002-12-14,59.0,0.0,
-26.672,153.19730000000004,2002-12-14,34.0,0.0,
-26.5053,153.53070000000002,2002-12-14,22.0,0.0,
-36.3406,150.02999999999997,2002-12-15,72.0,0.0,
-35.1737,151.03020000000004,2002-12-15,41.0,0.0,
-34.8403,151.03020000000004,2002-12-15,56.0,0.0,
-34.0068,151.5303,2002-12-15,59.0,0.0,
-34.0068,151.8637,2002-12-15,28.0,0.0,
-33.8401,151.36360000000002,2002-12-15,69.0,0.0,
-33.8401,151.697,2002-12-15,38.0,0.0,
-33.8401,151.8637,2002-12-15,38.0,0.0,
-33.6734,151.36360000000002,2002-12-15,69.0,0.0,
-33.6734,151.697,2002-12-15,38.0,0.0,
-33.5067,151.5303,2002-12-15,62.0,0.0,
-33.5067,151.8637,2002-12-15,52.0,0.0,
-33.1733,152.0304,2002-12-15,47.0,0.0,
-33.0066,152.53049999999996,2002-12-15,36.0,0.0,
-32.6732,152.36379999999997,2002-12-15,75.0,0.0,
-30.3394,153.36400000000003,2002-12-15,22.0,0.0,
-27.0054,153.53070000000002,2002-12-15,37.0,0.0,
-26.8387,153.36400000000003,2002-12-15,57.0,0.0,
-26.8387,153.53070000000002,2002-12-15,50.0,0.0,
-26.5053,153.53070000000002,2002-12-15,66.0,0.0,
-7.0014,147.69619999999998,2002-12-15,125.0,0.0,
-7.0014,147.86289999999997,2002-12-15,125.0,0.0,
-17.5035,168.5337,2002-12-16,128.0,0.0,
-16.3366,146.0292,2002-12-16,129.0,0.3,
-14.1695,136.36059999999998,2002-12-16,27.0,0.0,
-26.5053,153.19730000000004,2002-12-17,108.0,0.0,
-26.8387,153.36400000000003,2002-12-18,113.0,0.0,
-34.0068,151.5303,2002-12-19,83.0,0.0,
-27.8389,153.36400000000003,2002-12-19,133.0,0.0,
-7.0014,147.69619999999998,2002-12-19,95.0,0.4,
-33.8401,152.0304,2002-12-20,30.0,0.0,
-17.5035,168.5337,2002-12-20,130.0,0.0,
-42.8419,148.1963,2002-12-21,35.0,0.0,
-34.5069,151.03020000000004,2002-12-21,39.0,0.0,
-34.3402,151.03020000000004,2002-12-21,39.0,0.0,
-34.3402,151.36360000000002,2002-12-21,35.0,0.0,
-34.0068,151.5303,2002-12-21,39.0,0.0,
-33.6734,151.5303,2002-12-21,47.0,0.0,
-31.673,152.8639,2002-12-21,44.0,0.0,
-31.3396,153.0306,2002-12-21,44.0,0.0,
-31.3396,153.36400000000003,2002-12-21,38.0,0.0,
-27.8389,153.36400000000003,2002-12-21,93.0,0.2,
-27.8389,153.53070000000002,2002-12-21,101.0,0.0,
-27.8389,153.69740000000002,2002-12-21,102.0,0.0,
-26.8387,153.36400000000003,2002-12-21,109.0,0.0,
-26.672,153.19730000000004,2002-12-21,104.0,0.2,
-26.5053,153.53070000000002,2002-12-21,109.0,0.0,
-26.3386,153.53070000000002,2002-12-21,109.0,0.0,
-25.005,153.0306,2002-12-21,108.0,0.0,
-21.8377,114.18950000000001,2002-12-21,231.0,0.0,
-16.3366,146.0292,2002-12-21,126.0,0.0,
-34.5069,150.8635,2002-12-22,194.0,0.0,
-34.0068,151.19690000000003,2002-12-22,63.0,0.0,
-34.0068,151.36360000000002,2002-12-22,54.0,0.0,
-34.0068,151.5303,2002-12-22,40.0,0.0,
-33.8401,151.697,2002-12-22,34.0,0.0,
-27.8389,153.36400000000003,2002-12-22,36.0,0.0,
-27.8389,153.69740000000002,2002-12-22,23.0,0.0,
-27.0054,153.53070000000002,2002-12-22,50.0,0.0,
-26.8387,153.53070000000002,2002-12-22,61.0,0.0,
-26.672,153.19730000000004,2002-12-22,75.0,0.0,
-26.5053,153.36400000000003,2002-12-22,72.0,0.0,
-34.8403,150.8635,2002-12-23,169.0,0.0,
-34.6736,151.03020000000004,2002-12-23,180.0,0.0,
-17.8369,168.36699999999996,2002-12-23,31.0,0.0,
-7.0014,147.1961,2002-12-23,92.0,4.2,
-7.0014,147.69619999999998,2002-12-23,80.0,0.0,
-32.6732,152.36379999999997,2002-12-24,123.0,0.4,
-30.8395,153.19730000000004,2002-12-24,172.0,0.0,
-26.8387,153.53070000000002,2002-12-24,29.0,0.0,
-26.5053,153.36400000000003,2002-12-24,50.0,0.0,
-26.3386,153.36400000000003,2002-12-24,53.0,0.0,
-33.8401,151.5303,2002-12-26,114.0,0.6,
-26.5053,153.53070000000002,2002-12-26,137.0,0.2,
-21.671,114.18950000000001,2002-12-26,256.0,0.0,
-17.8369,168.36699999999996,2002-12-26,102.0,0.0,
-7.5015,148.02959999999996,2002-12-26,150.0,0.0,
-34.3402,151.19690000000003,2002-12-27,38.0,0.1,
-32.1731,152.8639,2002-12-27,91.0,0.4,
-30.3394,153.36400000000003,2002-12-27,127.0,2.0,
-27.0054,153.36400000000003,2002-12-27,127.0,0.2,
-37.0074,150.3634,2002-12-28,36.0,0.0,
-36.674,150.3634,2002-12-28,37.0,0.0,
-36.5073,150.19669999999996,2002-12-28,39.0,0.0,
-35.3404,150.6968,2002-12-28,62.0,0.0,
-35.3404,150.8635,2002-12-28,57.0,0.0,
-35.1737,151.03020000000004,2002-12-28,52.0,0.0,
-35.007,150.8635,2002-12-28,61.0,0.0,
-35.007,151.03020000000004,2002-12-28,61.0,0.0,
-34.8403,150.8635,2002-12-28,65.0,0.0,
-34.8403,151.03020000000004,2002-12-28,59.0,0.0,
-34.6736,151.03020000000004,2002-12-28,59.0,0.0,
-34.6736,151.19690000000003,2002-12-28,55.0,0.0,
-33.6734,114.68959999999998,2002-12-28,211.0,0.0,
-33.6734,152.53049999999996,2002-12-28,65.0,0.0,
-33.0066,151.8637,2002-12-28,103.0,0.2,
-33.0066,152.53049999999996,2002-12-28,73.0,0.0,
-32.8399,152.6972,2002-12-28,84.0,0.0,
-32.6732,152.36379999999997,2002-12-28,90.0,0.0,
-32.0064,152.53049999999996,2002-12-28,95.0,0.0,
-28.0056,153.53070000000002,2002-12-28,141.0,0.1,
-21.8377,114.18950000000001,2002-12-28,229.0,0.0,
-20.3374,148.86310000000003,2002-12-28,116.0,0.0,
-34.8403,151.36360000000002,2002-12-29,29.0,0.0,
-34.5069,150.8635,2002-12-29,36.0,0.0,
-34.0068,151.5303,2002-12-29,37.0,0.0,
-33.8401,151.5303,2002-12-29,45.0,0.0,
-33.6734,151.697,2002-12-29,28.0,0.0,
-33.5067,151.5303,2002-12-29,71.0,0.0,
-33.5067,151.697,2002-12-29,41.0,0.0,
-33.0066,152.53049999999996,2002-12-29,47.0,0.0,
-32.8399,152.53049999999996,2002-12-29,52.0,0.0,
-32.6732,152.36379999999997,2002-12-29,63.0,0.2,
-32.6732,152.6972,2002-12-29,50.0,0.1,
-30.8395,153.0306,2002-12-29,93.0,0.0,
-30.3394,153.53070000000002,2002-12-29,110.0,0.3,
-21.8377,114.18950000000001,2002-12-29,226.0,0.0,
-20.004,148.86310000000003,2002-12-29,135.0,0.1,
-33.0066,151.8637,2002-12-30,61.0,0.0,
-30.8395,153.0306,2002-12-30,57.0,0.0,
-30.3394,153.53070000000002,2002-12-30,81.0,0.0,
-28.0056,153.53070000000002,2002-12-30,121.0,0.0,
-27.0054,153.36400000000003,2002-12-30,131.0,0.0,
-26.672,153.19730000000004,2002-12-30,124.0,0.0,
-30.3394,153.53070000000002,2002-12-31,41.0,0.0,
-27.8389,153.36400000000003,2002-12-31,90.0,0.0,
-27.0054,153.36400000000003,2002-12-31,119.0,0.0,
-7.0014,147.3628,2002-12-31,38.0,0.4,
-7.0014,147.69619999999998,2002-12-31,233.0,0.2,
-32.6732,152.36379999999997,2003-01-01,46.0,0.0,
-30.8395,153.19730000000004,2003-01-01,56.0,0.0,
-27.8389,153.36400000000003,2003-01-01,61.0,0.0,
-26.8387,153.36400000000003,2003-01-01,118.0,0.0,
-26.8387,153.53070000000002,2003-01-01,159.0,0.0,
-26.5053,153.53070000000002,2003-01-01,166.0,0.0,
-21.671,114.02280000000002,2003-01-01,260.0,0.0,
-21.671,114.18950000000001,2003-01-01,275.0,0.0,
-36.8407,150.19669999999996,2003-01-02,152.0,0.0,
-34.6736,137.86090000000002,2003-01-02,228.0,0.0,
-33.34,152.19709999999998,2003-01-02,212.0,0.0,
-30.8395,153.0306,2003-01-02,172.0,0.0,
-30.8395,153.19730000000004,2003-01-02,172.0,0.0,
-27.8389,153.69740000000002,2003-01-02,76.0,0.0,
-27.1721,153.19730000000004,2003-01-02,333.0,0.0,
-26.8387,153.36400000000003,2003-01-02,65.0,0.0,
-16.5033,146.1959,2003-01-02,318.0,0.0,
-37.0074,150.19669999999996,2003-01-03,87.0,0.0,
-36.5073,150.19669999999996,2003-01-03,62.0,0.0,
-35.8405,150.5301,2003-01-03,78.0,0.0,
-34.6736,137.86090000000002,2003-01-03,177.0,0.0,
-34.5069,151.19690000000003,2003-01-03,103.0,0.0,
-34.5069,151.36360000000002,2003-01-03,103.0,0.0,
-32.8399,152.6972,2003-01-03,160.0,0.0,
-31.0062,153.36400000000003,2003-01-03,172.0,0.0,
-30.8395,153.0306,2003-01-03,167.0,0.0,
-30.8395,153.19730000000004,2003-01-03,167.0,0.0,
-27.1721,153.19730000000004,2003-01-03,125.0,0.0,
-24.6716,153.53070000000002,2003-01-03,156.0,0.0,
-16.67,146.3626,2003-01-03,15.0,0.0,
-37.0074,150.19669999999996,2003-01-04,177.0,0.0,
-36.5073,150.19669999999996,2003-01-04,96.0,0.0,
-35.8405,150.5301,2003-01-04,146.0,0.3,
-35.1737,151.03020000000004,2003-01-04,147.0,0.6,
-34.6736,137.86090000000002,2003-01-04,127.0,0.0,
-34.5069,151.03020000000004,2003-01-04,136.0,0.1,
-34.5069,151.36360000000002,2003-01-04,160.0,0.0,
-33.8401,151.697,2003-01-04,178.0,0.0,
-32.8399,152.6972,2003-01-04,185.0,0.0,
-32.6732,152.53049999999996,2003-01-04,179.0,0.0,
-30.8395,153.19730000000004,2003-01-04,169.0,0.0,
-17.8369,168.36699999999996,2003-01-04,333.0,0.0,
-34.5069,151.03020000000004,2003-01-05,70.0,0.1,
-34.0068,151.36360000000002,2003-01-05,80.0,0.0,
-34.0068,151.5303,2003-01-05,80.0,0.0,
-33.8401,151.36360000000002,2003-01-05,84.0,0.0,
-33.8401,151.5303,2003-01-05,85.0,0.0,
-33.34,152.19709999999998,2003-01-05,96.0,0.0,
-33.0066,151.8637,2003-01-05,93.0,0.0,
-32.8399,152.6972,2003-01-05,101.0,0.0,
-32.6732,152.36379999999997,2003-01-05,90.0,0.0,
-32.6732,152.6972,2003-01-05,101.0,0.0,
-31.5063,153.69740000000002,2003-01-05,131.0,0.0,
-31.0062,153.36400000000003,2003-01-05,124.0,0.0,
-30.8395,153.0306,2003-01-05,122.0,0.0,
-30.8395,153.19730000000004,2003-01-05,122.0,0.0,
-30.3394,153.19730000000004,2003-01-05,137.0,0.0,
-30.3394,153.36400000000003,2003-01-05,146.0,0.0,
-30.3394,153.53070000000002,2003-01-05,145.0,0.0,
-7.0014,148.02959999999996,2003-01-05,57.0,1.6,
-34.8403,138.361,2003-01-06,275.0,0.0,
-31.8397,153.0306,2003-01-06,68.0,0.0,
-30.8395,153.19730000000004,2003-01-06,100.0,0.0,
-30.3394,153.53070000000002,2003-01-06,140.0,0.0,
-26.8387,153.53070000000002,2003-01-06,147.0,0.0,
-36.8407,150.19669999999996,2003-01-07,24.0,0.0,
-32.8399,152.36379999999997,2003-01-08,25.0,0.0,
-32.8399,152.53049999999996,2003-01-08,30.0,0.0,
-28.0056,153.53070000000002,2003-01-08,1.0,0.0,
-27.8389,153.36400000000003,2003-01-08,6.0,0.0,
-27.8389,153.69740000000002,2003-01-08,355.0,0.0,
-27.1721,153.19730000000004,2003-01-08,39.0,0.0,
-26.8387,153.36400000000003,2003-01-08,45.0,0.0,
-17.8369,168.36699999999996,2003-01-09,204.0,0.0,
-35.8405,150.6968,2003-01-10,174.0,0.0,
-35.6738,150.5301,2003-01-10,173.0,0.1,
-35.5071,150.8635,2003-01-10,176.0,0.2,
-35.3404,150.5301,2003-01-10,173.0,0.3,
-35.3404,150.8635,2003-01-10,179.0,0.3,
-34.5069,150.8635,2003-01-10,171.0,0.2,
-21.8377,114.18950000000001,2003-01-10,287.0,0.0,
-42.8419,148.1963,2003-01-11,52.0,0.0,
-36.0072,150.3634,2003-01-11,149.0,0.1,
-35.8405,150.5301,2003-01-11,154.0,0.1,
-35.8405,150.6968,2003-01-11,150.0,0.2,
-35.6738,150.19669999999996,2003-01-11,159.0,0.0,
-35.6738,150.5301,2003-01-11,154.0,0.1,
-35.6738,150.6968,2003-01-11,150.0,0.2,
-34.6736,138.52769999999998,2003-01-11,47.0,0.0,
-34.5069,150.8635,2003-01-11,153.0,0.4,
-32.6732,152.36379999999997,2003-01-11,168.0,0.3,
-31.3396,152.8639,2003-01-11,170.0,0.1,
-31.3396,153.0306,2003-01-11,173.0,0.2,
-31.3396,153.19730000000004,2003-01-11,174.0,0.0,
-31.3396,153.36400000000003,2003-01-11,174.0,0.0,
-31.1729,153.0306,2003-01-11,172.0,0.1,
-31.1729,153.19730000000004,2003-01-11,172.0,0.1,
-21.8377,114.18950000000001,2003-01-11,204.0,0.0,
-17.5035,168.5337,2003-01-11,45.0,0.3,
-7.0014,147.69619999999998,2003-01-11,68.0,0.0,
-36.0072,150.3634,2003-01-12,132.0,0.0,
-35.8405,150.5301,2003-01-12,140.0,0.0,
-35.8405,150.6968,2003-01-12,140.0,0.0,
-35.6738,150.5301,2003-01-12,140.0,0.0,
-35.3404,150.8635,2003-01-12,145.0,0.0,
-34.8403,151.03020000000004,2003-01-12,150.0,0.0,
-33.5067,151.8637,2003-01-12,155.0,0.0,
-31.3396,152.8639,2003-01-12,170.0,0.2,
-31.3396,153.0306,2003-01-12,172.0,0.3,
-31.3396,153.19730000000004,2003-01-12,171.0,0.1,
-31.3396,153.36400000000003,2003-01-12,171.0,0.1,
-31.1729,153.0306,2003-01-12,173.0,0.3,
-30.8395,153.0306,2003-01-12,175.0,0.0,
-24.6716,153.53070000000002,2003-01-12,158.0,0.0,
-24.3382,153.19730000000004,2003-01-12,157.0,0.0,
-21.8377,114.18950000000001,2003-01-12,195.0,0.0,
-35.8405,150.5301,2003-01-13,67.0,0.0,
-35.6738,150.5301,2003-01-13,67.0,0.0,
-31.3396,153.0306,2003-01-13,154.0,0.0,
-30.8395,153.0306,2003-01-13,163.0,0.1,
-19.6706,-174.3682,2003-01-13,49.0,0.0,
-32.8399,152.53049999999996,2003-01-14,134.0,0.0,
-31.3396,152.8639,2003-01-14,144.0,0.0,
-31.3396,153.0306,2003-01-14,146.0,0.0,
-31.3396,153.19730000000004,2003-01-14,149.0,0.0,
-31.0062,153.36400000000003,2003-01-14,150.0,0.0,
-30.8395,153.0306,2003-01-14,153.0,0.2,
-30.8395,153.19730000000004,2003-01-14,153.0,0.2,
-21.8377,114.18950000000001,2003-01-14,26.0,0.0,
-21.671,114.02280000000002,2003-01-14,59.0,0.0,
-34.6736,151.19690000000003,2003-01-15,56.0,0.0,
-34.0068,151.5303,2003-01-15,78.0,0.0,
-32.8399,152.6972,2003-01-15,130.0,0.0,
-33.8401,151.697,2003-01-16,41.0,0.0,
-33.6734,151.36360000000002,2003-01-16,67.0,0.0,
-33.0066,152.53049999999996,2003-01-16,47.0,0.0,
-32.8399,152.53049999999996,2003-01-16,53.0,0.0,
-32.8399,152.6972,2003-01-16,47.0,0.0,
-32.6732,152.36379999999997,2003-01-16,69.0,0.0,
-31.3396,153.0306,2003-01-16,72.0,0.0,
-31.3396,153.19730000000004,2003-01-16,68.0,0.0,
-31.3396,153.36400000000003,2003-01-16,68.0,0.0,
-31.1729,153.0306,2003-01-16,73.0,0.0,
-31.0062,153.0306,2003-01-16,73.0,0.0,
-30.8395,153.0306,2003-01-16,74.0,0.0,
-33.1733,134.19349999999997,2003-01-17,248.0,0.0,
-32.6732,152.36379999999997,2003-01-17,51.0,0.0,
-31.3396,153.0306,2003-01-17,38.0,0.0,
-31.3396,153.19730000000004,2003-01-17,29.0,0.0,
-31.3396,153.36400000000003,2003-01-17,29.0,0.0,
-31.1729,153.0306,2003-01-17,40.0,0.0,
-31.1729,153.19730000000004,2003-01-17,40.0,0.0,
-31.0062,153.36400000000003,2003-01-17,31.0,0.0,
-30.3394,153.19730000000004,2003-01-17,49.0,0.0,
-27.6722,153.53070000000002,2003-01-17,122.0,0.0,
-34.5069,150.8635,2003-01-18,72.0,0.0,
-34.5069,152.0304,2003-01-18,7.0,0.0,
-33.5067,151.5303,2003-01-18,335.0,0.0,
-32.8399,151.8637,2003-01-18,307.0,0.0,
-32.5065,152.53049999999996,2003-01-18,13.0,0.0,
-28.1723,153.8641,2003-01-18,7.0,0.0,
-28.0056,153.53070000000002,2003-01-18,15.0,0.0,
-27.8389,153.36400000000003,2003-01-18,28.0,0.0,
-27.8389,153.69740000000002,2003-01-18,22.0,0.0,
-27.6722,153.53070000000002,2003-01-18,27.0,0.0,
-27.5055,153.69740000000002,2003-01-18,29.0,0.0,
-27.0054,153.36400000000003,2003-01-18,60.0,0.0,
-27.0054,153.69740000000002,2003-01-18,50.0,0.0,
-26.8387,153.36400000000003,2003-01-18,65.0,0.0,
-26.8387,153.53070000000002,2003-01-18,59.0,0.0,
-26.8387,153.69740000000002,2003-01-18,62.0,0.0,
-26.5053,153.53070000000002,2003-01-18,66.0,0.0,
-26.5053,153.8641,2003-01-18,69.0,0.0,
-7.0014,147.69619999999998,2003-01-18,102.0,0.0,
-35.6738,150.5301,2003-01-19,156.0,0.0,
-35.3404,150.8635,2003-01-19,165.0,0.0,
-35.1737,151.03020000000004,2003-01-19,173.0,0.0,
-34.5069,150.8635,2003-01-19,150.0,0.0,
-33.8401,151.5303,2003-01-19,174.0,0.0,
-33.6734,151.36360000000002,2003-01-19,162.0,0.0,
-33.6734,151.697,2003-01-19,179.0,0.0,
-27.8389,153.53070000000002,2003-01-19,7.0,0.0,
-27.8389,153.69740000000002,2003-01-19,1.0,0.0,
-27.5055,153.53070000000002,2003-01-19,7.0,0.0,
-27.3388,153.8641,2003-01-19,5.0,0.0,
-26.8387,153.53070000000002,2003-01-19,17.0,0.0,
-7.0014,147.69619999999998,2003-01-19,88.0,0.1,
-4.8343,146.1959,2003-01-19,52.0,0.6,
-33.8401,151.5303,2003-01-20,75.0,0.0,
-35.3404,150.8635,2003-01-21,115.0,0.0,
-34.8403,150.8635,2003-01-21,57.0,0.0,
-34.8403,151.03020000000004,2003-01-21,45.0,0.0,
-27.8389,153.8641,2003-01-21,17.0,0.0,
-36.8407,150.02999999999997,2003-01-22,162.0,0.0,
-32.8399,152.36379999999997,2003-01-22,146.0,0.0,
-32.8399,152.53049999999996,2003-01-22,147.0,0.0,
-32.8399,152.6972,2003-01-22,148.0,0.0,
-21.8377,114.18950000000001,2003-01-22,155.0,0.0,
-36.5073,150.19669999999996,2003-01-23,44.0,0.0,
-36.5073,150.5301,2003-01-23,46.0,0.0,
-35.5071,150.6968,2003-01-23,77.0,0.0,
-36.5073,150.19669999999996,2003-01-24,37.0,0.0,
-36.1739,150.19669999999996,2003-01-24,46.0,0.0,
-36.1739,150.3634,2003-01-24,38.0,0.0,
-36.0072,150.3634,2003-01-24,46.0,0.0,
-35.6738,150.19669999999996,2003-01-24,55.0,0.0,
-33.8401,151.36360000000002,2003-01-24,58.0,0.0,
-27.6722,153.53070000000002,2003-01-24,139.0,0.0,
-27.0054,153.53070000000002,2003-01-24,135.0,0.0,
-12.1691,136.8607,2003-01-24,65.0,0.0,
-36.5073,150.19669999999996,2003-01-25,38.0,0.0,
-35.3404,150.8635,2003-01-25,41.0,0.0,
-35.1737,151.03020000000004,2003-01-25,28.0,0.0,
-34.0068,151.36360000000002,2003-01-25,37.0,0.0,
-34.0068,151.5303,2003-01-25,30.0,0.0,
-34.0068,151.697,2003-01-25,20.0,0.0,
-34.0068,151.8637,2003-01-25,20.0,0.0,
-33.8401,151.5303,2003-01-25,40.0,0.0,
-33.8401,151.697,2003-01-25,28.0,0.0,
-33.8401,151.8637,2003-01-25,28.0,0.0,
-33.6734,151.36360000000002,2003-01-25,55.0,0.0,
-33.6734,151.5303,2003-01-25,40.0,0.0,
-33.6734,151.697,2003-01-25,28.0,0.0,
-33.5067,151.5303,2003-01-25,57.0,0.0,
-33.5067,151.8637,2003-01-25,39.0,0.0,
-33.34,152.19709999999998,2003-01-25,31.0,0.0,
-33.0066,151.697,2003-01-25,70.0,0.0,
-32.8399,152.53049999999996,2003-01-25,37.0,0.0,
-32.6732,152.36379999999997,2003-01-25,53.0,0.0,
-32.6732,152.6972,2003-01-25,27.0,0.0,
-32.6732,152.8639,2003-01-25,27.0,0.0,
-32.1731,152.6972,2003-01-25,54.0,0.0,
-30.8395,153.0306,2003-01-25,54.0,0.0,
-27.0054,153.53070000000002,2003-01-25,126.0,0.0,
-27.0054,153.8641,2003-01-25,126.0,0.0,
-26.8387,153.53070000000002,2003-01-25,126.0,0.0,
-26.8387,153.69740000000002,2003-01-25,125.0,0.0,
-7.0014,147.69619999999998,2003-01-25,94.0,0.0,
-43.0086,148.1963,2003-01-26,213.0,0.0,
-36.5073,150.19669999999996,2003-01-26,345.0,0.0,
-35.3404,150.8635,2003-01-26,36.0,0.0,
-34.8403,137.0274,2003-01-26,161.0,0.0,
-34.8403,151.03020000000004,2003-01-26,30.0,0.0,
-34.6736,151.03020000000004,2003-01-26,30.0,0.0,
-34.6736,151.19690000000003,2003-01-26,18.0,0.0,
-34.5069,150.8635,2003-01-26,8.0,0.0,
-34.1735,151.5303,2003-01-26,16.0,0.0,
-34.0068,151.36360000000002,2003-01-26,31.0,0.0,
-34.0068,151.5303,2003-01-26,25.0,0.0,
-34.0068,151.8637,2003-01-26,14.0,0.0,
-33.8401,151.36360000000002,2003-01-26,42.0,0.0,
-33.8401,151.5303,2003-01-26,37.0,0.0,
-33.8401,151.697,2003-01-26,25.0,0.0,
-33.8401,151.8637,2003-01-26,25.0,0.0,
-33.6734,151.36360000000002,2003-01-26,56.0,0.0,
-33.6734,151.697,2003-01-26,25.0,0.0,
-33.5067,151.5303,2003-01-26,53.0,0.0,
-33.5067,151.697,2003-01-26,37.0,0.0,
-32.6732,152.36379999999997,2003-01-26,51.0,0.0,
-30.3394,153.36400000000003,2003-01-26,30.0,0.0,
-30.3394,153.53070000000002,2003-01-26,23.0,0.0,
-27.8389,153.69740000000002,2003-01-26,97.0,0.0,
-27.6722,153.53070000000002,2003-01-26,86.0,0.0,
-27.0054,153.53070000000002,2003-01-26,100.0,0.0,
-27.0054,153.8641,2003-01-26,104.0,0.0,
-26.8387,153.53070000000002,2003-01-26,103.0,0.0,
-26.8387,153.69740000000002,2003-01-26,105.0,0.0,
-12.1691,136.8607,2003-01-26,51.0,5.0,
-4.6676,145.69579999999996,2003-01-26,321.0,0.0,
-36.1739,150.3634,2003-01-27,167.0,0.0,
-35.1737,151.03020000000004,2003-01-27,167.0,0.2,
-35.007,151.03020000000004,2003-01-27,167.0,0.2,
-27.8389,153.53070000000002,2003-01-27,354.0,0.0,
-27.8389,153.69740000000002,2003-01-27,347.0,0.0,
-27.1721,153.53070000000002,2003-01-27,360.0,0.0,
-27.0054,153.53070000000002,2003-01-27,5.0,0.0,
-26.8387,153.36400000000003,2003-01-27,27.0,0.0,
-26.8387,153.53070000000002,2003-01-27,9.0,0.0,
-26.5053,153.8641,2003-01-27,10.0,0.0,
-26.3386,153.19730000000004,2003-01-27,58.0,0.0,
-36.5073,150.19669999999996,2003-01-28,81.0,0.0,
-36.3406,150.19669999999996,2003-01-28,93.0,0.0,
-35.8405,150.5301,2003-01-28,151.0,0.0,
-27.0054,153.69740000000002,2003-01-28,132.0,0.0,
-34.0068,151.697,2003-01-29,37.0,0.0,
-32.8399,152.53049999999996,2003-01-29,51.0,0.0,
-32.8399,152.6972,2003-01-29,40.0,0.0,
-32.6732,152.36379999999997,2003-01-29,57.0,0.0,
-32.6732,152.53049999999996,2003-01-29,51.0,0.0,
-27.8389,153.69740000000002,2003-01-29,111.0,0.0,
-27.8389,153.36400000000003,2003-01-30,46.0,0.0,
-35.5071,150.6968,2003-01-31,157.0,0.0,
-35.3404,150.5301,2003-01-31,134.0,0.2,
-35.3404,150.6968,2003-01-31,134.0,0.2,
-35.3404,150.8635,2003-01-31,146.0,0.1,
-35.007,150.8635,2003-01-31,141.0,0.2,
-33.0066,152.53049999999996,2003-01-31,167.0,0.0,
-26.8387,153.53070000000002,2003-01-31,8.0,0.0,
-26.3386,153.36400000000003,2003-01-31,40.0,0.0,
-35.6738,150.5301,2003-02-01,82.0,0.0,
-35.6738,150.6968,2003-02-01,96.0,0.0,
-35.5071,150.6968,2003-02-01,98.0,0.0,
-35.3404,150.5301,2003-02-01,96.0,0.0,
-35.3404,150.6968,2003-02-01,96.0,0.0,
-35.3404,150.8635,2003-02-01,105.0,0.0,
-35.1737,151.03020000000004,2003-02-01,119.0,0.0,
-34.8403,150.8635,2003-02-01,90.0,0.0,
-34.5069,150.8635,2003-02-01,88.0,0.0,
-33.34,152.19709999999998,2003-02-01,123.0,0.0,
-33.1733,152.0304,2003-02-01,120.0,0.0,
-33.1733,152.19709999999998,2003-02-01,123.0,0.0,
-33.1733,152.36379999999997,2003-02-01,123.0,0.0,
-33.0066,151.697,2003-02-01,115.0,0.0,
-33.0066,151.8637,2003-02-01,117.0,0.0,
-33.0066,152.19709999999998,2003-02-01,122.0,0.0,
-33.0066,152.36379999999997,2003-02-01,122.0,0.0,
-33.0066,152.53049999999996,2003-02-01,125.0,0.0,
-32.8399,152.0304,2003-02-01,119.0,0.0,
-32.8399,152.53049999999996,2003-02-01,124.0,0.0,
-32.6732,152.36379999999997,2003-02-01,120.0,0.0,
-32.6732,152.53049999999996,2003-02-01,124.0,0.0,
-32.0064,115.68979999999999,2003-02-01,327.0,0.0,
-27.8389,153.69740000000002,2003-02-01,122.0,0.0,
-35.6738,150.5301,2003-02-02,117.0,0.0,
-35.5071,150.6968,2003-02-02,125.0,0.0,
-35.3404,150.5301,2003-02-02,117.0,0.0,
-35.3404,150.6968,2003-02-02,117.0,0.0,
-35.3404,150.8635,2003-02-02,125.0,0.0,
-35.1737,151.03020000000004,2003-02-02,132.0,0.0,
-34.6736,151.19690000000003,2003-02-02,133.0,0.0,
-34.5069,150.8635,2003-02-02,117.0,0.0,
-34.5069,151.03020000000004,2003-02-02,127.0,0.0,
-33.6734,151.697,2003-02-02,141.0,0.0,
-33.34,152.0304,2003-02-02,139.0,0.0,
-33.34,152.19709999999998,2003-02-02,133.0,0.0,
-33.1733,151.697,2003-02-02,128.0,0.0,
-33.1733,152.0304,2003-02-02,139.0,0.0,
-33.0066,151.697,2003-02-02,128.0,0.0,
-33.0066,151.8637,2003-02-02,127.0,0.0,
-33.0066,152.53049999999996,2003-02-02,124.0,0.0,
-32.8399,152.0304,2003-02-02,125.0,0.0,
-32.8399,152.53049999999996,2003-02-02,121.0,0.0,
-32.6732,152.36379999999997,2003-02-02,122.0,0.0,
-32.6732,152.53049999999996,2003-02-02,121.0,0.0,
-12.1691,136.8607,2003-02-02,354.0,0.0,
-32.8399,152.6972,2003-02-04,87.0,0.0,
-32.6732,152.36379999999997,2003-02-04,88.0,0.0,
-30.8395,153.0306,2003-02-04,112.0,0.4,
-32.8399,151.8637,2003-02-05,68.0,0.1,
-32.6732,152.36379999999997,2003-02-05,59.0,0.2,
-20.3374,149.5299,2003-02-05,277.0,0.0,
-19.3372,149.86329999999998,2003-02-05,238.0,0.0,
-32.6732,152.36379999999997,2003-02-06,67.0,0.0,
-32.8399,151.8637,2003-02-07,85.0,0.0,
-32.8399,152.53049999999996,2003-02-07,57.0,0.0,
-32.6732,152.36379999999997,2003-02-07,67.0,0.0,
-30.8395,153.0306,2003-02-07,69.0,0.0,
-27.0054,153.53070000000002,2003-02-07,113.0,0.0,
-27.0054,153.8641,2003-02-07,111.0,0.0,
-26.8387,153.53070000000002,2003-02-07,113.0,0.0,
-26.8387,153.69740000000002,2003-02-07,110.0,0.0,
-26.5053,153.36400000000003,2003-02-07,114.0,0.0,
-26.5053,153.53070000000002,2003-02-07,113.0,0.0,
-26.3386,153.36400000000003,2003-02-07,112.0,0.0,
-42.8419,148.1963,2003-02-08,193.0,0.0,
-35.5071,150.6968,2003-02-08,174.0,0.2,
-35.3404,150.6968,2003-02-08,172.0,0.5,
-35.007,150.8635,2003-02-08,182.0,0.1,
-34.8403,151.03020000000004,2003-02-08,186.0,0.0,
-34.6736,151.03020000000004,2003-02-08,186.0,0.0,
-34.6736,151.19690000000003,2003-02-08,184.0,0.0,
-34.5069,150.8635,2003-02-08,172.0,0.5,
-34.5069,151.03020000000004,2003-02-08,173.0,0.0,
-34.5069,151.19690000000003,2003-02-08,186.0,0.0,
-34.0068,151.8637,2003-02-08,163.0,0.0,
-33.0066,151.697,2003-02-08,152.0,0.0,
-33.0066,152.53049999999996,2003-02-08,59.0,0.0,
-32.8399,152.6972,2003-02-08,52.0,0.0,
-32.6732,152.36379999999997,2003-02-08,101.0,0.0,
-30.8395,153.0306,2003-02-08,54.0,0.0,
-30.3394,153.36400000000003,2003-02-08,49.0,0.0,
-28.0056,153.69740000000002,2003-02-08,117.0,0.0,
-28.0056,153.8641,2003-02-08,117.0,0.0,
-27.8389,153.36400000000003,2003-02-08,96.0,0.0,
-27.8389,153.53070000000002,2003-02-08,110.0,0.0,
-27.8389,153.69740000000002,2003-02-08,119.0,0.0,
-27.6722,153.53070000000002,2003-02-08,110.0,0.0,
-27.1721,153.69740000000002,2003-02-08,115.0,0.0,
-27.0054,153.53070000000002,2003-02-08,118.0,0.0,
-26.8387,153.53070000000002,2003-02-08,124.0,0.0,
-26.8387,153.69740000000002,2003-02-08,121.0,0.0,
-26.5053,153.8641,2003-02-08,123.0,0.0,
-26.3386,153.36400000000003,2003-02-08,128.0,0.0,
-12.0024,136.52729999999997,2003-02-08,4.0,3.5,
-12.0024,136.8607,2003-02-08,22.0,3.1,
-35.6738,150.5301,2003-02-09,63.0,0.0,
-35.5071,150.6968,2003-02-09,59.0,0.0,
-35.3404,150.8635,2003-02-09,67.0,0.0,
-35.1737,151.03020000000004,2003-02-09,47.0,0.0,
-35.007,136.0272,2003-02-09,148.0,0.0,
-35.007,150.8635,2003-02-09,61.0,0.0,
-35.007,151.03020000000004,2003-02-09,61.0,0.0,
-34.5069,150.8635,2003-02-09,54.0,0.0,
-34.5069,151.03020000000004,2003-02-09,57.0,0.0,
-34.0068,151.36360000000002,2003-02-09,58.0,0.0,
-34.0068,151.5303,2003-02-09,51.0,0.0,
-34.0068,151.697,2003-02-09,37.0,0.0,
-33.8401,151.5303,2003-02-09,60.0,0.0,
-33.8401,151.697,2003-02-09,47.0,0.0,
-33.1733,152.0304,2003-02-09,64.0,0.0,
-33.0066,152.0304,2003-02-09,70.0,0.1,
-33.0066,152.19709999999998,2003-02-09,56.0,0.0,
-33.0066,152.53049999999996,2003-02-09,43.0,0.0,
-32.8399,152.0304,2003-02-09,70.0,0.1,
-32.8399,152.36379999999997,2003-02-09,58.0,0.0,
-32.8399,152.53049999999996,2003-02-09,46.0,0.0,
-32.6732,152.36379999999997,2003-02-09,58.0,0.0,
-32.5065,152.53049999999996,2003-02-09,58.0,0.0,
-30.8395,153.0306,2003-02-09,80.0,0.3,
-30.3394,153.19730000000004,2003-02-09,120.0,0.3,
-30.3394,153.36400000000003,2003-02-09,105.0,0.2,
-27.8389,153.69740000000002,2003-02-09,115.0,0.0,
-27.6722,153.53070000000002,2003-02-09,114.0,0.0,
-27.1721,153.69740000000002,2003-02-09,115.0,0.1,
-12.1691,136.8607,2003-02-09,58.0,3.2,
-36.5073,150.19669999999996,2003-02-10,157.0,0.0,
-30.8395,153.0306,2003-02-10,115.0,0.1,
-27.8389,153.36400000000003,2003-02-10,153.0,0.0,
-27.6722,153.53070000000002,2003-02-10,162.0,0.0,
-27.5055,153.69740000000002,2003-02-10,168.0,0.3,
-33.34,152.19709999999998,2003-02-11,114.0,0.0,
-32.8399,152.53049999999996,2003-02-11,129.0,0.0,
-32.6732,152.36379999999997,2003-02-11,127.0,0.1,
-32.6732,152.6972,2003-02-11,133.0,0.0,
-27.8389,153.53070000000002,2003-02-11,165.0,0.0,
-27.0054,153.53070000000002,2003-02-11,160.0,0.0,
-36.3406,150.6968,2003-02-12,14.0,0.0,
-33.0066,152.19709999999998,2003-02-12,57.0,0.0,
-32.6732,152.36379999999997,2003-02-12,72.0,0.0,
-30.8395,153.0306,2003-02-12,140.0,0.0,
-27.8389,153.69740000000002,2003-02-12,174.0,0.0,
-27.0054,153.8641,2003-02-12,192.0,0.0,
-34.8403,150.8635,2003-02-13,209.0,0.0,
-27.8389,153.36400000000003,2003-02-13,93.0,0.0,
-34.8403,150.8635,2003-02-14,81.0,0.0,
-34.8403,151.03020000000004,2003-02-14,103.0,0.0,
-34.3402,151.19690000000003,2003-02-14,118.0,0.0,
-33.0066,152.36379999999997,2003-02-14,121.0,0.0,
-33.0066,152.53049999999996,2003-02-14,119.0,0.1,
-32.6732,152.36379999999997,2003-02-14,131.0,0.0,
-30.3394,153.36400000000003,2003-02-14,122.0,0.0,
-36.5073,150.19669999999996,2003-02-15,35.0,0.0,
-34.8403,150.8635,2003-02-15,36.0,0.0,
-34.6736,151.03020000000004,2003-02-15,38.0,0.0,
-34.5069,151.03020000000004,2003-02-15,45.0,0.0,
-33.34,152.19709999999998,2003-02-15,38.0,0.0,
-33.1733,152.0304,2003-02-15,56.0,0.0,
-33.0066,151.8637,2003-02-15,52.0,0.0,
-33.0066,152.19709999999998,2003-02-15,44.0,0.0,
-33.0066,152.53049999999996,2003-02-15,32.0,0.0,
-32.6732,152.19709999999998,2003-02-15,44.0,0.0,
-32.6732,152.36379999999997,2003-02-15,44.0,0.0,
-32.6732,152.53049999999996,2003-02-15,37.0,0.0,
-32.6732,152.6972,2003-02-15,26.0,0.0,
-30.8395,153.0306,2003-02-15,37.0,0.0,
-30.3394,153.36400000000003,2003-02-15,41.0,0.0,
-28.1723,153.53070000000002,2003-02-15,100.0,0.1,
-28.0056,153.53070000000002,2003-02-15,100.0,0.1,
-27.8389,153.36400000000003,2003-02-15,106.0,0.0,
-27.8389,153.53070000000002,2003-02-15,118.0,0.0,
-27.8389,153.69740000000002,2003-02-15,128.0,0.0,
-27.8389,153.8641,2003-02-15,128.0,0.0,
-27.6722,153.53070000000002,2003-02-15,118.0,0.0,
-27.5055,153.53070000000002,2003-02-15,123.0,0.0,
-27.0054,153.53070000000002,2003-02-15,125.0,0.0,
-26.8387,153.53070000000002,2003-02-15,126.0,0.0,
-36.5073,150.19669999999996,2003-02-16,101.0,0.0,
-35.8405,150.6968,2003-02-16,186.0,0.0,
-35.5071,137.52750000000003,2003-02-16,137.0,0.0,
-35.3404,150.6968,2003-02-16,323.0,0.0,
-35.1737,151.03020000000004,2003-02-16,8.0,0.0,
-34.5069,150.8635,2003-02-16,313.0,0.2,
-34.0068,151.36360000000002,2003-02-16,17.0,0.0,
-33.8401,151.5303,2003-02-16,41.0,0.0,
-33.6734,151.5303,2003-02-16,41.0,0.0,
-33.0066,151.697,2003-02-16,329.0,0.0,
-33.0066,152.53049999999996,2003-02-16,31.0,0.0,
-32.8399,152.36379999999997,2003-02-16,47.0,0.0,
-32.6732,152.36379999999997,2003-02-16,45.0,0.0,
-32.5065,152.53049999999996,2003-02-16,45.0,0.0,
-28.0056,153.8641,2003-02-16,52.0,0.0,
-27.8389,153.36400000000003,2003-02-16,66.0,0.0,
-27.8389,153.53070000000002,2003-02-16,70.0,0.0,
-27.8389,153.69740000000002,2003-02-16,71.0,0.0,
-27.6722,153.53070000000002,2003-02-16,70.0,0.0,
-27.0054,153.53070000000002,2003-02-16,96.0,0.0,
-26.8387,153.36400000000003,2003-02-16,102.0,0.0,
-26.8387,153.53070000000002,2003-02-16,107.0,0.0,
-21.8377,114.18950000000001,2003-02-16,226.0,0.0,
-7.0014,147.86289999999997,2003-02-16,93.0,0.3,
-36.5073,150.19669999999996,2003-02-17,160.0,0.0,
-36.1739,150.3634,2003-02-17,170.0,0.0,
-35.5071,137.36080000000004,2003-02-17,124.0,0.0,
-34.8403,151.03020000000004,2003-02-17,173.0,0.0,
-34.1735,136.36059999999998,2003-02-17,130.0,0.0,
-35.5071,137.36080000000004,2003-02-18,114.0,0.0,
-33.8401,151.36360000000002,2003-02-18,119.0,0.0,
-30.8395,153.0306,2003-02-18,194.0,2.6,
-26.672,153.36400000000003,2003-02-18,76.0,0.0,
-20.8375,149.19650000000001,2003-02-18,86.0,0.0,
-34.8403,151.03020000000004,2003-02-19,133.0,0.2,
-32.6732,152.36379999999997,2003-02-19,131.0,0.0,
-30.3394,153.19730000000004,2003-02-19,163.0,0.0,
-30.3394,153.36400000000003,2003-02-19,169.0,0.2,
-35.5071,137.36080000000004,2003-02-20,51.0,0.5,
-35.5071,137.69420000000002,2003-02-20,43.0,0.4,
-35.5071,138.1943,2003-02-20,38.0,0.4,
-33.8401,151.36360000000002,2003-02-20,68.0,0.0,
-32.8399,152.53049999999996,2003-02-20,80.0,0.1,
-32.6732,152.36379999999997,2003-02-20,83.0,0.0,
-33.8401,151.36360000000002,2003-02-21,46.0,1.3,
-32.8399,151.8637,2003-02-21,55.0,0.8,
-32.6732,152.36379999999997,2003-02-21,43.0,1.0,
-42.8419,148.1963,2003-02-22,26.0,0.0,
-34.8403,150.8635,2003-02-22,69.0,0.7,
-34.1735,151.36360000000002,2003-02-22,70.0,0.2,
-34.0068,151.36360000000002,2003-02-22,103.0,0.0,
-33.1733,152.36379999999997,2003-02-22,236.0,0.0,
-33.0066,151.697,2003-02-22,122.0,0.2,
-33.0066,151.8637,2003-02-22,125.0,0.0,
-33.0066,152.19709999999998,2003-02-22,105.0,0.0,
-33.0066,152.53049999999996,2003-02-22,108.0,0.0,
-32.8399,151.8637,2003-02-22,125.0,0.0,
-32.8399,152.53049999999996,2003-02-22,117.0,0.0,
-32.6732,152.19709999999998,2003-02-22,93.0,0.0,
-32.6732,152.36379999999997,2003-02-22,93.0,0.0,
-32.6732,152.53049999999996,2003-02-22,117.0,0.0,
-32.6732,152.6972,2003-02-22,21.0,0.1,
-32.5065,152.53049999999996,2003-02-22,93.0,0.0,
-32.5065,154.0308,2003-02-22,60.0,2.1,
-30.3394,153.36400000000003,2003-02-22,4.0,0.3,
-27.8389,153.36400000000003,2003-02-22,307.0,1.3,
-7.0014,147.69619999999998,2003-02-22,51.0,0.0,
-36.5073,150.19669999999996,2003-02-23,70.0,1.2,
-36.5073,150.3634,2003-02-23,69.0,0.6,
-34.5069,151.19690000000003,2003-02-23,79.0,0.0,
-30.8395,153.0306,2003-02-23,81.0,0.3,
-27.0054,153.69740000000002,2003-02-23,281.0,0.0,
-7.0014,147.1961,2003-02-23,112.0,0.0,
-7.0014,147.86289999999997,2003-02-23,165.0,0.0,
-6.668,147.69619999999998,2003-02-23,45.0,0.0,
-36.5073,150.19669999999996,2003-02-24,31.0,0.0,
-36.3406,150.02999999999997,2003-02-24,38.0,0.0,
-34.8403,150.8635,2003-02-24,72.0,0.0,
-33.5067,151.5303,2003-02-25,77.0,0.0,
-32.8399,152.36379999999997,2003-02-25,73.0,0.0,
-32.8399,152.6972,2003-02-25,71.0,0.0,
-32.6732,152.19709999999998,2003-02-25,80.0,0.0,
-32.6732,152.36379999999997,2003-02-25,80.0,0.0,
-32.6732,152.53049999999996,2003-02-25,71.0,0.0,
-32.6732,152.6972,2003-02-25,71.0,0.0,
-32.5065,152.53049999999996,2003-02-25,80.0,0.0,
-30.8395,153.0306,2003-02-25,108.0,0.6,
-33.0066,152.53049999999996,2003-02-26,57.0,0.0,
-32.8399,152.53049999999996,2003-02-26,58.0,0.0,
-32.6732,152.19709999999998,2003-02-26,61.0,0.0,
-32.6732,152.36379999999997,2003-02-26,61.0,0.0,
-32.6732,152.53049999999996,2003-02-26,58.0,0.0,
-32.6732,152.6972,2003-02-26,59.0,0.0,
-32.5065,152.53049999999996,2003-02-26,61.0,0.0,
-32.3398,152.6972,2003-02-26,62.0,0.0,
-30.8395,153.0306,2003-02-26,81.0,0.2,
-16.5033,146.0292,2003-02-26,327.0,0.0,
-36.5073,150.19669999999996,2003-02-27,29.0,0.0,
-35.3404,150.6968,2003-02-27,25.0,0.0,
-33.1733,151.697,2003-02-27,57.0,0.0,
-30.8395,153.0306,2003-02-27,32.0,0.0,
-24.6716,153.19730000000004,2003-02-27,85.0,0.1,
-24.6716,153.53070000000002,2003-02-27,82.0,0.1,
-36.3406,150.02999999999997,2003-02-28,46.0,0.0,
-33.8401,151.8637,2003-02-28,25.0,0.0,
-32.6732,152.53049999999996,2003-02-28,29.0,0.0,
-32.5065,152.36379999999997,2003-02-28,39.0,0.0,
-30.8395,153.0306,2003-02-28,26.0,0.0,
-27.1721,153.19730000000004,2003-02-28,93.0,0.0,
-36.5073,150.19669999999996,2003-03-01,148.0,0.9,
-35.6738,137.86090000000002,2003-03-01,187.0,0.0,
-35.3404,150.6968,2003-03-01,273.0,0.0,
-35.007,151.03020000000004,2003-03-01,272.0,0.0,
-34.8403,150.8635,2003-03-01,265.0,0.0,
-34.5069,150.8635,2003-03-01,265.0,0.0,
-34.0068,151.697,2003-03-01,222.0,0.0,
-33.6734,152.6972,2003-03-01,220.0,0.0,
-33.1733,152.36379999999997,2003-03-01,198.0,0.0,
-33.0066,151.8637,2003-03-01,184.0,0.3,
-33.0066,152.19709999999998,2003-03-01,192.0,0.1,
-33.0066,152.53049999999996,2003-03-01,198.0,0.4,
-32.8399,152.53049999999996,2003-03-01,205.0,0.8,
-32.6732,152.36379999999997,2003-03-01,211.0,1.3,
-32.6732,152.53049999999996,2003-03-01,205.0,0.8,
-32.6732,152.6972,2003-03-01,211.0,1.0,
-32.6732,152.8639,2003-03-01,211.0,1.0,
-32.5065,153.0306,2003-03-01,226.0,1.1,
-30.8395,153.0306,2003-03-01,24.0,0.0,
-27.1721,153.19730000000004,2003-03-01,222.0,0.0,
-36.5073,150.3634,2003-03-02,232.0,0.0,
-32.0064,115.18970000000002,2003-03-02,103.0,0.0,
-30.8395,153.0306,2003-03-02,194.0,0.0,
-21.671,114.02280000000002,2003-03-02,45.0,0.0,
-32.0064,115.18970000000002,2003-03-03,146.0,0.0,
-30.8395,153.0306,2003-03-03,122.0,0.0,
-35.6738,137.86090000000002,2003-03-04,143.0,0.1,
-33.5067,151.5303,2003-03-04,40.0,0.0,
-30.8395,153.0306,2003-03-04,56.0,0.0,
-17.5035,168.7004,2003-03-04,182.0,0.0,
-36.5073,150.19669999999996,2003-03-05,160.0,0.0,
-36.3406,150.02999999999997,2003-03-05,150.0,0.0,
-33.0066,152.53049999999996,2003-03-05,153.0,0.3,
-32.5065,154.0308,2003-03-05,154.0,1.2,
-26.8387,153.19730000000004,2003-03-05,134.0,0.0,
-32.6732,152.53049999999996,2003-03-06,153.0,0.6,
-41.3416,148.363,2003-03-07,353.0,0.0,
-37.0074,150.3634,2003-03-07,21.0,0.0,
-36.5073,150.19669999999996,2003-03-07,27.0,0.0,
-35.3404,150.6968,2003-03-07,58.0,0.0,
-35.3404,150.8635,2003-03-07,58.0,0.0,
-33.5067,151.5303,2003-03-07,86.0,0.0,
-30.8395,153.0306,2003-03-07,131.0,2.5,
-43.0086,148.1963,2003-03-08,153.0,0.2,
-42.8419,148.1963,2003-03-08,156.0,0.1,
-41.3416,148.363,2003-03-08,161.0,0.4,
-36.8407,150.19669999999996,2003-03-08,196.0,0.4,
-36.5073,150.19669999999996,2003-03-08,180.0,0.0,
-35.6738,150.5301,2003-03-08,131.0,0.0,
-35.3404,150.6968,2003-03-08,34.0,0.0,
-35.3404,150.8635,2003-03-08,35.0,0.0,
-35.1737,151.03020000000004,2003-03-08,25.0,0.0,
-34.8403,150.8635,2003-03-08,31.0,0.0,
-34.6736,151.19690000000003,2003-03-08,17.0,0.0,
-34.5069,151.03020000000004,2003-03-08,31.0,0.0,
-34.0068,151.5303,2003-03-08,25.0,0.0,
-33.8401,151.36360000000002,2003-03-08,50.0,0.0,
-33.8401,151.697,2003-03-08,12.0,0.0,
-33.0066,151.697,2003-03-08,95.0,0.0,
-32.8399,152.53049999999996,2003-03-08,93.0,0.0,
-31.3396,153.0306,2003-03-08,161.0,0.0,
-31.3396,153.36400000000003,2003-03-08,168.0,0.0,
-30.8395,153.0306,2003-03-08,172.0,0.1,
-30.3394,153.36400000000003,2003-03-08,174.0,0.0,
-27.0054,153.53070000000002,2003-03-08,161.0,0.0,
-17.5035,168.7004,2003-03-08,226.0,0.0,
-11.1689,167.03340000000003,2003-03-08,267.0,0.0,
-41.1749,148.5297,2003-03-09,126.0,0.3,
-36.5073,150.19669999999996,2003-03-09,164.0,0.0,
-36.3406,150.02999999999997,2003-03-09,165.0,0.1,
-36.1739,150.3634,2003-03-09,173.0,0.3,
-33.0066,151.8637,2003-03-09,109.0,0.0,
-33.0066,152.53049999999996,2003-03-09,39.0,0.0,
-32.8399,152.53049999999996,2003-03-09,55.0,0.0,
-30.8395,153.0306,2003-03-09,128.0,0.0,
-30.3394,153.19730000000004,2003-03-09,146.0,0.0,
-30.3394,153.36400000000003,2003-03-09,156.0,0.0,
-42.8419,148.1963,2003-03-10,106.0,0.2,
-36.5073,150.19669999999996,2003-03-10,169.0,2.8,
-36.0072,150.3634,2003-03-10,169.0,0.3,
-35.6738,150.5301,2003-03-10,179.0,0.0,
-30.8395,153.0306,2003-03-10,83.0,0.0,
-36.5073,150.19669999999996,2003-03-11,122.0,0.3,
-30.8395,153.0306,2003-03-11,152.0,0.1,
-26.672,153.19730000000004,2003-03-11,133.0,0.0,
-36.5073,150.19669999999996,2003-03-12,40.0,0.0,
-36.3406,150.19669999999996,2003-03-12,46.0,0.0,
-36.1739,150.3634,2003-03-12,39.0,0.0,
-36.0072,150.19669999999996,2003-03-12,58.0,0.0,
-32.6732,152.36379999999997,2003-03-12,103.0,0.0,
-30.8395,153.0306,2003-03-12,138.0,0.6,
-36.5073,150.19669999999996,2003-03-13,42.0,0.0,
-36.1739,150.3634,2003-03-13,22.0,0.0,
-35.1737,151.03020000000004,2003-03-13,14.0,0.0,
-32.6732,152.36379999999997,2003-03-13,73.0,0.0,
-30.8395,153.0306,2003-03-13,125.0,1.3,
-27.8389,153.69740000000002,2003-03-13,140.0,1.5,
-36.8407,150.19669999999996,2003-03-14,160.0,0.0,
-36.5073,150.19669999999996,2003-03-14,108.0,0.0,
-36.5073,150.3634,2003-03-14,146.0,0.0,
-36.1739,150.3634,2003-03-14,132.0,0.0,
-33.1733,151.8637,2003-03-14,99.0,0.0,
-31.3396,153.19730000000004,2003-03-14,172.0,0.0,
-30.8395,153.0306,2003-03-14,178.0,0.1,
-27.0054,153.53070000000002,2003-03-14,162.0,0.3,
-17.5035,168.5337,2003-03-14,319.0,0.0,
-17.0034,178.36900000000003,2003-03-14,267.0,0.0,
-42.8419,148.1963,2003-03-15,117.0,0.1,
-37.0074,150.3634,2003-03-15,66.0,0.0,
-36.8407,150.19669999999996,2003-03-15,94.0,0.0,
-36.5073,150.19669999999996,2003-03-15,72.0,0.0,
-36.3406,150.02999999999997,2003-03-15,77.0,0.0,
-36.3406,150.3634,2003-03-15,115.0,0.0,
-35.3404,150.8635,2003-03-15,135.0,0.0,
-35.1737,151.03020000000004,2003-03-15,150.0,0.0,
-35.007,151.19690000000003,2003-03-15,139.0,0.0,
-34.8403,174.03480000000002,2003-03-15,210.0,0.0,
-34.0068,151.36360000000002,2003-03-15,97.0,0.0,
-33.6734,151.36360000000002,2003-03-15,94.0,0.0,
-33.5067,151.5303,2003-03-15,83.0,0.0,
-33.5067,151.8637,2003-03-15,75.0,0.0,
-33.5067,152.19709999999998,2003-03-15,60.0,0.0,
-33.34,152.19709999999998,2003-03-15,47.0,0.0,
-33.1733,151.697,2003-03-15,83.0,0.0,
-33.0066,151.697,2003-03-15,90.0,0.0,
-33.0066,151.8637,2003-03-15,87.0,0.2,
-33.0066,152.53049999999996,2003-03-15,43.0,0.0,
-32.6732,152.36379999999997,2003-03-15,62.0,0.0,
-31.8397,115.18970000000002,2003-03-15,223.0,0.0,
-30.8395,153.0306,2003-03-15,96.0,0.0,
-30.3394,153.36400000000003,2003-03-15,149.0,0.0,
-28.8391,153.69740000000002,2003-03-15,152.0,0.0,
-28.1723,153.53070000000002,2003-03-15,150.0,0.0,
-28.1723,153.8641,2003-03-15,156.0,0.0,
-28.0056,153.53070000000002,2003-03-15,150.0,0.0,
-27.8389,153.36400000000003,2003-03-15,135.0,0.0,
-27.8389,153.69740000000002,2003-03-15,158.0,0.0,
-27.6722,153.53070000000002,2003-03-15,148.0,0.0,
-27.6722,153.8641,2003-03-15,158.0,0.0,
-27.6722,154.0308,2003-03-15,162.0,0.0,
-27.5055,153.69740000000002,2003-03-15,157.0,0.0,
-27.3388,153.53070000000002,2003-03-15,151.0,0.0,
-27.0054,153.53070000000002,2003-03-15,151.0,0.0,
-26.8387,153.36400000000003,2003-03-15,152.0,0.0,
-21.671,114.3562,2003-03-15,343.0,0.0,
-36.5073,150.19669999999996,2003-03-16,61.0,2.3,
-36.3406,150.3634,2003-03-16,52.0,1.5,
-36.1739,150.3634,2003-03-16,52.0,1.5,
-36.0072,150.3634,2003-03-16,82.0,0.5,
-35.3404,150.8635,2003-03-16,120.0,0.1,
-35.1737,151.03020000000004,2003-03-16,45.0,0.0,
-34.8403,151.03020000000004,2003-03-16,126.0,0.2,
-34.6736,151.19690000000003,2003-03-16,191.0,0.0,
-34.5069,151.19690000000003,2003-03-16,167.0,0.0,
-34.1735,151.36360000000002,2003-03-16,155.0,0.0,
-34.0068,151.36360000000002,2003-03-16,137.0,0.0,
-33.8401,151.36360000000002,2003-03-16,132.0,0.0,
-33.8401,151.697,2003-03-16,131.0,0.0,
-33.8401,151.8637,2003-03-16,131.0,0.0,
-33.6734,151.36360000000002,2003-03-16,131.0,0.1,
-33.5067,151.5303,2003-03-16,127.0,0.2,
-33.34,152.19709999999998,2003-03-16,124.0,0.4,
-32.6732,152.36379999999997,2003-03-16,126.0,0.3,
-30.8395,153.0306,2003-03-16,103.0,0.0,
-30.3394,153.36400000000003,2003-03-16,105.0,0.0,
-28.0056,153.8641,2003-03-16,141.0,0.0,
-27.8389,153.53070000000002,2003-03-16,123.0,0.0,
-27.8389,153.69740000000002,2003-03-16,143.0,0.0,
-27.6722,153.8641,2003-03-16,143.0,0.0,
-27.0054,153.36400000000003,2003-03-16,134.0,0.0,
-27.0054,153.53070000000002,2003-03-16,141.0,0.0,
-26.5053,153.36400000000003,2003-03-16,141.0,0.0,
-24.6716,153.19730000000004,2003-03-16,142.0,0.0,
-24.6716,153.53070000000002,2003-03-16,144.0,0.0,
-36.5073,150.19669999999996,2003-03-17,27.0,0.0,
-36.3406,150.3634,2003-03-17,27.0,0.0,
-36.1739,150.3634,2003-03-17,27.0,0.0,
-35.3404,150.6968,2003-03-17,70.0,0.0,
-35.1737,151.03020000000004,2003-03-17,63.0,0.0,
-34.0068,151.36360000000002,2003-03-17,105.0,0.0,
-33.0066,152.0304,2003-03-17,142.0,0.0,
-26.5053,153.36400000000003,2003-03-17,154.0,0.2,
-14.1695,136.36059999999998,2003-03-17,243.0,0.0,
-36.5073,150.3634,2003-03-18,21.0,0.0,
-36.3406,150.02999999999997,2003-03-18,31.0,0.0,
-36.3406,150.3634,2003-03-18,27.0,0.0,
-36.1739,150.3634,2003-03-18,27.0,0.0,
-36.1739,151.36360000000002,2003-03-18,7.0,0.0,
-36.0072,150.3634,2003-03-18,31.0,0.0,
-35.1737,151.03020000000004,2003-03-18,18.0,0.0,
-34.0068,151.697,2003-03-18,27.0,0.0,
-32.8399,151.8637,2003-03-18,63.0,0.0,
-24.6716,153.19730000000004,2003-03-18,148.0,0.0,
-36.5073,150.3634,2003-03-19,22.0,0.0,
-36.0072,150.3634,2003-03-19,27.0,0.0,
-30.8395,153.0306,2003-03-19,36.0,0.0,
-17.5035,168.5337,2003-03-19,22.0,0.3,
-36.1739,150.3634,2003-03-20,349.0,0.0,
-33.1733,151.697,2003-03-20,359.0,0.0,
-30.8395,153.0306,2003-03-20,23.0,0.0,
-27.1721,153.19730000000004,2003-03-20,45.0,0.0,
-17.5035,168.5337,2003-03-20,58.0,1.0,
-36.5073,150.19669999999996,2003-03-21,90.0,0.0,
-36.0072,150.3634,2003-03-21,88.0,0.0,
-35.1737,150.8635,2003-03-21,231.0,0.0,
-35.1737,151.03020000000004,2003-03-21,200.0,0.0,
-35.007,150.8635,2003-03-21,231.0,0.0,
-34.8403,150.8635,2003-03-21,235.0,0.0,
-34.8403,151.03020000000004,2003-03-21,202.0,0.0,
-34.5069,150.8635,2003-03-21,242.0,0.0,
-32.6732,152.36379999999997,2003-03-21,168.0,0.0,
-31.5063,153.69740000000002,2003-03-21,356.0,0.0,
-30.8395,153.0306,2003-03-21,70.0,0.0,
-27.3388,153.53070000000002,2003-03-21,353.0,0.3,
-27.0054,153.53070000000002,2003-03-21,355.0,0.2,
-27.0054,153.8641,2003-03-21,354.0,0.0,
-26.8387,153.69740000000002,2003-03-21,357.0,0.1,
-26.5053,153.36400000000003,2003-03-21,1.0,0.1,
-26.5053,153.53070000000002,2003-03-21,360.0,0.0,
-36.5073,150.19669999999996,2003-03-22,158.0,0.0,
-35.1737,151.03020000000004,2003-03-22,139.0,0.2,
-35.007,150.8635,2003-03-22,214.0,0.7,
-34.8403,150.8635,2003-03-22,220.0,0.6,
-34.8403,151.03020000000004,2003-03-22,205.0,0.5,
-34.6736,151.19690000000003,2003-03-22,171.0,0.4,
-34.5069,151.03020000000004,2003-03-22,191.0,1.0,
-33.1733,151.5303,2003-03-22,149.0,0.0,
-33.0066,151.697,2003-03-22,148.0,0.2,
-30.8395,153.0306,2003-03-22,217.0,0.0,
-27.6722,153.8641,2003-03-22,350.0,1.6,
-27.1721,153.19730000000004,2003-03-22,351.0,0.5,
-27.1721,153.53070000000002,2003-03-22,352.0,0.7,
-27.1721,153.69740000000002,2003-03-22,346.0,1.0,
-27.0054,153.53070000000002,2003-03-22,354.0,0.3,
-27.0054,153.8641,2003-03-22,348.0,0.6,
-26.8387,153.53070000000002,2003-03-22,354.0,0.0,
-26.5053,153.53070000000002,2003-03-22,357.0,0.0,
-6.668,147.69619999999998,2003-03-22,96.0,1.2,
-36.3406,150.02999999999997,2003-03-23,180.0,0.1,
-35.5071,137.36080000000004,2003-03-23,120.0,0.0,
-35.007,174.3682,2003-03-23,66.0,0.0,
-34.8403,150.8635,2003-03-23,187.0,0.0,
-30.8395,153.0306,2003-03-23,187.0,0.0,
-28.0056,153.53070000000002,2003-03-23,128.0,6.1,
-27.8389,153.53070000000002,2003-03-23,120.0,0.0,
-27.6722,153.8641,2003-03-23,146.0,0.0,
-27.3388,153.53070000000002,2003-03-23,142.0,0.0,
-26.8387,153.53070000000002,2003-03-23,180.0,0.0,
-26.5053,153.19730000000004,2003-03-23,40.0,0.0,
-20.3374,116.5233,2003-03-23,171.0,0.0,
-6.668,147.0294,2003-03-23,112.0,0.0,
-36.3406,150.02999999999997,2003-03-24,153.0,0.0,
-33.0066,152.19709999999998,2003-03-24,157.0,0.1,
-30.8395,153.0306,2003-03-24,186.0,0.0,
-37.0074,150.19669999999996,2003-03-25,54.0,0.0,
-36.5073,150.19669999999996,2003-03-25,68.0,0.0,
-35.6738,150.5301,2003-03-25,51.0,0.0,
-33.5067,151.8637,2003-03-25,90.0,0.0,
-30.8395,153.0306,2003-03-25,132.0,0.0,
-30.3394,153.36400000000003,2003-03-25,164.0,0.0,
-17.8369,168.20029999999997,2003-03-25,113.0,0.0,
-43.1753,148.02959999999996,2003-03-26,221.0,0.0,
-43.0086,148.1963,2003-03-26,63.0,0.0,
-42.8419,148.1963,2003-03-26,73.0,0.0,
-41.3416,148.5297,2003-03-26,100.0,0.0,
-37.0074,150.19669999999996,2003-03-26,102.0,0.0,
-36.1739,150.19669999999996,2003-03-26,84.0,0.0,
-35.1737,151.03020000000004,2003-03-26,117.0,0.0,
-34.8403,150.8635,2003-03-26,97.0,0.0,
-33.34,151.5303,2003-03-26,107.0,0.1,
-32.8399,152.53049999999996,2003-03-26,129.0,0.0,
-32.5065,152.53049999999996,2003-03-26,120.0,0.0,
-32.0064,115.18970000000002,2003-03-26,185.0,0.0,
-17.8369,168.20029999999997,2003-03-26,108.0,0.0,
-41.3416,148.5297,2003-03-27,38.0,0.2,
-36.5073,150.19669999999996,2003-03-27,55.0,0.1,
-34.8403,150.8635,2003-03-27,74.0,0.1,
-34.1735,151.36360000000002,2003-03-27,56.0,0.1,
-33.8401,151.697,2003-03-27,96.0,0.0,
-32.6732,152.36379999999997,2003-03-27,155.0,0.0,
-32.6732,152.53049999999996,2003-03-27,162.0,0.0,
-27.3388,153.8641,2003-03-27,166.0,0.0,
-26.8387,153.69740000000002,2003-03-27,162.0,0.0,
-36.1739,150.3634,2003-03-28,97.0,0.2,
-36.0072,150.3634,2003-03-28,102.0,0.4,
-35.8405,150.5301,2003-03-28,120.0,0.0,
-35.8405,150.6968,2003-03-28,133.0,0.0,
-35.6738,150.5301,2003-03-28,120.0,0.0,
-34.0068,151.697,2003-03-28,215.0,0.0,
-33.34,114.85630000000003,2003-03-28,169.0,0.0,
-33.34,151.8637,2003-03-28,184.0,0.0,
-27.1721,153.19730000000004,2003-03-28,100.0,0.0,
-26.5053,153.53070000000002,2003-03-28,127.0,0.0,
-25.3384,153.0306,2003-03-28,116.0,0.0,
-17.5035,168.5337,2003-03-28,90.0,0.0,
-43.0086,148.02959999999996,2003-03-29,82.0,0.0,
-36.0072,150.3634,2003-03-29,142.0,0.0,
-36.0072,150.5301,2003-03-29,172.0,0.0,
-35.8405,150.3634,2003-03-29,130.0,0.1,
-35.8405,150.5301,2003-03-29,180.0,0.0,
-35.6738,150.5301,2003-03-29,180.0,0.0,
-35.6738,150.6968,2003-03-29,210.0,0.0,
-34.8403,150.8635,2003-03-29,60.0,0.2,
-34.8403,151.03020000000004,2003-03-29,69.0,0.0,
-34.6736,151.19690000000003,2003-03-29,270.0,0.0,
-34.0068,151.36360000000002,2003-03-29,360.0,0.0,
-33.8401,151.5303,2003-03-29,315.0,0.0,
-33.5067,151.5303,2003-03-29,143.0,0.0,
-32.6732,152.36379999999997,2003-03-29,163.0,0.0,
-27.3388,153.36400000000003,2003-03-29,140.0,0.9,
-27.1721,153.19730000000004,2003-03-29,133.0,0.1,
-27.0054,153.53070000000002,2003-03-29,160.0,1.2,
-26.5053,153.8641,2003-03-29,188.0,0.8,
-25.3384,153.0306,2003-03-29,96.0,0.3,
-21.671,114.18950000000001,2003-03-29,189.0,0.0,
-43.0086,148.1963,2003-03-30,224.0,0.0,
-42.8419,148.1963,2003-03-30,208.0,0.0,
-36.3406,150.3634,2003-03-30,193.0,0.0,
-36.0072,150.3634,2003-03-30,194.0,0.0,
-35.8405,150.5301,2003-03-30,201.0,0.3,
-35.6738,150.5301,2003-03-30,201.0,0.3,
-35.5071,150.6968,2003-03-30,203.0,0.4,
-35.1737,151.03020000000004,2003-03-30,201.0,0.2,
-34.8403,150.8635,2003-03-30,187.0,0.5,
-34.3402,151.19690000000003,2003-03-30,173.0,0.6,
-34.0068,151.697,2003-03-30,193.0,0.2,
-33.8401,151.5303,2003-03-30,189.0,0.0,
-33.5067,151.8637,2003-03-30,209.0,0.0,
-33.34,114.85630000000003,2003-03-30,130.0,0.4,
-32.6732,152.53049999999996,2003-03-30,239.0,0.0,
-32.5065,152.53049999999996,2003-03-30,231.0,0.0,
-30.8395,153.0306,2003-03-30,7.0,0.0,
-27.3388,153.53070000000002,2003-03-30,342.0,0.0,
-26.8387,153.36400000000003,2003-03-30,15.0,0.0,
-26.5053,153.8641,2003-03-30,287.0,0.0,
-4.8343,146.1959,2003-03-30,126.0,0.2,
-35.6738,150.19669999999996,2003-03-31,163.0,0.3,
-35.6738,150.3634,2003-03-31,163.0,0.3,
-21.671,114.02280000000002,2003-03-31,181.0,0.0,
-17.8369,168.36699999999996,2003-03-31,55.0,1.0,
-17.5035,168.5337,2003-03-31,45.0,0.6,
-34.1735,135.36040000000003,2003-04-01,2.0,0.0,
-32.8399,152.53049999999996,2003-04-01,113.0,0.0,
-36.8407,150.02999999999997,2003-04-02,210.0,0.0,
-33.8401,151.697,2003-04-02,353.0,0.0,
-32.6732,152.36379999999997,2003-04-02,27.0,0.0,
-21.671,114.02280000000002,2003-04-02,304.0,0.0,
-34.6736,151.19690000000003,2003-04-03,179.0,0.2,
-21.671,114.18950000000001,2003-04-03,237.0,0.0,
-31.0062,153.0306,2003-04-04,201.0,0.0,
-43.0086,148.02959999999996,2003-04-05,176.0,0.0,
-42.8419,148.1963,2003-04-05,178.0,0.0,
-34.8403,151.03020000000004,2003-04-05,204.0,0.1,
-34.6736,151.03020000000004,2003-04-05,204.0,0.1,
-34.6736,151.19690000000003,2003-04-05,204.0,0.8,
-34.5069,150.8635,2003-04-05,194.0,0.0,
-33.34,114.85630000000003,2003-04-05,178.0,0.0,
-33.1733,151.697,2003-04-05,204.0,0.4,
-43.6754,147.0294,2003-04-06,32.0,0.0,
-37.0074,150.19669999999996,2003-04-06,183.0,0.0,
-35.8405,150.5301,2003-04-06,197.0,0.0,
-34.6736,151.03020000000004,2003-04-06,201.0,0.0,
-34.6736,151.19690000000003,2003-04-06,208.0,0.0,
-34.5069,150.8635,2003-04-06,178.0,0.0,
-34.0068,151.36360000000002,2003-04-06,191.0,0.0,
-33.8401,151.5303,2003-04-06,198.0,0.0,
-33.6734,151.36360000000002,2003-04-06,190.0,0.0,
-33.5067,151.5303,2003-04-06,197.0,0.0,
-7.0014,147.69619999999998,2003-04-06,120.0,0.0,
-7.0014,147.86289999999997,2003-04-06,120.0,0.0,
-36.1739,150.3634,2003-04-07,29.0,0.0,
-36.8407,150.02999999999997,2003-04-08,137.0,0.0,
-34.8403,151.03020000000004,2003-04-08,270.0,0.0,
-32.8399,152.6972,2003-04-08,323.0,0.0,
-32.6732,152.36379999999997,2003-04-08,274.0,0.0,
-30.1727,153.19730000000004,2003-04-09,167.0,0.0,
-17.8369,168.36699999999996,2003-04-09,180.0,0.0,
-43.6754,147.0294,2003-04-10,46.0,0.0,
-27.8389,153.69740000000002,2003-04-10,134.0,0.0,
-36.3406,150.02999999999997,2003-04-11,67.0,1.2,
-32.8399,152.19709999999998,2003-04-11,92.0,0.0,
-32.6732,152.36379999999997,2003-04-11,92.0,0.1,
-27.0054,153.69740000000002,2003-04-11,118.0,2.1,
-36.3406,150.02999999999997,2003-04-12,38.0,0.0,
-28.1723,153.53070000000002,2003-04-12,167.0,0.0,
-28.0056,153.53070000000002,2003-04-12,167.0,0.0,
-27.8389,153.69740000000002,2003-04-12,192.0,0.2,
-24.3382,153.19730000000004,2003-04-12,342.0,0.0,
-7.0014,147.69619999999998,2003-04-12,126.0,0.0,
-37.0074,150.19669999999996,2003-04-13,20.0,0.0,
-34.0068,151.36360000000002,2003-04-13,28.0,0.0,
-33.34,114.85630000000003,2003-04-13,253.0,0.0,
-33.1733,151.697,2003-04-13,36.0,0.0,
-30.3394,153.19730000000004,2003-04-13,42.0,0.0,
-30.3394,153.36400000000003,2003-04-13,34.0,0.0,
-27.1721,154.0308,2003-04-13,154.0,0.0,
-27.0054,153.53070000000002,2003-04-13,150.0,0.0,
-9.6686,147.3628,2003-04-13,136.0,0.0,
-21.671,114.02280000000002,2003-04-14,130.0,0.0,
-36.5073,150.19669999999996,2003-04-15,220.0,0.0,
-33.1733,151.697,2003-04-15,294.0,0.0,
-27.0054,153.53070000000002,2003-04-16,152.0,0.0,
-24.8383,153.0306,2003-04-16,144.0,0.0,
-7.0014,148.02959999999996,2003-04-16,176.0,0.0,
-9.6686,147.3628,2003-04-17,178.0,0.0,
-4.6676,145.69579999999996,2003-04-17,30.0,0.2,
-33.5067,151.5303,2003-04-18,180.0,0.1,
-36.5073,150.19669999999996,2003-04-19,180.0,0.2,
-7.0014,147.69619999999998,2003-04-19,137.0,8.6,
-43.0086,148.1963,2003-04-20,234.0,0.0,
-42.8419,148.1963,2003-04-20,224.0,0.0,
-36.5073,150.19669999999996,2003-04-20,155.0,0.1,
-36.3406,150.02999999999997,2003-04-20,156.0,0.0,
-36.0072,150.3634,2003-04-20,175.0,0.0,
-34.5069,150.8635,2003-04-20,166.0,0.2,
-36.5073,150.19669999999996,2003-04-21,63.0,0.0,
-36.1739,150.3634,2003-04-21,180.0,0.0,
-35.6738,150.5301,2003-04-21,193.0,0.0,
-35.5071,150.6968,2003-04-21,180.0,0.0,
-35.1737,151.03020000000004,2003-04-21,159.0,0.0,
-34.5069,151.19690000000003,2003-04-21,149.0,0.0,
-21.8377,114.02280000000002,2003-04-21,70.0,0.0,
-17.5035,122.02440000000001,2003-04-21,88.0,0.0,
-7.0014,147.69619999999998,2003-04-21,259.0,0.0,
-4.5009,146.1959,2003-04-21,140.0,0.0,
-36.5073,150.19669999999996,2003-04-22,166.0,0.0,
-36.3406,150.02999999999997,2003-04-22,148.0,0.0,
-36.8407,150.19669999999996,2003-04-23,182.0,0.0,
-34.0068,151.36360000000002,2003-04-23,160.0,0.0,
-43.1753,148.02959999999996,2003-04-24,131.0,0.0,
-36.3406,150.3634,2003-04-24,167.0,0.0,
-35.6738,150.5301,2003-04-24,160.0,0.0,
-34.8403,150.8635,2003-04-24,141.0,0.1,
-34.5069,151.8637,2003-04-24,144.0,0.0,
-34.0068,151.5303,2003-04-24,155.0,0.0,
-32.8399,152.53049999999996,2003-04-24,173.0,0.0,
-17.5035,168.5337,2003-04-24,291.0,0.1,
-43.1753,148.02959999999996,2003-04-25,4.0,0.0,
-43.1753,148.1963,2003-04-25,2.0,0.0,
-43.0086,148.02959999999996,2003-04-25,11.0,0.0,
-43.0086,148.1963,2003-04-25,7.0,0.0,
-42.8419,148.1963,2003-04-25,12.0,0.0,
-37.0074,150.19669999999996,2003-04-25,116.0,0.3,
-36.674,150.3634,2003-04-25,118.0,0.5,
-36.5073,150.19669999999996,2003-04-25,136.0,1.2,
-35.6738,150.5301,2003-04-25,134.0,0.5,
-33.8401,151.697,2003-04-25,94.0,0.0,
-33.0066,151.8637,2003-04-25,83.0,0.0,
-33.0066,152.53049999999996,2003-04-25,86.0,0.0,
-32.6732,152.36379999999997,2003-04-25,90.0,0.0,
-27.8389,153.8641,2003-04-25,139.0,0.5,
-27.0054,153.69740000000002,2003-04-25,144.0,0.6,
-43.1753,148.02959999999996,2003-04-26,1.0,0.0,
-43.1753,148.1963,2003-04-26,358.0,0.0,
-43.0086,148.02959999999996,2003-04-26,8.0,0.0,
-43.0086,148.1963,2003-04-26,3.0,0.0,
-42.8419,148.1963,2003-04-26,8.0,0.0,
-37.0074,150.19669999999996,2003-04-26,32.0,0.0,
-36.8407,150.19669999999996,2003-04-26,36.0,0.0,
-36.674,150.3634,2003-04-26,36.0,0.0,
-35.6738,150.5301,2003-04-26,148.0,0.0,
-35.1737,151.03020000000004,2003-04-26,160.0,0.0,
-34.8403,151.03020000000004,2003-04-26,159.0,0.2,
-34.5069,151.36360000000002,2003-04-26,126.0,0.1,
-33.5067,151.8637,2003-04-26,70.0,0.0,
-32.8399,152.36379999999997,2003-04-26,78.0,0.0,
-43.1753,148.02959999999996,2003-04-27,17.0,0.0,
-43.0086,148.02959999999996,2003-04-27,16.0,0.0,
-43.0086,148.1963,2003-04-27,13.0,0.0,
-42.8419,148.02959999999996,2003-04-27,12.0,0.0,
-42.8419,148.1963,2003-04-27,14.0,0.0,
-41.1749,148.5297,2003-04-27,18.0,0.3,
-33.0066,152.53049999999996,2003-04-27,62.0,0.0,
-32.6732,152.36379999999997,2003-04-27,71.0,0.0,
-5.3344,145.8625,2003-04-27,86.0,0.0,
-5.1677,145.8625,2003-04-27,86.0,0.0,
-33.6734,151.36360000000002,2003-04-28,45.0,0.1,
-28.8391,113.85609999999997,2003-04-28,147.0,0.0,
-36.5073,150.19669999999996,2003-04-29,124.0,0.0,
-29.0058,113.85609999999997,2003-04-29,159.0,0.0,
-28.1723,153.53070000000002,2003-04-29,27.0,0.0,
-29.0058,113.85609999999997,2003-04-30,159.0,0.0,
-28.8391,153.69740000000002,2003-05-02,174.0,0.1,
-27.8389,153.8641,2003-05-02,169.0,0.0,
-33.6734,151.36360000000002,2003-05-03,307.0,0.0,
-33.34,152.19709999999998,2003-05-03,247.0,0.0,
-30.3394,153.19730000000004,2003-05-03,209.0,0.0,
-30.3394,153.36400000000003,2003-05-03,206.0,0.0,
-31.3396,153.19730000000004,2003-05-04,189.0,0.0,
-17.8369,168.36699999999996,2003-05-04,130.0,1.8,
-30.3394,153.19730000000004,2003-05-05,197.0,1.1,
-20.5041,116.5233,2003-05-05,82.0,0.0,
-20.5041,116.5233,2003-05-06,86.0,0.0,
-33.5067,151.36360000000002,2003-05-09,297.0,0.0,
-31.3396,153.0306,2003-05-09,338.0,0.0,
-34.6736,151.19690000000003,2003-05-10,223.0,0.0,
-27.6722,154.69759999999997,2003-05-10,268.0,0.0,
-27.0054,153.53070000000002,2003-05-10,255.0,0.0,
-26.8387,153.69740000000002,2003-05-10,229.0,0.0,
-24.6716,153.19730000000004,2003-05-10,153.0,0.0,
-34.8403,150.8635,2003-05-11,175.0,0.3,
-30.3394,153.36400000000003,2003-05-11,194.0,0.0,
-27.8389,153.69740000000002,2003-05-11,158.0,0.0,
-27.0054,153.8641,2003-05-11,177.0,0.0,
-26.8387,153.69740000000002,2003-05-11,173.0,0.0,
-7.0014,148.02959999999996,2003-05-11,194.0,0.0,
-36.5073,150.19669999999996,2003-05-12,120.0,0.0,
-24.3382,153.19730000000004,2003-05-13,132.0,0.4,
-33.8401,151.697,2003-05-15,63.0,1.6,
-36.1739,150.3634,2003-05-16,68.0,1.4,
-26.8387,153.69740000000002,2003-05-16,232.0,0.0,
-38.341,141.19489999999996,2003-05-17,23.0,0.1,
-38.1743,140.5281,2003-05-17,24.0,0.2,
-36.5073,150.19669999999996,2003-05-17,177.0,1.1,
-36.3406,150.02999999999997,2003-05-17,202.0,0.7,
-26.5053,153.19730000000004,2003-05-17,264.0,0.0,
-7.3348,147.52949999999998,2003-05-17,21.0,0.0,
-36.5073,150.19669999999996,2003-05-18,357.0,0.0,
-36.3406,150.3634,2003-05-18,346.0,0.0,
-36.1739,150.3634,2003-05-18,346.0,0.0,
-35.6738,150.5301,2003-05-18,317.0,0.0,
-30.006,153.19730000000004,2003-05-18,326.0,0.0,
-28.1723,153.53070000000002,2003-05-18,315.0,0.0,
-26.672,153.36400000000003,2003-05-18,310.0,0.0,
-26.5053,153.53070000000002,2003-05-18,307.0,0.0,
-7.3348,147.52949999999998,2003-05-18,35.0,0.4,
-7.0014,147.69619999999998,2003-05-18,145.0,0.1,
-7.0014,148.02959999999996,2003-05-18,163.0,0.4,
-6.8347,147.1961,2003-05-18,107.0,0.0,
-36.5073,150.19669999999996,2003-05-19,19.0,0.0,
-36.1739,150.19669999999996,2003-05-19,21.0,0.0,
-36.1739,150.3634,2003-05-19,16.0,0.0,
-28.1723,153.53070000000002,2003-05-19,343.0,0.0,
-26.672,153.36400000000003,2003-05-19,347.0,0.0,
-17.8369,168.36699999999996,2003-05-19,137.0,0.0,
-33.6734,151.36360000000002,2003-05-21,265.0,0.0,
-38.341,141.19489999999996,2003-05-22,308.0,0.0,
-31.3396,153.0306,2003-05-22,230.0,0.0,
-38.341,141.19489999999996,2003-05-23,13.0,0.0,
-38.1743,140.3614,2003-05-23,359.0,0.0,
-35.6738,150.5301,2003-05-23,206.0,0.0,
-38.341,141.19489999999996,2003-05-24,226.0,0.3,
-36.1739,150.5301,2003-05-24,190.0,0.0,
-35.8405,150.5301,2003-05-24,199.0,0.0,
-35.6738,150.5301,2003-05-24,199.0,0.0,
-33.0066,151.8637,2003-05-24,223.0,0.0,
-30.3394,153.19730000000004,2003-05-24,117.0,0.0,
-29.3392,113.68939999999998,2003-05-24,130.0,0.0,
-21.8377,114.18950000000001,2003-05-24,182.0,0.0,
-36.0072,150.3634,2003-05-25,164.0,0.6,
-35.6738,150.5301,2003-05-25,153.0,0.7,
-29.3392,113.68939999999998,2003-05-25,170.0,0.0,
-26.5053,153.8641,2003-05-25,210.0,0.0,
-4.8343,146.1959,2003-05-25,157.0,0.2,
-43.0086,148.1963,2003-05-26,294.0,0.0,
-17.5035,122.02440000000001,2003-05-27,69.0,0.0,
-18.6704,146.52930000000003,2003-05-28,158.0,0.0,
-18.5037,168.5337,2003-05-28,75.0,0.0,
-34.8403,136.0272,2003-05-31,325.0,0.0,
-34.1735,135.36040000000003,2003-05-31,327.0,0.0,
-33.6734,151.36360000000002,2003-05-31,317.0,0.0,
-33.5067,152.19709999999998,2003-05-31,324.0,0.0,
-30.3394,153.19730000000004,2003-05-31,112.0,0.0,
-20.3374,116.5233,2003-05-31,123.0,0.0,
-16.1699,146.1959,2003-05-31,114.0,0.1,
-37.0074,150.19669999999996,2003-06-01,342.0,0.0,
-36.8407,150.19669999999996,2003-06-01,341.0,0.0,
-35.007,136.0272,2003-06-01,333.0,0.0,
-33.1733,152.0304,2003-06-01,320.0,0.0,
-32.6732,152.36379999999997,2003-06-01,343.0,0.0,
-32.0064,152.53049999999996,2003-06-01,354.0,0.0,
-26.5053,153.8641,2003-06-01,85.0,0.0,
-20.5041,116.5233,2003-06-01,180.0,0.0,
-32.8399,152.53049999999996,2003-06-04,5.0,0.0,
-27.6722,153.8641,2003-06-06,259.0,0.0,
-27.8389,153.69740000000002,2003-06-07,314.0,0.0,
-26.8387,153.19730000000004,2003-06-07,327.0,0.0,
-26.8387,153.36400000000003,2003-06-07,345.0,0.0,
-26.5053,153.8641,2003-06-07,318.0,0.0,
-26.3386,153.53070000000002,2003-06-07,326.0,0.0,
-7.5015,147.69619999999998,2003-06-07,315.0,0.0,
-7.5015,148.02959999999996,2003-06-07,255.0,0.0,
-6.668,147.86289999999997,2003-06-07,223.0,0.0,
-36.5073,150.19669999999996,2003-06-08,223.0,0.0,
-36.3406,150.19669999999996,2003-06-08,219.0,0.0,
-17.6702,168.20029999999997,2003-06-08,26.0,1.4,
-7.0014,147.86289999999997,2003-06-08,166.0,0.0,
-7.0014,148.02959999999996,2003-06-08,167.0,0.0,
-6.668,147.0294,2003-06-08,90.0,0.0,
-6.668,147.69619999999998,2003-06-08,162.0,0.0,
-4.8343,146.1959,2003-06-08,155.0,0.0,
-32.5065,152.36379999999997,2003-06-09,201.0,0.1,
-14.6696,145.36239999999998,2003-06-09,141.0,0.0,
-36.8407,150.19669999999996,2003-06-10,12.0,0.0,
-17.5035,122.02440000000001,2003-06-10,80.0,0.0,
-36.8407,150.19669999999996,2003-06-11,360.0,0.0,
-17.5035,121.85770000000002,2003-06-11,140.0,0.0,
-15.8365,145.69579999999996,2003-06-11,124.0,0.0,
-27.0054,153.53070000000002,2003-06-13,207.0,0.0,
-17.5035,122.02440000000001,2003-06-13,111.0,0.0,
-28.1723,153.8641,2003-06-14,284.0,0.0,
-28.0056,153.53070000000002,2003-06-14,284.0,0.0,
-28.0056,153.8641,2003-06-14,287.0,0.0,
-27.8389,153.36400000000003,2003-06-14,274.0,0.0,
-27.8389,153.53070000000002,2003-06-14,279.0,0.0,
-27.8389,153.69740000000002,2003-06-14,277.0,0.0,
-27.8389,153.8641,2003-06-14,277.0,0.0,
-27.8389,154.1975,2003-06-14,276.0,0.0,
-27.6722,153.53070000000002,2003-06-14,279.0,0.0,
-27.3388,153.69740000000002,2003-06-14,262.0,0.0,
-26.8387,153.53070000000002,2003-06-14,252.0,0.0,
-26.3386,153.53070000000002,2003-06-14,255.0,0.0,
-23.1713,151.8637,2003-06-14,157.0,0.0,
-34.0068,151.5303,2003-06-15,253.0,0.0,
-33.34,115.02300000000002,2003-06-15,53.0,0.0,
-28.1723,153.8641,2003-06-15,177.0,0.0,
-27.8389,153.36400000000003,2003-06-15,153.0,0.0,
-27.8389,153.53070000000002,2003-06-15,162.0,0.0,
-27.8389,153.69740000000002,2003-06-15,166.0,0.0,
-27.8389,153.8641,2003-06-15,166.0,0.0,
-27.6722,153.53070000000002,2003-06-15,162.0,0.0,
-26.3386,153.53070000000002,2003-06-15,173.0,0.0,
-21.671,114.02280000000002,2003-06-15,74.0,0.0,
-27.3388,153.8641,2003-06-16,255.0,0.0,
-27.0054,153.69740000000002,2003-06-16,236.0,0.0,
-27.0054,153.8641,2003-06-19,156.0,0.0,
-20.5041,116.35660000000001,2003-06-21,83.0,0.0,
-20.3374,116.5233,2003-06-21,90.0,0.0,
-16.8367,146.1959,2003-06-21,162.0,0.0,
-7.0014,147.69619999999998,2003-06-21,218.0,0.0,
-7.0014,148.02959999999996,2003-06-21,196.0,0.0,
-20.5041,116.35660000000001,2003-06-22,328.0,1.0,
-20.3374,116.5233,2003-06-22,328.0,1.1,
-19.0038,147.3628,2003-06-22,150.0,0.0,
-17.5035,121.85770000000002,2003-06-22,37.0,0.0,
-12.8359,130.1927,2003-06-22,100.0,0.0,
-34.8403,150.8635,2003-06-24,180.0,0.0,
-5.1677,145.8625,2003-06-24,68.0,0.0,
-17.8369,122.1911,2003-06-26,274.0,0.0,
-17.5035,122.02440000000001,2003-06-26,276.0,0.0,
-12.8359,130.3594,2003-06-27,78.0,0.0,
-33.34,152.19709999999998,2003-06-28,285.0,0.0,
-21.8377,114.3562,2003-06-28,227.0,0.0,
-17.8369,122.1911,2003-06-28,231.0,0.0,
-17.5035,121.85770000000002,2003-06-28,186.0,0.0,
-17.5035,122.02440000000001,2003-06-28,216.0,0.0,
-16.5033,146.0292,2003-06-28,191.0,0.0,
-7.0014,148.02959999999996,2003-06-28,159.0,0.0,
-34.0068,151.697,2003-06-29,296.0,0.0,
-27.8389,153.53070000000002,2003-06-29,322.0,0.0,
-27.8389,153.8641,2003-06-29,319.0,0.0,
-17.8369,122.1911,2003-06-29,252.0,0.0,
-17.6702,168.03359999999998,2003-06-29,65.0,0.0,
-17.5035,122.02440000000001,2003-06-29,245.0,0.0,
-27.8389,153.8641,2003-06-30,269.0,0.0,
-27.1721,153.69740000000002,2003-06-30,242.0,0.0,
-17.5035,168.5337,2003-07-01,116.0,0.0,
-26.5053,153.36400000000003,2003-07-02,219.0,0.0,
-16.5033,146.0292,2003-07-02,328.0,0.0,
-16.5033,146.0292,2003-07-03,156.0,0.0,
-27.8389,153.69740000000002,2003-07-04,189.0,0.0,
-27.0054,153.53070000000002,2003-07-04,199.0,0.0,
-7.0014,148.02959999999996,2003-07-04,170.0,0.4,
-35.1737,151.03020000000004,2003-07-05,316.0,0.0,
-17.5035,122.02440000000001,2003-07-05,333.0,0.0,
-35.1737,151.03020000000004,2003-07-06,272.0,0.0,
-30.3394,153.36400000000003,2003-07-06,325.0,0.0,
-20.5041,116.5233,2003-07-06,124.0,0.0,
-20.5041,116.69,2003-07-06,110.0,0.0,
-17.5035,122.02440000000001,2003-07-06,297.0,0.0,
-27.8389,153.8641,2003-07-07,298.0,0.0,
-20.5041,116.5233,2003-07-07,107.0,0.0,
-27.0054,153.8641,2003-07-08,210.0,0.0,
-17.5035,122.02440000000001,2003-07-08,88.0,0.0,
-27.8389,153.36400000000003,2003-07-09,307.0,0.0,
-27.8389,153.53070000000002,2003-07-09,313.0,0.0,
-30.3394,153.19730000000004,2003-07-10,187.0,0.0,
-20.3374,116.5233,2003-07-10,106.0,0.0,
-17.5035,168.5337,2003-07-10,116.0,0.0,
-27.0054,153.8641,2003-07-11,80.0,0.1,
-20.3374,116.5233,2003-07-11,141.0,0.0,
-27.8389,153.69740000000002,2003-07-12,27.0,0.0,
-27.0054,153.8641,2003-07-12,47.0,0.0,
-26.5053,153.8641,2003-07-12,53.0,0.0,
-22.1711,114.18950000000001,2003-07-12,71.0,0.0,
-20.5041,116.5233,2003-07-12,87.0,0.0,
-17.5035,122.02440000000001,2003-07-12,107.0,0.0,
-28.0056,153.53070000000002,2003-07-13,157.0,0.3,
-17.5035,122.02440000000001,2003-07-13,87.0,0.0,
-34.0068,151.697,2003-07-14,242.0,0.0,
-20.3374,116.5233,2003-07-16,144.0,0.0,
-20.3374,116.5233,2003-07-17,109.0,0.0,
-27.0054,153.53070000000002,2003-07-18,163.0,0.0,
-21.8377,113.1893,2003-07-19,143.0,0.0,
-21.5043,114.52289999999999,2003-07-19,114.0,0.0,
-20.3374,116.5233,2003-07-19,98.0,0.0,
-17.5035,168.20029999999997,2003-07-21,127.0,1.2,
-4.8343,146.1959,2003-07-23,96.0,0.0,
-19.0038,147.3628,2003-07-24,197.0,0.0,
-35.3404,150.5301,2003-07-26,246.0,0.0,
-20.004,148.86310000000003,2003-07-26,147.0,0.0,
-19.0038,147.3628,2003-07-26,150.0,0.0,
-18.5037,146.52930000000003,2003-07-26,143.0,0.0,
-20.5041,116.69,2003-07-27,65.0,0.0,
-20.3374,116.5233,2003-07-27,203.0,0.0,
-17.5035,168.20029999999997,2003-07-27,122.0,0.0,
-34.6736,151.19690000000003,2003-07-28,277.0,0.0,
-20.3374,116.5233,2003-07-28,93.0,0.0,
-20.3374,116.5233,2003-07-29,100.0,0.0,
-20.5041,116.5233,2003-07-30,126.0,0.0,
-20.3374,116.5233,2003-07-30,141.0,0.0,
-19.1705,148.1963,2003-07-30,147.0,0.0,
-20.5041,116.5233,2003-07-31,103.0,0.0,
-20.3374,116.5233,2003-07-31,113.0,0.0,
-19.0038,147.3628,2003-07-31,177.0,0.0,
-20.5041,116.5233,2003-08-01,88.0,0.0,
-20.5041,116.69,2003-08-01,78.0,0.0,
-20.5041,117.19010000000003,2003-08-01,77.0,0.0,
-20.3374,116.5233,2003-08-01,97.0,0.0,
-19.6706,148.86310000000003,2003-08-01,147.0,0.0,
-21.8377,114.18950000000001,2003-08-02,105.0,0.0,
-20.5041,116.5233,2003-08-02,90.0,0.0,
-20.3374,116.5233,2003-08-02,97.0,0.0,
-20.3374,116.85669999999999,2003-08-02,98.0,0.0,
-20.1707,149.3632,2003-08-02,144.0,0.0,
-20.004,116.35660000000001,2003-08-02,100.0,0.0,
-17.5035,168.5337,2003-08-02,169.0,0.0,
-36.5073,150.19669999999996,2003-08-03,39.0,0.0,
-30.3394,153.19730000000004,2003-08-03,170.0,0.0,
-30.3394,153.36400000000003,2003-08-03,195.0,0.0,
-20.5041,116.5233,2003-08-03,126.0,0.0,
-20.5041,116.69,2003-08-03,63.0,0.0,
-20.5041,117.02339999999998,2003-08-03,66.0,0.0,
-20.3374,116.5233,2003-08-03,142.0,0.0,
-20.3374,116.85669999999999,2003-08-03,140.0,0.0,
-20.004,116.35660000000001,2003-08-03,143.0,0.0,
-20.8375,149.19650000000001,2003-08-04,121.0,0.0,
-20.5041,116.5233,2003-08-04,243.0,0.0,
-20.5041,116.69,2003-08-04,266.0,0.0,
-20.5041,117.02339999999998,2003-08-04,281.0,0.0,
-20.3374,116.5233,2003-08-04,227.0,0.0,
-20.3374,116.85669999999999,2003-08-04,236.0,0.0,
-20.1707,116.5233,2003-08-04,227.0,0.0,
-18.6704,146.86270000000002,2003-08-04,125.0,0.0,
-28.1723,153.8641,2003-08-06,331.0,0.0,
-19.0038,147.3628,2003-08-06,129.0,0.0,
-17.5035,122.02440000000001,2003-08-06,297.0,0.0,
-20.5041,116.5233,2003-08-07,305.0,0.0,
-19.0038,147.3628,2003-08-07,139.0,0.0,
-17.5035,122.02440000000001,2003-08-07,333.0,0.0,
-20.5041,116.5233,2003-08-08,285.0,0.0,
-20.3374,116.5233,2003-08-08,268.0,0.0,
-28.0056,153.53070000000002,2003-08-09,203.0,0.0,
-19.0038,147.3628,2003-08-09,128.0,0.0,
-28.0056,153.53070000000002,2003-08-10,177.0,0.0,
-21.5043,113.68939999999998,2003-08-10,293.0,0.0,
-20.3374,116.5233,2003-08-10,218.0,0.0,
-19.0038,147.3628,2003-08-10,101.0,0.0,
-9.5019,147.1961,2003-08-10,163.0,0.0,
-7.0014,147.1961,2003-08-10,133.0,1.5,
-16.5033,146.0292,2003-08-11,124.0,0.0,
-26.0052,153.19730000000004,2003-08-12,342.0,0.0,
-27.8389,153.69740000000002,2003-08-13,337.0,0.0,
-19.0038,147.3628,2003-08-14,44.0,0.0,
-16.3366,146.0292,2003-08-15,119.0,0.0,
-18.0036,146.52930000000003,2003-08-16,153.0,0.0,
-33.8401,151.36360000000002,2003-08-17,352.0,0.0,
-33.6734,151.36360000000002,2003-08-17,349.0,0.0,
-19.0038,147.3628,2003-08-17,124.0,0.0,
-17.5035,122.02440000000001,2003-08-17,274.0,0.0,
-7.0014,147.69619999999998,2003-08-17,161.0,0.0,
-18.1703,146.69600000000003,2003-08-18,109.0,0.0,
-16.5033,146.52930000000003,2003-08-18,110.0,0.0,
-19.0038,147.3628,2003-08-19,243.0,0.0,
-18.0036,146.52930000000003,2003-08-19,189.0,0.1,
-36.5073,150.19669999999996,2003-08-20,170.0,0.0,
-18.0036,146.52930000000003,2003-08-20,147.0,0.0,
-17.5035,122.02440000000001,2003-08-20,217.0,0.0,
-17.5035,122.02440000000001,2003-08-21,249.0,0.0,
-20.004,148.86310000000003,2003-08-22,20.0,0.0,
-19.0038,147.3628,2003-08-22,31.0,0.0,
-18.1703,146.69600000000003,2003-08-22,29.0,0.0,
-17.5035,122.02440000000001,2003-08-22,233.0,0.0,
-30.3394,153.36400000000003,2003-08-23,2.0,0.0,
-19.0038,147.3628,2003-08-23,28.0,0.0,
-18.6704,146.52930000000003,2003-08-23,26.0,0.0,
-18.1703,147.1961,2003-08-23,39.0,0.0,
-17.5035,122.02440000000001,2003-08-23,179.0,0.0,
-7.0014,147.1961,2003-08-23,117.0,0.0,
-7.0014,147.3628,2003-08-23,117.0,0.0,
-19.0038,147.3628,2003-08-24,317.0,0.0,
-18.6704,146.52930000000003,2003-08-24,349.0,0.0,
-18.337,146.52930000000003,2003-08-24,301.0,0.0,
-17.5035,122.02440000000001,2003-08-24,113.0,0.0,
-7.0014,147.1961,2003-08-24,48.0,0.0,
-7.0014,147.3628,2003-08-24,48.0,0.0,
-17.8369,122.1911,2003-08-25,120.0,0.0,
-17.5035,122.02440000000001,2003-08-25,123.0,0.0,
-21.5043,115.02300000000002,2003-08-26,77.0,0.0,
-21.1709,115.02300000000002,2003-08-26,80.0,0.0,
-19.8373,149.02980000000002,2003-08-26,124.0,0.0,
-17.5035,122.02440000000001,2003-08-26,111.0,0.0,
-21.1709,115.02300000000002,2003-08-27,75.0,0.0,
-19.8373,149.02980000000002,2003-08-27,139.0,0.0,
-17.5035,122.02440000000001,2003-08-27,124.0,0.0,
-21.1709,115.02300000000002,2003-08-28,177.0,0.0,
-17.5035,122.02440000000001,2003-08-28,331.0,0.0,
-28.0056,153.53070000000002,2003-08-29,125.0,0.0,
-21.1709,115.02300000000002,2003-08-29,182.0,0.0,
-20.5041,116.5233,2003-08-29,259.0,0.0,
-17.8369,168.36699999999996,2003-08-29,138.0,0.0,
-26.672,153.36400000000003,2003-08-30,358.0,0.0,
-26.5053,153.53070000000002,2003-08-30,358.0,0.0,
-16.8367,146.0292,2003-08-30,136.0,0.1,
-21.8377,114.3562,2003-08-31,98.0,0.0,
-19.1705,147.0294,2003-08-31,68.0,0.2,
-19.0038,147.3628,2003-08-31,86.0,0.0,
-19.0038,147.69619999999998,2003-08-31,86.0,0.0,
-18.337,146.69600000000003,2003-08-31,90.0,0.0,
-17.8369,146.69600000000003,2003-08-31,93.0,0.0,
-7.0014,148.02959999999996,2003-08-31,182.0,0.6,
-19.1705,147.0294,2003-09-01,316.0,0.0,
-19.0038,147.3628,2003-09-01,292.0,0.0,
-18.6704,146.86270000000002,2003-09-01,290.0,0.0,
-19.1705,147.0294,2003-09-02,177.0,0.0,
-19.0038,147.3628,2003-09-02,181.0,0.0,
-18.6704,146.86270000000002,2003-09-02,183.0,0.0,
-18.6704,147.0294,2003-09-02,185.0,0.0,
-18.6704,147.52949999999998,2003-09-02,182.0,0.0,
-29.0058,168.03359999999998,2003-09-03,257.0,0.0,
-26.5053,153.53070000000002,2003-09-03,212.0,0.0,
-24.6716,153.19730000000004,2003-09-03,207.0,0.0,
-19.1705,147.1961,2003-09-03,144.0,0.0,
-19.0038,147.3628,2003-09-03,148.0,0.0,
-18.6704,146.86270000000002,2003-09-03,155.0,0.0,
-18.6704,147.0294,2003-09-03,153.0,0.0,
-18.337,146.69600000000003,2003-09-03,163.0,0.0,
-28.0056,153.53070000000002,2003-09-04,170.0,0.0,
-19.1705,147.0294,2003-09-04,113.0,0.0,
-19.0038,147.3628,2003-09-04,123.0,0.0,
-18.6704,146.86270000000002,2003-09-04,127.0,0.0,
-18.6704,147.0294,2003-09-04,125.0,0.0,
-18.337,146.69600000000003,2003-09-04,132.0,0.0,
-4.8343,146.1959,2003-09-04,160.0,0.0,
-26.5053,153.53070000000002,2003-09-05,157.0,0.0,
-28.1723,153.8641,2003-09-06,165.0,0.0,
-26.5053,153.53070000000002,2003-09-06,307.0,0.0,
-21.5043,114.52289999999999,2003-09-06,205.0,0.0,
-18.1703,146.3626,2003-09-06,115.0,0.1,
-18.1703,146.52930000000003,2003-09-06,117.0,0.0,
-18.1703,146.69600000000003,2003-09-06,111.0,0.0,
-17.8369,146.52930000000003,2003-09-06,114.0,0.0,
-17.8369,168.36699999999996,2003-09-06,132.0,0.0,
-30.3394,153.36400000000003,2003-09-07,161.0,0.0,
-30.3394,153.53070000000002,2003-09-07,174.0,0.0,
-18.6704,146.86270000000002,2003-09-07,118.0,0.0,
-18.1703,146.52930000000003,2003-09-07,118.0,0.0,
-18.1703,146.69600000000003,2003-09-07,116.0,0.0,
-18.0036,146.3626,2003-09-07,112.0,0.0,
-18.0036,146.52930000000003,2003-09-07,116.0,0.0,
-18.1703,146.69600000000003,2003-09-08,128.0,0.0,
-18.0036,146.3626,2003-09-08,126.0,0.0,
-18.0036,146.52930000000003,2003-09-08,130.0,0.0,
-17.5035,122.02440000000001,2003-09-08,287.0,0.0,
-17.5035,122.02440000000001,2003-09-09,252.0,0.0,
-16.1699,145.8625,2003-09-11,116.0,0.0,
-16.1699,145.8625,2003-09-12,123.0,0.0,
-15.6698,145.69579999999996,2003-09-12,111.0,0.0,
-15.6698,145.8625,2003-09-12,111.0,0.0,
-34.6736,151.19690000000003,2003-09-13,234.0,0.0,
-34.0068,151.5303,2003-09-13,258.0,0.0,
-34.0068,151.697,2003-09-13,257.0,0.0,
-31.3396,153.19730000000004,2003-09-13,135.0,0.0,
-17.5035,168.5337,2003-09-13,92.0,0.0,
-7.0014,147.69619999999998,2003-09-13,157.0,0.0,
-6.668,147.0294,2003-09-13,133.0,0.0,
-35.3404,150.5301,2003-09-14,294.0,0.0,
-34.0068,151.697,2003-09-14,321.0,0.0,
-30.3394,153.36400000000003,2003-09-14,11.0,0.0,
-26.5053,153.53070000000002,2003-09-14,31.0,0.0,
-6.668,147.0294,2003-09-14,97.0,0.2,
-17.6702,168.03359999999998,2003-09-15,95.0,0.0,
-17.5035,168.5337,2003-09-15,109.0,0.0,
-16.5033,146.0292,2003-09-15,354.0,0.0,
-16.3366,146.0292,2003-09-15,346.0,0.0,
-17.8369,168.36699999999996,2003-09-16,347.0,0.0,
-17.5035,168.5337,2003-09-16,353.0,0.0,
-16.67,167.8669,2003-09-16,122.0,0.0,
-4.8343,145.8625,2003-09-16,93.0,0.3,
-30.3394,153.36400000000003,2003-09-17,23.0,0.0,
-24.6716,153.19730000000004,2003-09-17,274.0,0.0,
-19.0038,147.3628,2003-09-17,123.0,0.0,
-17.5035,168.5337,2003-09-17,246.0,0.0,
-16.3366,146.0292,2003-09-17,131.0,0.0,
-30.3394,153.36400000000003,2003-09-18,44.0,0.0,
-29.3392,153.69740000000002,2003-09-18,104.0,0.0,
-26.5053,153.36400000000003,2003-09-18,345.0,0.0,
-26.5053,153.53070000000002,2003-09-18,335.0,0.0,
-17.5035,122.02440000000001,2003-09-18,298.0,0.0,
-17.5035,168.5337,2003-09-18,109.0,0.0,
-30.3394,153.69740000000002,2003-09-19,39.0,0.0,
-26.5053,153.53070000000002,2003-09-19,359.0,0.0,
-21.671,114.02280000000002,2003-09-19,244.0,0.0,
-21.3376,-171.5343,2003-09-19,97.0,0.0,
-19.8373,150.19669999999996,2003-09-19,6.0,0.0,
-14.5029,145.52909999999997,2003-09-19,123.0,0.0,
-34.5069,151.03020000000004,2003-09-20,119.0,0.0,
-34.3402,151.19690000000003,2003-09-20,119.0,0.0,
-34.1735,151.5303,2003-09-20,155.0,0.0,
-34.0068,151.697,2003-09-20,156.0,0.0,
-34.0068,151.8637,2003-09-20,156.0,0.0,
-33.8401,151.5303,2003-09-20,140.0,0.0,
-30.3394,153.19730000000004,2003-09-20,157.0,0.0,
-30.3394,153.36400000000003,2003-09-20,166.0,0.0,
-30.3394,153.53070000000002,2003-09-20,170.0,0.0,
-30.006,153.53070000000002,2003-09-20,167.0,0.0,
-28.1723,154.0308,2003-09-20,169.0,0.0,
-26.672,153.19730000000004,2003-09-20,135.0,0.0,
-26.672,153.53070000000002,2003-09-20,354.0,0.0,
-26.5053,153.19730000000004,2003-09-20,126.0,0.0,
-26.5053,153.53070000000002,2003-09-20,349.0,0.0,
-20.004,116.85669999999999,2003-09-20,217.0,0.0,
-18.6704,146.86270000000002,2003-09-20,37.0,0.0,
-18.6704,147.0294,2003-09-20,41.0,0.0,
-17.6702,146.3626,2003-09-20,64.0,0.0,
-17.5035,146.3626,2003-09-20,70.0,0.0,
-17.5035,146.52930000000003,2003-09-20,72.0,0.0,
-17.1701,146.3626,2003-09-20,82.0,0.0,
-16.67,146.3626,2003-09-20,110.0,0.0,
-15.3364,145.69579999999996,2003-09-20,115.0,0.0,
-15.1697,145.69579999999996,2003-09-20,115.0,0.0,
-14.0028,145.1957,2003-09-20,111.0,0.0,
-34.5069,151.03020000000004,2003-09-21,25.0,0.1,
-34.3402,151.19690000000003,2003-09-21,25.0,0.1,
-34.0068,151.8637,2003-09-21,348.0,0.0,
-33.8401,151.697,2003-09-21,357.0,0.0,
-30.3394,153.36400000000003,2003-09-21,8.0,0.0,
-30.006,153.36400000000003,2003-09-21,9.0,0.0,
-26.5053,153.53070000000002,2003-09-21,81.0,0.0,
-20.004,148.86310000000003,2003-09-21,95.0,0.0,
-18.6704,147.0294,2003-09-21,97.0,0.0,
-17.5035,146.3626,2003-09-21,128.0,0.0,
-6.8347,147.0294,2003-09-21,97.0,0.0,
-34.0068,151.5303,2003-09-22,29.0,0.0,
-30.3394,153.19730000000004,2003-09-22,35.0,0.0,
-30.3394,153.36400000000003,2003-09-22,18.0,0.0,
-26.5053,153.53070000000002,2003-09-22,360.0,0.0,
-20.004,148.86310000000003,2003-09-22,90.0,0.0,
-19.8373,150.19669999999996,2003-09-22,94.0,0.0,
-16.3366,146.0292,2003-09-22,129.0,0.0,
-30.006,153.36400000000003,2003-09-23,354.0,0.0,
-17.6702,168.03359999999998,2003-09-23,124.0,0.0,
-16.5033,146.0292,2003-09-24,120.0,0.0,
-16.3366,146.0292,2003-09-25,128.0,0.0,
-16.3366,146.0292,2003-09-26,121.0,0.0,
-16.1699,146.86270000000002,2003-09-26,122.0,0.0,
-17.8369,168.36699999999996,2003-09-27,105.0,0.0,
-16.3366,146.0292,2003-09-27,147.0,0.0,
-21.8377,114.18950000000001,2003-09-28,222.0,0.0,
-21.8377,114.3562,2003-09-28,222.0,0.0,
-21.8377,114.52289999999999,2003-09-28,230.0,0.0,
-20.3374,116.5233,2003-09-28,245.0,0.0,
-16.3366,146.0292,2003-09-28,134.0,0.0,
-7.0014,147.69619999999998,2003-09-28,148.0,0.0,
-16.3366,146.0292,2003-09-29,131.0,0.0,
-18.6704,147.0294,2003-09-30,27.0,0.0,
-19.0038,147.3628,2003-10-01,41.0,0.0,
-16.1699,145.8625,2003-10-01,103.0,0.0,
-16.0032,145.8625,2003-10-01,110.0,0.0,
-15.3364,145.69579999999996,2003-10-01,112.0,0.0,
-14.8363,145.69579999999996,2003-10-01,113.0,0.0,
-16.3366,146.0292,2003-10-02,352.0,0.0,
-14.8363,145.69579999999996,2003-10-02,86.0,0.0,
-16.5033,146.0292,2003-10-03,5.0,0.0,
-15.6698,145.69579999999996,2003-10-03,360.0,0.0,
-15.6698,145.8625,2003-10-03,360.0,0.0,
-6.8347,147.0294,2003-10-03,119.0,0.0,
-34.1735,151.19690000000003,2003-10-04,118.0,0.0,
-34.1735,151.36360000000002,2003-10-04,153.0,0.0,
-34.0068,151.5303,2003-10-04,152.0,0.0,
-34.0068,151.697,2003-10-04,165.0,0.0,
-33.8401,151.36360000000002,2003-10-04,136.0,0.0,
-33.8401,152.0304,2003-10-04,168.0,0.0,
-33.5067,151.36360000000002,2003-10-04,135.0,0.0,
-33.5067,151.5303,2003-10-04,144.0,0.1,
-30.3394,153.19730000000004,2003-10-04,154.0,0.2,
-17.8369,146.1959,2003-10-04,117.0,0.0,
-17.8369,146.3626,2003-10-04,143.0,0.0,
-15.3364,145.69579999999996,2003-10-04,148.0,0.0,
-11.669,136.52729999999997,2003-10-04,73.0,0.0,
-11.669,136.69399999999996,2003-10-04,125.0,0.0,
-35.1737,151.03020000000004,2003-10-05,41.0,0.0,
-34.3402,151.36360000000002,2003-10-05,49.0,0.0,
-34.0068,151.697,2003-10-05,50.0,0.0,
-34.0068,151.8637,2003-10-05,50.0,0.0,
-33.8401,151.36360000000002,2003-10-05,57.0,0.0,
-33.8401,151.697,2003-10-05,49.0,0.0,
-33.5067,151.8637,2003-10-05,49.0,0.0,
-33.0066,151.8637,2003-10-05,53.0,0.0,
-33.0066,152.53049999999996,2003-10-05,51.0,0.0,
-32.6732,152.53049999999996,2003-10-05,54.0,0.0,
-26.8387,153.53070000000002,2003-10-05,44.0,0.0,
-26.672,153.19730000000004,2003-10-05,63.0,0.0,
-26.672,153.36400000000003,2003-10-05,56.0,0.0,
-26.5053,153.19730000000004,2003-10-05,70.0,0.0,
-26.5053,153.36400000000003,2003-10-05,65.0,0.0,
-26.5053,153.53070000000002,2003-10-05,56.0,0.0,
-16.3366,146.0292,2003-10-05,141.0,0.0,
-15.3364,145.69579999999996,2003-10-05,137.0,0.0,
-14.8363,145.69579999999996,2003-10-05,128.0,0.0,
-26.672,153.36400000000003,2003-10-06,6.0,0.0,
-26.5053,153.19730000000004,2003-10-06,7.0,0.0,
-26.5053,153.36400000000003,2003-10-06,6.0,0.0,
-15.3364,145.69579999999996,2003-10-06,110.0,0.0,
-26.672,153.36400000000003,2003-10-07,218.0,0.7,
-26.5053,153.19730000000004,2003-10-07,189.0,0.9,
-26.5053,153.36400000000003,2003-10-07,198.0,0.3,
-16.3366,146.0292,2003-10-07,105.0,0.0,
-15.3364,145.69579999999996,2003-10-07,121.0,0.0,
-15.1697,145.69579999999996,2003-10-07,121.0,0.0,
-26.672,153.19730000000004,2003-10-08,117.0,0.2,
-26.672,153.36400000000003,2003-10-08,128.0,0.0,
-26.5053,153.19730000000004,2003-10-08,114.0,0.2,
-26.5053,153.36400000000003,2003-10-08,132.0,0.0,
-15.003,145.69579999999996,2003-10-08,136.0,0.0,
-26.672,153.19730000000004,2003-10-09,76.0,0.0,
-26.672,153.53070000000002,2003-10-09,29.0,0.0,
-26.5053,153.19730000000004,2003-10-09,50.0,0.0,
-26.5053,153.36400000000003,2003-10-09,49.0,0.0,
-15.3364,145.69579999999996,2003-10-09,131.0,0.0,
-14.8363,145.69579999999996,2003-10-09,131.0,0.0,
-27.8389,153.36400000000003,2003-10-10,16.0,0.0,
-26.672,153.19730000000004,2003-10-10,130.0,0.0,
-26.672,153.36400000000003,2003-10-10,135.0,0.0,
-26.5053,153.19730000000004,2003-10-10,103.0,0.1,
-26.5053,153.36400000000003,2003-10-10,122.0,0.0,
-14.8363,145.69579999999996,2003-10-10,131.0,0.0,
-7.0014,147.69619999999998,2003-10-10,180.0,0.6,
-6.8347,147.0294,2003-10-10,112.0,0.5,
-26.672,153.19730000000004,2003-10-11,166.0,0.0,
-26.672,153.36400000000003,2003-10-11,158.0,0.0,
-26.5053,153.19730000000004,2003-10-11,159.0,0.0,
-26.5053,153.36400000000003,2003-10-11,158.0,0.0,
-26.5053,153.53070000000002,2003-10-11,170.0,0.0,
-21.671,114.02280000000002,2003-10-11,101.0,0.0,
-18.1703,147.3628,2003-10-11,128.0,0.0,
-16.3366,146.0292,2003-10-11,139.0,0.0,
-15.003,145.69579999999996,2003-10-11,148.0,0.0,
-14.8363,145.69579999999996,2003-10-11,146.0,0.0,
-21.8377,114.52289999999999,2003-10-12,303.0,0.0,
-18.1703,147.3628,2003-10-12,103.0,0.0,
-14.8363,145.69579999999996,2003-10-12,119.0,0.0,
-14.6696,145.69579999999996,2003-10-12,119.0,0.0,
-27.8389,153.36400000000003,2003-10-13,144.0,0.0,
-20.3374,116.5233,2003-10-13,232.0,0.0,
-15.003,145.69579999999996,2003-10-13,121.0,0.0,
-14.8363,145.69579999999996,2003-10-13,121.0,0.0,
-14.6696,145.69579999999996,2003-10-13,121.0,0.0,
-15.1697,145.69579999999996,2003-10-14,129.0,0.0,
-14.8363,145.69579999999996,2003-10-14,127.0,0.0,
-34.0068,151.36360000000002,2003-10-15,36.0,0.0,
-26.672,153.53070000000002,2003-10-15,141.0,0.0,
-26.5053,153.36400000000003,2003-10-15,133.0,0.0,
-15.8365,145.69579999999996,2003-10-15,128.0,0.0,
-14.8363,145.69579999999996,2003-10-15,124.0,0.0,
-14.6696,145.69579999999996,2003-10-15,124.0,0.0,
-15.3364,145.69579999999996,2003-10-16,127.0,0.0,
-14.8363,145.69579999999996,2003-10-16,127.0,0.0,
-14.6696,145.36239999999998,2003-10-16,125.0,0.0,
-26.672,153.19730000000004,2003-10-17,159.0,1.8,
-26.5053,153.19730000000004,2003-10-17,153.0,0.0,
-15.1697,145.69579999999996,2003-10-17,137.0,0.0,
-36.5073,150.19669999999996,2003-10-18,47.0,0.0,
-36.3406,150.19669999999996,2003-10-18,55.0,0.0,
-33.0066,151.8637,2003-10-18,94.0,0.0,
-27.8389,153.53070000000002,2003-10-18,91.0,0.1,
-27.0054,153.53070000000002,2003-10-18,100.0,0.5,
-26.672,153.19730000000004,2003-10-18,98.0,0.1,
-26.5053,153.36400000000003,2003-10-18,103.0,0.8,
-20.004,148.86310000000003,2003-10-18,132.0,0.0,
-16.1699,145.8625,2003-10-18,136.0,0.0,
-16.0032,145.8625,2003-10-18,135.0,0.0,
-15.6698,145.8625,2003-10-18,133.0,0.0,
-14.8363,145.69579999999996,2003-10-18,130.0,0.0,
-14.1695,136.36059999999998,2003-10-18,360.0,0.0,
-12.0024,136.52729999999997,2003-10-18,49.0,0.0,
-12.0024,136.69399999999996,2003-10-18,59.0,0.0,
-33.8401,151.36360000000002,2003-10-19,30.0,0.0,
-33.8401,151.697,2003-10-19,36.0,0.0,
-33.5067,151.5303,2003-10-19,26.0,0.0,
-26.8387,153.36400000000003,2003-10-19,57.0,0.0,
-26.5053,153.36400000000003,2003-10-19,61.0,0.0,
-20.5041,116.5233,2003-10-19,64.0,0.0,
-20.3374,116.5233,2003-10-19,70.0,0.0,
-14.8363,145.69579999999996,2003-10-19,139.0,0.0,
-14.5029,145.52909999999997,2003-10-19,137.0,0.0,
-14.1695,136.36059999999998,2003-10-19,340.0,0.0,
-12.0024,136.69399999999996,2003-10-19,61.0,0.0,
-20.3374,116.5233,2003-10-20,41.0,0.0,
-14.8363,145.69579999999996,2003-10-20,134.0,0.0,
-14.6696,145.69579999999996,2003-10-20,134.0,0.0,
-14.5029,145.52909999999997,2003-10-20,127.0,0.0,
-26.8387,153.53070000000002,2003-10-21,149.0,0.0,
-14.8363,145.69579999999996,2003-10-21,344.0,0.0,
-19.1705,147.0294,2003-10-22,360.0,0.0,
-18.5037,-174.2015,2003-10-22,313.0,1.6,
-14.8363,145.69579999999996,2003-10-22,77.0,0.0,
-14.8363,145.69579999999996,2003-10-23,29.0,0.0,
-26.5053,153.19730000000004,2003-10-24,7.0,0.0,
-21.8377,114.18950000000001,2003-10-24,240.0,0.0,
-21.8377,114.3562,2003-10-24,240.0,0.0,
-16.3366,146.0292,2003-10-24,34.0,0.0,
-14.8363,145.69579999999996,2003-10-24,59.0,0.0,
-33.0066,152.53049999999996,2003-10-25,53.0,0.0,
-21.8377,114.3562,2003-10-25,249.0,0.0,
-15.003,145.69579999999996,2003-10-25,101.0,0.0,
-14.8363,145.69579999999996,2003-10-25,102.0,0.0,
-14.5029,145.52909999999997,2003-10-25,103.0,0.0,
-29.0058,168.03359999999998,2003-10-26,331.0,0.0,
-21.8377,114.18950000000001,2003-10-26,237.0,0.0,
-19.8373,149.02980000000002,2003-10-26,321.0,0.0,
-16.3366,146.0292,2003-10-26,39.0,0.0,
-14.8363,145.69579999999996,2003-10-26,115.0,0.0,
-7.0014,147.69619999999998,2003-10-26,125.0,0.0,
-4.8343,146.1959,2003-10-26,133.0,0.0,
-21.8377,114.18950000000001,2003-10-27,200.0,0.0,
-21.8377,114.3562,2003-10-27,200.0,0.0,
-17.8369,146.1959,2003-10-27,43.0,0.0,
-16.0032,145.8625,2003-10-27,7.0,0.0,
-14.8363,145.69579999999996,2003-10-27,21.0,0.0,
-30.3394,153.36400000000003,2003-10-28,12.0,0.0,
-17.5035,168.5337,2003-10-28,125.0,0.0,
-15.003,145.69579999999996,2003-10-28,357.0,0.0,
-14.8363,145.69579999999996,2003-10-28,346.0,0.0,
-21.8377,114.18950000000001,2003-10-29,215.0,0.0,
-21.671,114.02280000000002,2003-10-29,210.0,0.0,
-15.003,145.69579999999996,2003-10-29,1.0,0.0,
-14.8363,145.69579999999996,2003-10-29,360.0,0.0,
-29.0058,168.03359999999998,2003-10-30,325.0,0.0,
-28.0056,153.8641,2003-10-30,97.0,0.0,
-21.8377,114.18950000000001,2003-10-30,228.0,0.0,
-21.5043,113.68939999999998,2003-10-30,215.0,0.0,
-16.3366,146.0292,2003-10-30,352.0,0.0,
-15.3364,145.69579999999996,2003-10-30,8.0,0.0,
-15.1697,145.69579999999996,2003-10-30,8.0,0.0,
-15.003,145.69579999999996,2003-10-30,18.0,0.0,
-33.8401,151.697,2003-10-31,329.0,0.0,
-15.3364,145.69579999999996,2003-10-31,96.0,0.0,
-15.1697,145.69579999999996,2003-10-31,96.0,0.0,
-14.8363,145.69579999999996,2003-10-31,98.0,0.0,
-36.5073,150.19669999999996,2003-11-01,225.0,0.0,
-33.6734,151.36360000000002,2003-11-01,257.0,0.0,
-16.3366,146.0292,2003-11-01,84.0,0.0,
-15.8365,145.69579999999996,2003-11-01,116.0,0.0,
-15.3364,145.69579999999996,2003-11-01,126.0,0.0,
-11.8357,136.52729999999997,2003-11-01,12.0,0.0,
-34.6736,138.52769999999998,2003-11-02,199.0,0.0,
-34.5069,150.8635,2003-11-02,182.0,1.5,
-31.3396,153.19730000000004,2003-11-02,223.0,0.0,
-30.8395,153.0306,2003-11-02,261.0,0.0,
-30.3394,153.36400000000003,2003-11-02,180.0,0.0,
-27.8389,153.8641,2003-11-02,326.0,0.0,
-27.3388,153.69740000000002,2003-11-02,257.0,0.0,
-24.6716,153.19730000000004,2003-11-02,186.0,0.0,
-24.3382,153.19730000000004,2003-11-02,182.0,0.0,
-20.004,116.85669999999999,2003-11-02,299.0,0.0,
-16.3366,146.0292,2003-11-02,150.0,0.0,
-16.0032,145.8625,2003-11-02,118.0,0.0,
-15.8365,145.69579999999996,2003-11-02,137.0,0.0,
-15.5031,145.8625,2003-11-02,156.0,0.0,
-12.0024,136.52729999999997,2003-11-02,347.0,0.0,
-7.0014,147.69619999999998,2003-11-02,197.0,0.0,
-24.6716,153.19730000000004,2003-11-03,135.0,0.0,
-16.67,146.3626,2003-11-03,134.0,0.0,
-16.3366,146.0292,2003-11-03,148.0,0.0,
-15.8365,145.69579999999996,2003-11-03,149.0,0.0,
-15.6698,145.8625,2003-11-03,149.0,0.0,
-15.3364,145.69579999999996,2003-11-03,140.0,0.0,
-12.0024,136.52729999999997,2003-11-03,83.0,0.0,
-12.0024,136.8607,2003-11-03,44.0,0.0,
-11.8357,136.52729999999997,2003-11-03,356.0,0.0,
-11.669,136.69399999999996,2003-11-03,55.0,0.0,
-11.669,136.8607,2003-11-03,55.0,0.0,
-7.0014,147.69619999999998,2003-11-03,90.0,0.0,
-36.5073,150.19669999999996,2003-11-04,48.0,0.0,
-17.5035,168.5337,2003-11-04,117.0,0.0,
-15.8365,145.69579999999996,2003-11-04,124.0,0.0,
-15.003,145.69579999999996,2003-11-04,126.0,0.0,
-14.8363,145.69579999999996,2003-11-04,129.0,0.0,
-12.0024,136.52729999999997,2003-11-04,64.0,0.0,
-12.0024,136.8607,2003-11-04,69.0,0.0,
-11.669,136.69399999999996,2003-11-04,84.0,0.0,
-24.8383,153.69740000000002,2003-11-05,113.0,0.0,
-16.1699,146.1959,2003-11-05,120.0,0.0,
-15.3364,145.69579999999996,2003-11-05,119.0,0.0,
-14.8363,145.69579999999996,2003-11-05,120.0,0.0,
-14.1695,145.36239999999998,2003-11-05,122.0,0.0,
-11.8357,136.52729999999997,2003-11-05,75.0,0.0,
-11.669,136.69399999999996,2003-11-05,79.0,0.0,
-14.8363,145.69579999999996,2003-11-06,128.0,0.0,
-12.0024,136.52729999999997,2003-11-06,67.0,0.0,
-30.3394,153.19730000000004,2003-11-07,59.0,0.0,
-30.3394,153.36400000000003,2003-11-07,48.0,0.0,
-26.5053,153.8641,2003-11-07,82.0,0.0,
-16.0032,145.8625,2003-11-07,139.0,0.0,
-15.5031,145.69579999999996,2003-11-07,138.0,0.0,
-35.1737,151.03020000000004,2003-11-08,59.0,0.0,
-35.007,151.19690000000003,2003-11-08,53.0,0.0,
-34.8403,151.03020000000004,2003-11-08,70.0,0.0,
-34.6736,138.52769999999998,2003-11-08,219.0,0.0,
-34.6736,151.19690000000003,2003-11-08,68.0,0.0,
-32.6732,152.53049999999996,2003-11-08,72.0,0.5,
-32.5065,152.53049999999996,2003-11-08,81.0,0.1,
-26.5053,153.36400000000003,2003-11-08,105.0,0.0,
-20.5041,117.02339999999998,2003-11-08,315.0,0.0,
-20.004,148.86310000000003,2003-11-08,115.0,0.0,
-16.1699,145.8625,2003-11-08,131.0,0.2,
-14.8363,145.69579999999996,2003-11-08,123.0,0.0,
-32.6732,152.53049999999996,2003-11-09,57.0,0.0,
-26.3386,153.36400000000003,2003-11-09,126.0,0.0,
-14.8363,145.69579999999996,2003-11-09,134.0,0.0,
-7.0014,147.69619999999998,2003-11-09,118.0,0.2,
-14.8363,145.69579999999996,2003-11-10,130.0,0.0,
-34.0068,151.8637,2003-11-11,23.0,0.0,
-17.5035,168.5337,2003-11-11,119.0,0.0,
-14.8363,145.69579999999996,2003-11-11,130.0,0.0,
-34.0068,151.5303,2003-11-12,157.0,0.0,
-26.672,153.19730000000004,2003-11-12,84.0,0.0,
-17.5035,168.5337,2003-11-12,123.0,0.0,
-14.8363,145.69579999999996,2003-11-12,133.0,0.0,
-14.5029,145.52909999999997,2003-11-12,132.0,0.0,
-17.5035,168.5337,2003-11-13,117.0,0.0,
-16.0032,145.8625,2003-11-13,138.0,0.0,
-14.5029,145.52909999999997,2003-11-13,133.0,0.0,
-34.6736,138.52769999999998,2003-11-14,309.0,0.0,
-16.1699,145.8625,2003-11-14,130.0,0.1,
-14.8363,145.69579999999996,2003-11-14,128.0,0.0,
-34.6736,138.52769999999998,2003-11-15,226.0,0.0,
-34.6736,151.19690000000003,2003-11-15,23.0,0.0,
-33.0066,152.53049999999996,2003-11-15,26.0,0.0,
-28.0056,153.53070000000002,2003-11-15,37.0,0.0,
-27.5055,153.69740000000002,2003-11-15,60.0,0.0,
-14.8363,145.69579999999996,2003-11-15,133.0,0.0,
-34.5069,151.19690000000003,2003-11-16,178.0,0.0,
-27.1721,154.0308,2003-11-16,358.0,0.0,
-26.5053,153.19730000000004,2003-11-16,41.0,0.0,
-21.8377,114.3562,2003-11-16,307.0,0.0,
-15.3364,145.69579999999996,2003-11-16,138.0,0.0,
-7.0014,147.69619999999998,2003-11-16,124.0,0.0,
-4.5009,146.0292,2003-11-16,73.0,0.2,
-24.5049,153.19730000000004,2003-11-17,51.0,0.0,
-19.8373,149.02980000000002,2003-11-17,99.0,0.0,
-16.3366,146.0292,2003-11-17,136.0,0.0,
-15.3364,145.69579999999996,2003-11-17,132.0,0.0,
-14.8363,145.69579999999996,2003-11-17,131.0,0.0,
-20.1707,149.3632,2003-11-18,115.0,0.0,
-17.5035,168.5337,2003-11-18,98.0,0.0,
-16.0032,145.8625,2003-11-18,131.0,0.1,
-15.003,145.69579999999996,2003-11-18,122.0,0.0,
-14.8363,145.69579999999996,2003-11-18,121.0,0.0,
-27.0054,153.8641,2003-11-19,11.0,0.0,
-16.3366,146.0292,2003-11-19,131.0,0.0,
-16.1699,145.8625,2003-11-19,133.0,0.0,
-16.0032,145.8625,2003-11-19,135.0,0.0,
-15.3364,145.69579999999996,2003-11-19,134.0,0.0,
-14.3362,136.36059999999998,2003-11-19,99.0,0.0,
-27.8389,153.69740000000002,2003-11-20,4.0,0.0,
-27.1721,153.53070000000002,2003-11-20,16.0,0.0,
-16.3366,146.0292,2003-11-20,128.0,0.0,
-16.1699,145.8625,2003-11-20,130.0,0.0,
-35.1737,151.03020000000004,2003-11-21,166.0,0.0,
-35.007,151.03020000000004,2003-11-21,178.0,0.5,
-34.8403,151.03020000000004,2003-11-21,171.0,0.2,
-34.6736,138.52769999999998,2003-11-21,242.0,0.0,
-35.1737,151.03020000000004,2003-11-22,158.0,0.4,
-35.007,151.03020000000004,2003-11-22,171.0,1.2,
-32.6732,152.53049999999996,2003-11-22,239.0,0.0,
-21.0042,149.19650000000001,2003-11-22,13.0,0.0,
-20.3374,116.5233,2003-11-22,45.0,0.0,
-20.004,116.85669999999999,2003-11-22,50.0,0.0,
-18.1703,-173.8681,2003-11-22,106.0,0.0,
-16.3366,146.0292,2003-11-22,98.0,0.0,
-14.1695,136.36059999999998,2003-11-22,187.0,0.0,
-35.1737,151.03020000000004,2003-11-23,154.0,0.8,
-35.007,151.03020000000004,2003-11-23,164.0,0.9,
-30.3394,153.19730000000004,2003-11-23,107.0,0.0,
-27.8389,153.69740000000002,2003-11-23,35.0,0.0,
-18.1703,147.3628,2003-11-23,327.0,0.0,
-16.3366,146.0292,2003-11-23,360.0,0.0,
-14.1695,136.36059999999998,2003-11-23,178.0,1.0,
-11.8357,136.52729999999997,2003-11-23,295.0,0.0,
-16.3366,146.0292,2003-11-24,16.0,0.0,
-16.1699,145.8625,2003-11-24,55.0,0.0,
-14.8363,145.69579999999996,2003-11-24,344.0,0.0,
-16.3366,146.0292,2003-11-25,141.0,0.0,
-16.1699,145.8625,2003-11-25,135.0,0.0,
-16.5033,146.0292,2003-11-26,124.0,0.0,
-16.3366,146.0292,2003-11-26,124.0,0.0,
-14.1695,136.36059999999998,2003-11-27,18.0,0.0,
-34.6736,138.52769999999998,2003-11-28,330.0,0.0,
-27.8389,153.69740000000002,2003-11-28,149.0,0.0,
-17.6702,121.85770000000002,2003-11-28,235.0,0.0,
-14.1695,136.36059999999998,2003-11-28,53.0,0.0,
-34.6736,138.52769999999998,2003-11-29,38.0,0.0,
-34.5069,150.8635,2003-11-29,43.0,0.0,
-33.5067,151.5303,2003-11-29,65.0,0.0,
-33.1733,152.19709999999998,2003-11-29,42.0,0.0,
-33.0066,152.53049999999996,2003-11-29,44.0,0.0,
-28.339,154.0308,2003-11-29,126.0,0.0,
-28.1723,153.8641,2003-11-29,122.0,0.0,
-27.8389,153.36400000000003,2003-11-29,104.0,0.0,
-27.8389,153.69740000000002,2003-11-29,126.0,0.0,
-27.8389,153.8641,2003-11-29,126.0,0.0,
-27.6722,153.53070000000002,2003-11-29,116.0,0.0,
-27.6722,153.8641,2003-11-29,126.0,0.0,
-27.5055,153.53070000000002,2003-11-29,120.0,0.0,
-27.1721,153.69740000000002,2003-11-29,124.0,0.0,
-27.1721,154.0308,2003-11-29,124.0,0.0,
-27.0054,153.53070000000002,2003-11-29,122.0,0.0,
-16.1699,146.86270000000002,2003-11-29,126.0,0.0,
-34.0068,151.5303,2003-11-30,34.0,0.0,
-34.0068,151.697,2003-11-30,24.0,0.0,
-33.8401,151.697,2003-11-30,30.0,0.0,
-33.8401,151.8637,2003-11-30,30.0,0.0,
-28.1723,153.8641,2003-11-30,47.0,0.0,
-28.1723,154.0308,2003-11-30,52.0,0.0,
-27.8389,153.36400000000003,2003-11-30,74.0,0.0,
-27.8389,153.69740000000002,2003-11-30,74.0,0.0,
-27.8389,153.8641,2003-11-30,74.0,0.0,
-27.6722,153.53070000000002,2003-11-30,78.0,0.0,
-27.5055,153.69740000000002,2003-11-30,79.0,0.0,
-27.3388,153.53070000000002,2003-11-30,85.0,0.0,
-27.0054,153.53070000000002,2003-11-30,90.0,0.0,
-26.8387,153.69740000000002,2003-11-30,92.0,0.0,
-7.0014,147.1961,2003-11-30,115.0,0.8,
-7.0014,147.69619999999998,2003-11-30,178.0,0.9,
-34.0068,151.8637,2003-12-01,11.0,0.0,
-27.0054,153.53070000000002,2003-12-02,69.0,0.0,
-35.6738,150.5301,2003-12-03,15.0,0.0,
-34.0068,151.5303,2003-12-03,69.0,0.0,
-33.5067,151.5303,2003-12-03,88.0,0.0,
-7.0014,147.1961,2003-12-03,119.0,0.0,
-7.0014,147.69619999999998,2003-12-03,113.0,0.0,
-34.3402,151.19690000000003,2003-12-04,41.0,0.0,
-21.8377,114.18950000000001,2003-12-05,284.0,0.0,
-20.1707,149.02980000000002,2003-12-06,319.0,0.0,
-18.6704,147.0294,2003-12-06,341.0,0.0,
-16.3366,146.0292,2003-12-06,345.0,0.0,
-7.0014,147.1961,2003-12-06,100.0,0.0,
-7.0014,147.69619999999998,2003-12-06,113.0,0.0,
-34.8403,151.03020000000004,2003-12-07,148.0,0.0,
-34.5069,151.19690000000003,2003-12-07,149.0,0.0,
-7.0014,147.69619999999998,2003-12-07,97.0,0.0,
-20.004,148.86310000000003,2003-12-08,348.0,0.0,
-17.5035,168.7004,2003-12-08,90.0,0.0,
-14.3362,136.36059999999998,2003-12-08,216.0,0.0,
-14.1695,136.36059999999998,2003-12-08,275.0,0.0,
-7.0014,147.69619999999998,2003-12-09,166.0,0.0,
-32.6732,152.6972,2003-12-10,49.0,0.0,
-17.5035,168.5337,2003-12-10,97.0,0.0,
-14.3362,136.36059999999998,2003-12-10,32.0,0.0,
-14.1695,136.36059999999998,2003-12-10,329.0,0.0,
-26.8387,153.69740000000002,2003-12-11,360.0,0.0,
-7.0014,147.69619999999998,2003-12-11,176.0,0.0,
-34.5069,151.19690000000003,2003-12-12,16.0,0.2,
-23.1713,152.19709999999998,2003-12-12,51.0,0.0,
-17.5035,168.5337,2003-12-12,102.0,0.0,
-35.1737,151.03020000000004,2003-12-13,129.0,0.0,
-35.007,150.8635,2003-12-13,154.0,0.0,
-34.6736,138.52769999999998,2003-12-13,231.0,0.0,
-34.0068,151.5303,2003-12-13,130.0,0.0,
-33.6734,151.36360000000002,2003-12-13,241.0,0.0,
-33.0066,152.53049999999996,2003-12-13,174.0,0.0,
-32.8399,152.53049999999996,2003-12-13,159.0,0.0,
-32.8399,152.6972,2003-12-13,153.0,0.0,
-32.6732,152.53049999999996,2003-12-13,159.0,0.0,
-20.004,116.85669999999999,2003-12-13,315.0,0.0,
-35.3404,150.8635,2003-12-14,79.0,0.0,
-34.1735,151.5303,2003-12-14,123.0,0.0,
-34.0068,151.8637,2003-12-14,127.0,0.0,
-33.8401,151.697,2003-12-14,124.0,0.0,
-32.6732,152.53049999999996,2003-12-14,108.0,0.0,
-27.5055,153.53070000000002,2003-12-14,15.0,0.0,
-27.3388,153.8641,2003-12-14,4.0,0.0,
-18.5037,147.1961,2003-12-14,112.0,0.0,
-7.0014,147.1961,2003-12-14,111.0,0.5,
-32.8399,152.53049999999996,2003-12-15,98.0,0.0,
-32.8399,152.53049999999996,2003-12-16,70.0,0.0,
-14.1695,136.36059999999998,2003-12-16,96.0,0.7,
-32.8399,152.53049999999996,2003-12-17,53.0,0.0,
-17.5035,168.5337,2003-12-17,115.0,0.0,
-27.8389,153.69740000000002,2003-12-18,120.0,0.0,
-14.1695,136.36059999999998,2003-12-18,99.0,0.3,
-34.8403,151.03020000000004,2003-12-19,74.0,0.0,
-34.0068,151.697,2003-12-19,17.0,0.0,
-27.6722,153.53070000000002,2003-12-19,52.0,0.0,
-27.0054,153.36400000000003,2003-12-19,80.0,0.0,
-35.3404,150.8635,2003-12-20,63.0,0.4,
-35.1737,151.03020000000004,2003-12-20,109.0,0.3,
-35.007,150.8635,2003-12-20,126.0,0.0,
-34.6736,138.52769999999998,2003-12-20,241.0,0.0,
-34.5069,151.19690000000003,2003-12-20,172.0,0.0,
-34.3402,150.8635,2003-12-20,109.0,0.0,
-34.0068,151.5303,2003-12-20,168.0,0.0,
-33.1733,151.697,2003-12-20,156.0,0.0,
-33.0066,151.8637,2003-12-20,145.0,0.0,
-32.8399,152.53049999999996,2003-12-20,168.0,0.0,
-32.6732,152.53049999999996,2003-12-20,168.0,0.0,
-27.6722,153.53070000000002,2003-12-20,353.0,0.0,
-27.0054,153.53070000000002,2003-12-20,351.0,0.0,
-26.8387,153.69740000000002,2003-12-20,336.0,0.0,
-34.5069,150.8635,2003-12-21,158.0,0.0,
-33.5067,151.5303,2003-12-21,168.0,0.0,
-33.5067,151.697,2003-12-21,188.0,0.0,
-33.5067,151.8637,2003-12-21,188.0,0.0,
-33.0066,152.36379999999997,2003-12-21,193.0,0.0,
-32.8399,152.53049999999996,2003-12-21,193.0,0.0,
-28.0056,153.53070000000002,2003-12-21,354.0,0.0,
-27.8389,153.53070000000002,2003-12-21,355.0,0.0,
-5.3344,145.8625,2003-12-21,95.0,0.7,
-4.8343,145.8625,2003-12-21,135.0,0.9,
-34.0068,151.5303,2003-12-22,312.0,0.0,
-32.8399,152.53049999999996,2003-12-22,16.0,0.0,
-27.8389,153.36400000000003,2003-12-22,3.0,0.0,
-28.1723,153.53070000000002,2003-12-23,101.0,0.0,
-27.8389,153.69740000000002,2003-12-23,348.0,0.0,
-35.5071,150.8635,2003-12-24,50.0,0.0,
-32.8399,152.53049999999996,2003-12-24,64.0,0.0,
-30.8395,153.0306,2003-12-24,48.0,0.0,
-29.0058,168.03359999999998,2003-12-24,303.0,0.0,
-27.6722,153.53070000000002,2003-12-24,131.0,0.0,
-37.1741,150.19669999999996,2003-12-25,175.0,0.0,
-35.6738,150.5301,2003-12-26,143.0,0.0,
-35.1737,151.03020000000004,2003-12-26,145.0,0.0,
-35.007,151.03020000000004,2003-12-26,139.0,0.0,
-34.8403,151.03020000000004,2003-12-26,144.0,0.0,
-34.6736,138.52769999999998,2003-12-26,209.0,0.0,
-32.3398,152.6972,2003-12-26,186.0,0.0,
-27.3388,153.36400000000003,2003-12-26,25.0,0.0,
-35.1737,151.03020000000004,2003-12-27,170.0,0.0,
-34.6736,151.19690000000003,2003-12-27,165.0,0.0,
-34.5069,150.8635,2003-12-27,153.0,0.2,
-30.8395,153.0306,2003-12-27,160.0,0.4,
-17.8369,168.36699999999996,2003-12-27,119.0,0.0,
-35.1737,151.03020000000004,2003-12-28,147.0,0.0,
-35.007,150.8635,2003-12-28,107.0,0.0,
-35.007,151.03020000000004,2003-12-28,107.0,0.0,
-34.6736,138.52769999999998,2003-12-28,43.0,0.0,
-34.6736,151.19690000000003,2003-12-28,126.0,0.0,
-34.5069,151.03020000000004,2003-12-28,110.0,0.0,
-34.0068,151.697,2003-12-28,125.0,0.0,
-33.0066,152.53049999999996,2003-12-28,124.0,0.0,
-32.6732,152.19709999999998,2003-12-28,116.0,0.0,
-32.6732,152.53049999999996,2003-12-28,119.0,0.0,
-30.8395,153.0306,2003-12-28,124.0,0.0,
-30.3394,153.36400000000003,2003-12-28,135.0,0.0,
-16.1699,145.8625,2003-12-28,56.0,0.2,
-4.8343,146.1959,2003-12-28,309.0,0.0,
-35.6738,150.6968,2003-12-29,33.0,0.0,
-35.3404,150.8635,2003-12-29,43.0,0.0,
-35.007,150.8635,2003-12-29,44.0,0.0,
-34.3402,151.36360000000002,2003-12-29,53.0,0.0,
-33.8401,151.5303,2003-12-29,79.0,0.0,
-33.8401,151.697,2003-12-29,81.0,0.0,
-33.8401,152.53049999999996,2003-12-29,93.0,0.0,
-33.5067,152.0304,2003-12-29,93.0,0.0,
-33.34,152.0304,2003-12-29,97.0,0.0,
-32.8399,152.53049999999996,2003-12-29,106.0,0.0,
-32.6732,152.19709999999998,2003-12-29,100.0,0.0,
-31.3396,153.19730000000004,2003-12-29,128.0,0.0,
-30.8395,153.0306,2003-12-29,126.0,0.2,
-30.3394,153.36400000000003,2003-12-29,138.0,0.0,
-17.5035,168.7004,2003-12-29,57.0,0.2,
-32.6732,152.53049999999996,2003-12-30,35.0,0.0,
-30.8395,153.0306,2003-12-30,49.0,0.0,
-30.3394,153.19730000000004,2003-12-30,57.0,0.0,
-30.3394,153.53070000000002,2003-12-30,65.0,0.0,
-26.8387,153.53070000000002,2003-12-30,141.0,0.0,
-20.3374,116.5233,2003-12-30,137.0,0.0,
-34.6736,137.86090000000002,2003-12-31,183.0,0.0,
-26.5053,153.36400000000003,2003-12-31,128.0,0.0,
-20.3374,116.5233,2003-12-31,91.0,0.0,
-17.8369,168.36699999999996,2003-12-31,207.0,0.0,
-35.3404,150.8635,2004-01-01,60.0,0.0,
-35.1737,151.03020000000004,2004-01-01,47.0,0.0,
-34.3402,151.19690000000003,2004-01-01,55.0,0.0,
-36.5073,150.19669999999996,2004-01-02,48.0,0.0,
-35.8405,150.5301,2004-01-02,42.0,0.0,
-34.6736,151.19690000000003,2004-01-02,27.0,0.0,
-34.5069,151.19690000000003,2004-01-02,30.0,0.0,
-33.5067,151.5303,2004-01-02,63.0,0.0,
-30.8395,153.0306,2004-01-02,56.0,0.0,
-30.3394,153.19730000000004,2004-01-02,68.0,0.0,
-30.3394,153.36400000000003,2004-01-02,72.0,0.0,
-37.0074,150.19669999999996,2004-01-03,76.0,0.0,
-36.5073,150.19669999999996,2004-01-03,98.0,0.0,
-35.3404,150.8635,2004-01-03,56.0,0.0,
-35.1737,151.03020000000004,2004-01-03,39.0,0.0,
-34.8403,150.8635,2004-01-03,50.0,0.0,
-34.8403,151.03020000000004,2004-01-03,46.0,0.0,
-33.34,152.19709999999998,2004-01-03,50.0,0.0,
-33.1733,151.8637,2004-01-03,72.0,0.0,
-33.1733,152.19709999999998,2004-01-03,50.0,0.0,
-33.0066,152.53049999999996,2004-01-03,46.0,0.0,
-32.8399,152.53049999999996,2004-01-03,49.0,0.0,
-30.006,153.36400000000003,2004-01-03,73.0,0.0,
-35.1737,151.03020000000004,2004-01-04,29.0,0.0,
-34.8403,150.8635,2004-01-04,33.0,0.0,
-34.8403,151.03020000000004,2004-01-04,36.0,0.0,
-33.8401,151.36360000000002,2004-01-04,53.0,0.0,
-33.8401,151.5303,2004-01-04,48.0,0.0,
-33.5067,151.5303,2004-01-04,62.0,0.0,
-32.8399,152.53049999999996,2004-01-04,40.0,0.0,
-30.3394,153.19730000000004,2004-01-04,58.0,0.0,
-30.3394,153.36400000000003,2004-01-04,65.0,0.0,
-30.3394,153.53070000000002,2004-01-04,71.0,0.0,
-30.3394,153.69740000000002,2004-01-04,81.0,0.0,
-27.0054,153.36400000000003,2004-01-04,116.0,1.1,
-35.007,151.03020000000004,2004-01-05,199.0,0.0,
-30.8395,153.0306,2004-01-05,30.0,0.0,
-28.1723,153.8641,2004-01-05,34.0,0.0,
-27.6722,153.53070000000002,2004-01-05,54.0,0.0,
-27.0054,153.53070000000002,2004-01-05,80.0,0.0,
-26.8387,153.53070000000002,2004-01-05,84.0,0.0,
-16.3366,146.0292,2004-01-05,103.0,0.0,
-36.8407,150.5301,2004-01-06,40.0,0.1,
-36.5073,150.19669999999996,2004-01-06,39.0,0.0,
-34.8403,151.03020000000004,2004-01-06,75.0,0.1,
-30.8395,153.0306,2004-01-06,102.0,0.0,
-27.6722,153.8641,2004-01-06,352.0,0.0,
-27.0054,153.53070000000002,2004-01-06,6.0,0.0,
-26.8387,153.53070000000002,2004-01-06,4.0,0.0,
-20.1707,149.02980000000002,2004-01-06,71.0,0.0,
-20.004,148.86310000000003,2004-01-06,54.0,0.0,
-34.8403,151.03020000000004,2004-01-07,19.0,0.0,
-34.6736,151.36360000000002,2004-01-07,14.0,0.0,
-33.8401,151.5303,2004-01-07,37.0,0.0,
-33.8401,151.697,2004-01-07,31.0,0.0,
-33.5067,152.19709999999998,2004-01-07,29.0,0.0,
-33.0066,152.53049999999996,2004-01-07,42.0,0.0,
-26.8387,153.36400000000003,2004-01-07,10.0,0.0,
-20.004,116.35660000000001,2004-01-07,333.0,0.0,
-37.3408,153.0306,2004-01-09,287.0,0.0,
-35.5071,150.6968,2004-01-09,67.0,0.0,
-33.5067,151.5303,2004-01-09,63.0,0.0,
-32.6732,152.8639,2004-01-09,43.0,0.0,
-31.3396,153.19730000000004,2004-01-09,52.0,0.0,
-30.8395,153.0306,2004-01-09,52.0,0.0,
-29.0058,168.03359999999998,2004-01-09,310.0,0.0,
-17.5035,168.7004,2004-01-09,123.0,0.0,
-37.0074,150.3634,2004-01-10,103.0,0.0,
-35.6738,150.6968,2004-01-10,81.0,0.0,
-35.3404,150.8635,2004-01-10,45.0,0.0,
-35.007,151.19690000000003,2004-01-10,16.0,0.0,
-34.8403,151.03020000000004,2004-01-10,47.0,0.0,
-34.6736,151.03020000000004,2004-01-10,47.0,0.0,
-34.6736,151.19690000000003,2004-01-10,24.0,0.0,
-34.5069,151.03020000000004,2004-01-10,8.0,0.0,
-34.1735,151.03020000000004,2004-01-10,8.0,0.0,
-34.0068,151.5303,2004-01-10,38.0,0.0,
-33.8401,151.36360000000002,2004-01-10,45.0,0.0,
-33.8401,151.5303,2004-01-10,72.0,0.0,
-33.5067,151.5303,2004-01-10,55.0,0.0,
-33.5067,151.8637,2004-01-10,74.0,0.0,
-33.0066,151.697,2004-01-10,22.0,0.0,
-32.6732,152.53049999999996,2004-01-10,36.0,0.0,
-31.3396,152.8639,2004-01-10,44.0,0.0,
-31.3396,153.19730000000004,2004-01-10,32.0,0.0,
-31.1729,153.19730000000004,2004-01-10,35.0,0.0,
-31.0062,153.0306,2004-01-10,35.0,0.0,
-30.8395,153.0306,2004-01-10,39.0,0.0,
-28.0056,153.53070000000002,2004-01-10,30.0,0.4,
-27.8389,153.36400000000003,2004-01-10,35.0,3.0,
-27.8389,153.69740000000002,2004-01-10,16.0,0.2,
-27.6722,153.53070000000002,2004-01-10,29.0,0.2,
-27.3388,153.36400000000003,2004-01-10,36.0,0.2,
-27.0054,153.36400000000003,2004-01-10,37.0,0.2,
-27.0054,153.53070000000002,2004-01-10,26.0,0.1,
-26.8387,153.53070000000002,2004-01-10,23.0,0.0,
-26.8387,153.69740000000002,2004-01-10,14.0,0.2,
-26.672,153.19730000000004,2004-01-10,47.0,0.6,
-26.672,153.53070000000002,2004-01-10,23.0,0.0,
-26.5053,153.19730000000004,2004-01-10,43.0,0.0,
-21.8377,114.18950000000001,2004-01-10,270.0,0.0,
-35.1737,151.03020000000004,2004-01-11,165.0,0.0,
-34.5069,151.03020000000004,2004-01-11,147.0,0.0,
-34.1735,151.36360000000002,2004-01-11,162.0,0.0,
-34.0068,151.5303,2004-01-11,163.0,0.0,
-33.8401,151.36360000000002,2004-01-11,148.0,0.0,
-33.8401,151.5303,2004-01-11,161.0,0.0,
-33.8401,151.697,2004-01-11,168.0,0.0,
-33.8401,151.8637,2004-01-11,168.0,0.0,
-33.6734,151.36360000000002,2004-01-11,139.0,0.0,
-33.6734,151.697,2004-01-11,168.0,0.0,
-33.5067,151.5303,2004-01-11,148.0,0.0,
-33.1733,152.53049999999996,2004-01-11,177.0,0.0,
-31.3396,152.8639,2004-01-11,106.0,0.0,
-31.3396,153.0306,2004-01-11,82.0,0.0,
-31.3396,153.19730000000004,2004-01-11,25.0,0.0,
-30.8395,153.0306,2004-01-11,29.0,0.0,
-28.0056,153.53070000000002,2004-01-11,6.0,0.2,
-27.8389,153.36400000000003,2004-01-11,18.0,0.3,
-27.8389,153.53070000000002,2004-01-11,13.0,0.0,
-27.0054,153.36400000000003,2004-01-11,36.0,0.0,
-27.0054,153.53070000000002,2004-01-11,26.0,0.0,
-26.8387,153.53070000000002,2004-01-11,30.0,0.0,
-26.672,153.19730000000004,2004-01-11,45.0,0.0,
-26.672,153.36400000000003,2004-01-11,40.0,0.0,
-26.5053,153.19730000000004,2004-01-11,48.0,0.0,
-26.5053,153.36400000000003,2004-01-11,43.0,0.0,
-4.8343,145.8625,2004-01-11,337.0,0.3,
-4.8343,146.1959,2004-01-11,307.0,0.0,
-30.8395,153.0306,2004-01-12,66.0,0.1,
-28.0056,153.69740000000002,2004-01-12,66.0,0.0,
-27.8389,153.36400000000003,2004-01-12,68.0,0.0,
-27.8389,153.53070000000002,2004-01-12,71.0,0.0,
-27.8389,153.69740000000002,2004-01-12,68.0,0.0,
-27.0054,153.36400000000003,2004-01-12,80.0,0.3,
-27.0054,153.53070000000002,2004-01-12,80.0,0.0,
-26.5053,153.19730000000004,2004-01-12,80.0,0.0,
-33.8401,151.5303,2004-01-13,44.0,0.0,
-33.6734,151.36360000000002,2004-01-13,46.0,0.0,
-31.3396,153.0306,2004-01-13,33.0,0.0,
-31.3396,153.19730000000004,2004-01-13,29.0,0.0,
-31.1729,153.0306,2004-01-13,29.0,0.0,
-31.1729,153.19730000000004,2004-01-13,29.0,0.0,
-30.8395,153.0306,2004-01-13,32.0,0.0,
-27.8389,153.53070000000002,2004-01-13,61.0,0.0,
-27.8389,153.69740000000002,2004-01-13,54.0,0.1,
-26.672,153.53070000000002,2004-01-13,53.0,1.2,
-19.1705,177.8689,2004-01-13,140.0,0.0,
-4.8343,145.8625,2004-01-13,13.0,0.3,
-31.3396,153.0306,2004-01-14,4.0,0.7,
-31.3396,153.19730000000004,2004-01-14,339.0,0.8,
-30.8395,153.0306,2004-01-14,6.0,0.2,
-27.8389,153.8641,2004-01-14,360.0,0.0,
-26.8387,153.36400000000003,2004-01-14,21.0,0.0,
-35.6738,150.5301,2004-01-15,30.0,0.0,
-35.1737,151.03020000000004,2004-01-15,26.0,0.0,
-33.6734,151.36360000000002,2004-01-15,73.0,0.0,
-33.5067,151.5303,2004-01-15,81.0,0.0,
-31.3396,153.19730000000004,2004-01-15,133.0,1.2,
-31.0062,153.36400000000003,2004-01-15,134.0,2.3,
-30.8395,153.0306,2004-01-15,167.0,3.3,
-27.8389,153.36400000000003,2004-01-15,68.0,0.4,
-27.8389,153.69740000000002,2004-01-15,43.0,0.4,
-27.8389,153.8641,2004-01-15,43.0,0.4,
-26.5053,153.19730000000004,2004-01-15,50.0,1.8,
-21.8377,113.1893,2004-01-15,221.0,0.0,
-35.8405,150.5301,2004-01-16,44.0,0.0,
-35.6738,150.19669999999996,2004-01-16,45.0,0.0,
-35.6738,150.5301,2004-01-16,44.0,0.0,
-35.6738,150.6968,2004-01-16,39.0,0.0,
-35.5071,150.6968,2004-01-16,45.0,0.0,
-35.3404,150.8635,2004-01-16,48.0,0.0,
-35.1737,151.03020000000004,2004-01-16,42.0,0.0,
-34.8403,151.03020000000004,2004-01-16,41.0,0.7,
-34.6736,138.52769999999998,2004-01-16,221.0,0.0,
-33.6734,151.36360000000002,2004-01-16,73.0,1.5,
-31.3396,152.8639,2004-01-16,27.0,2.5,
-31.3396,153.0306,2004-01-16,30.0,3.2,
-31.3396,153.19730000000004,2004-01-16,30.0,3.5,
-27.8389,153.8641,2004-01-16,356.0,1.0,
-23.6714,151.5303,2004-01-16,5.0,0.3,
-21.8377,114.18950000000001,2004-01-16,247.0,0.0,
-4.8343,145.8625,2004-01-16,332.0,0.0,
-35.6738,150.19669999999996,2004-01-17,146.0,0.0,
-35.6738,150.5301,2004-01-17,158.0,0.0,
-35.6738,150.6968,2004-01-17,167.0,0.0,
-35.5071,150.6968,2004-01-17,163.0,0.0,
-34.5069,151.03020000000004,2004-01-17,152.0,0.0,
-34.5069,151.36360000000002,2004-01-17,169.0,0.0,
-33.8401,151.5303,2004-01-17,203.0,0.0,
-33.6734,151.36360000000002,2004-01-17,218.0,0.0,
-33.5067,151.697,2004-01-17,254.0,0.0,
-33.0066,152.53049999999996,2004-01-17,271.0,0.0,
-30.8395,153.0306,2004-01-17,234.0,0.2,
-26.5053,153.19730000000004,2004-01-17,347.0,0.3,
-7.0014,147.1961,2004-01-17,80.0,0.2,
-7.0014,147.3628,2004-01-17,80.0,0.2,
-35.8405,150.5301,2004-01-18,171.0,0.0,
-35.007,151.03020000000004,2004-01-18,158.0,0.0,
-34.0068,151.697,2004-01-18,162.0,0.3,
-33.8401,151.36360000000002,2004-01-18,153.0,0.2,
-33.6734,151.36360000000002,2004-01-18,155.0,0.2,
-33.6734,151.5303,2004-01-18,156.0,0.2,
-33.5067,151.697,2004-01-18,160.0,0.1,
-30.8395,153.0306,2004-01-18,140.0,0.3,
-29.0058,168.03359999999998,2004-01-18,20.0,0.0,
-27.8389,153.36400000000003,2004-01-18,141.0,0.0,
-26.8387,153.36400000000003,2004-01-18,147.0,0.0,
-12.0024,136.52729999999997,2004-01-18,69.0,0.1,
-7.0014,147.1961,2004-01-18,7.0,0.0,
-7.0014,147.3628,2004-01-18,7.0,0.0,
-36.5073,150.19669999999996,2004-01-19,33.0,0.0,
-30.8395,153.0306,2004-01-19,136.0,0.0,
-20.3374,116.85669999999999,2004-01-19,268.0,0.0,
-34.0068,151.36360000000002,2004-01-20,26.0,0.0,
-34.0068,151.5303,2004-01-20,23.0,0.0,
-32.8399,151.8637,2004-01-20,12.0,0.0,
-32.6732,152.53049999999996,2004-01-20,20.0,0.0,
-35.6738,150.5301,2004-01-21,18.0,0.0,
-27.8389,153.36400000000003,2004-01-21,72.0,0.2,
-26.5053,153.19730000000004,2004-01-21,95.0,0.3,
-12.0024,136.8607,2004-01-21,116.0,0.3,
-37.0074,150.19669999999996,2004-01-22,171.0,0.0,
-36.5073,150.19669999999996,2004-01-22,139.0,0.0,
-33.34,152.19709999999998,2004-01-22,2.0,0.0,
-32.6732,152.53049999999996,2004-01-22,39.0,0.0,
-29.0058,168.03359999999998,2004-01-22,184.0,0.0,
-28.0056,153.53070000000002,2004-01-22,12.0,0.0,
-27.8389,153.69740000000002,2004-01-22,354.0,0.0,
-27.8389,153.8641,2004-01-22,354.0,0.0,
-26.5053,153.19730000000004,2004-01-22,75.0,0.0,
-36.674,150.3634,2004-01-23,78.0,0.2,
-36.5073,150.19669999999996,2004-01-23,59.0,0.0,
-36.3406,150.19669999999996,2004-01-23,65.0,0.2,
-36.3406,150.3634,2004-01-23,69.0,0.2,
-36.1739,150.19669999999996,2004-01-23,65.0,0.2,
-36.1739,150.3634,2004-01-23,69.0,0.2,
-36.0072,150.3634,2004-01-23,76.0,0.4,
-34.6736,138.52769999999998,2004-01-23,221.0,0.0,
-34.0068,151.8637,2004-01-23,164.0,0.0,
-33.0066,152.53049999999996,2004-01-23,245.0,0.3,
-28.0056,153.53070000000002,2004-01-23,30.0,0.0,
-27.8389,153.36400000000003,2004-01-23,38.0,0.0,
-26.5053,153.19730000000004,2004-01-23,74.0,0.2,
-21.8377,113.1893,2004-01-23,193.0,0.0,
-20.004,148.86310000000003,2004-01-23,111.0,0.0,
-38.8411,146.52930000000003,2004-01-24,231.0,0.0,
-36.674,150.3634,2004-01-24,157.0,0.0,
-36.5073,150.19669999999996,2004-01-24,116.0,0.0,
-36.1739,150.19669999999996,2004-01-24,98.0,0.3,
-36.1739,150.3634,2004-01-24,132.0,0.0,
-36.0072,150.3634,2004-01-24,127.0,0.1,
-35.6738,150.6968,2004-01-24,146.0,0.0,
-35.3404,150.8635,2004-01-24,103.0,0.0,
-35.1737,151.03020000000004,2004-01-24,103.0,0.0,
-34.8403,151.03020000000004,2004-01-24,72.0,0.0,
-34.6736,151.19690000000003,2004-01-24,59.0,0.0,
-34.5069,151.36360000000002,2004-01-24,62.0,0.0,
-34.1735,151.19690000000003,2004-01-24,78.0,0.0,
-34.1735,151.36360000000002,2004-01-24,68.0,0.0,
-34.1735,151.5303,2004-01-24,58.0,0.0,
-34.0068,151.36360000000002,2004-01-24,79.0,0.0,
-34.0068,151.5303,2004-01-24,68.0,0.0,
-34.0068,151.697,2004-01-24,55.0,0.0,
-34.0068,151.8637,2004-01-24,55.0,0.0,
-33.8401,151.36360000000002,2004-01-24,87.0,0.0,
-33.8401,151.5303,2004-01-24,79.0,0.0,
-33.8401,151.697,2004-01-24,65.0,0.0,
-33.6734,151.5303,2004-01-24,79.0,0.0,
-33.5067,151.697,2004-01-24,81.0,0.0,
-33.34,151.697,2004-01-24,103.0,0.0,
-33.1733,152.19709999999998,2004-01-24,78.0,0.0,
-33.0066,152.53049999999996,2004-01-24,81.0,0.0,
-32.8399,152.53049999999996,2004-01-24,92.0,0.0,
-32.6732,152.53049999999996,2004-01-24,92.0,0.0,
-32.6732,152.6972,2004-01-24,75.0,0.0,
-32.5065,153.0306,2004-01-24,60.0,0.0,
-30.8395,153.0306,2004-01-24,60.0,0.0,
-28.0056,153.53070000000002,2004-01-24,6.0,0.0,
-27.8389,153.36400000000003,2004-01-24,3.0,0.0,
-27.8389,153.69740000000002,2004-01-24,350.0,0.0,
-27.8389,153.8641,2004-01-24,350.0,0.0,
-27.8389,154.1975,2004-01-24,337.0,0.0,
-27.3388,153.53070000000002,2004-01-24,11.0,0.0,
-27.0054,153.53070000000002,2004-01-24,17.0,0.0,
-27.0054,153.8641,2004-01-24,351.0,0.0,
-26.8387,153.53070000000002,2004-01-24,18.0,0.0,
-26.672,153.53070000000002,2004-01-24,18.0,0.0,
-26.5053,153.19730000000004,2004-01-24,72.0,0.0,
-26.5053,153.36400000000003,2004-01-24,47.0,0.0,
-21.8377,113.1893,2004-01-24,191.0,0.0,
-36.8407,150.19669999999996,2004-01-25,156.0,0.0,
-36.674,150.3634,2004-01-25,156.0,0.0,
-36.5073,150.19669999999996,2004-01-25,130.0,0.0,
-36.3406,150.3634,2004-01-25,138.0,0.0,
-36.1739,150.19669999999996,2004-01-25,120.0,0.0,
-36.1739,150.3634,2004-01-25,138.0,0.0,
-35.3404,150.8635,2004-01-25,141.0,0.2,
-35.1737,151.03020000000004,2004-01-25,142.0,0.1,
-34.1735,151.36360000000002,2004-01-25,131.0,0.2,
-34.0068,151.19690000000003,2004-01-25,127.0,0.3,
-34.0068,151.36360000000002,2004-01-25,125.0,0.2,
-34.0068,151.5303,2004-01-25,119.0,0.1,
-34.0068,151.697,2004-01-25,116.0,0.0,
-34.0068,151.8637,2004-01-25,116.0,0.0,
-33.8401,151.36360000000002,2004-01-25,117.0,0.5,
-33.8401,151.5303,2004-01-25,119.0,0.1,
-33.6734,151.36360000000002,2004-01-25,113.0,1.5,
-33.34,151.697,2004-01-25,129.0,1.2,
-33.34,152.0304,2004-01-25,151.0,0.0,
-33.0066,152.53049999999996,2004-01-25,190.0,0.0,
-32.8399,152.53049999999996,2004-01-25,211.0,0.0,
-27.8389,153.69740000000002,2004-01-25,1.0,0.0,
-27.8389,153.8641,2004-01-25,1.0,0.0,
-27.0054,153.53070000000002,2004-01-25,19.0,0.0,
-27.0054,153.8641,2004-01-25,359.0,0.0,
-26.672,153.36400000000003,2004-01-25,34.0,0.0,
-26.672,153.53070000000002,2004-01-25,19.0,0.0,
-26.5053,153.19730000000004,2004-01-25,19.0,0.0,
-16.5033,146.0292,2004-01-25,127.0,0.2,
-16.3366,146.0292,2004-01-25,132.0,0.1,
-4.5009,146.1959,2004-01-25,129.0,0.0,
-35.3404,150.8635,2004-01-26,190.0,0.3,
-33.0066,151.697,2004-01-26,178.0,0.0,
-33.0066,151.8637,2004-01-26,186.0,0.0,
-32.8399,152.36379999999997,2004-01-26,207.0,0.0,
-32.6732,152.53049999999996,2004-01-26,211.0,0.0,
-28.0056,153.53070000000002,2004-01-26,90.0,0.0,
-27.8389,153.36400000000003,2004-01-26,24.0,0.0,
-27.8389,153.53070000000002,2004-01-26,25.0,0.0,
-27.8389,153.8641,2004-01-26,338.0,0.0,
-27.0054,153.53070000000002,2004-01-26,6.0,0.0,
-26.8387,153.19730000000004,2004-01-26,348.0,0.0,
-26.672,153.19730000000004,2004-01-26,348.0,0.0,
-36.5073,150.19669999999996,2004-01-27,93.0,0.0,
-34.6736,138.52769999999998,2004-01-27,212.0,0.0,
-34.6736,151.19690000000003,2004-01-27,139.0,0.0,
-32.6732,152.36379999999997,2004-01-27,129.0,0.0,
-27.8389,153.53070000000002,2004-01-27,99.0,0.0,
-27.0054,153.53070000000002,2004-01-27,121.0,0.0,
-36.8407,150.19669999999996,2004-01-28,55.0,0.0,
-34.8403,150.8635,2004-01-28,72.0,0.0,
-32.8399,151.8637,2004-01-28,105.0,0.0,
-30.8395,153.0306,2004-01-28,42.0,0.0,
-30.8395,153.19730000000004,2004-01-28,42.0,0.0,
-27.8389,153.36400000000003,2004-01-28,345.0,0.0,
-35.3404,150.6968,2004-01-29,138.0,0.0,
-33.8401,151.36360000000002,2004-01-29,115.0,0.0,
-32.6732,152.6972,2004-01-29,201.0,0.0,
-26.672,153.19730000000004,2004-01-29,7.0,0.0,
-26.5053,153.19730000000004,2004-01-29,344.0,0.0,
-26.5053,153.36400000000003,2004-01-29,37.0,0.0,
-35.6738,150.5301,2004-01-30,198.0,1.6,
-35.6738,150.6968,2004-01-30,283.0,2.1,
-35.5071,150.5301,2004-01-30,123.0,0.4,
-35.5071,150.6968,2004-01-30,131.0,0.5,
-35.3404,150.8635,2004-01-30,119.0,0.0,
-34.8403,150.8635,2004-01-30,149.0,3.3,
-34.8403,151.03020000000004,2004-01-30,153.0,1.9,
-34.0068,151.36360000000002,2004-01-30,83.0,0.0,
-33.5067,151.5303,2004-01-30,135.0,0.0,
-32.8399,152.53049999999996,2004-01-30,188.0,0.0,
-30.8395,153.19730000000004,2004-01-30,41.0,0.0,
-28.0056,153.53070000000002,2004-01-30,332.0,0.0,
-26.8387,153.36400000000003,2004-01-30,345.0,0.0,
-26.672,153.19730000000004,2004-01-30,332.0,0.0,
-26.5053,153.19730000000004,2004-01-30,331.0,0.0,
-26.5053,153.36400000000003,2004-01-30,343.0,0.0,
-26.3386,153.36400000000003,2004-01-30,340.0,0.0,
-35.5071,150.5301,2004-01-31,221.0,0.0,
-35.5071,150.6968,2004-01-31,236.0,0.0,
-35.5071,150.8635,2004-01-31,236.0,0.0,
-35.3404,150.8635,2004-01-31,221.0,0.0,
-35.1737,150.5301,2004-01-31,221.0,0.0,
-34.8403,150.8635,2004-01-31,236.0,0.0,
-34.6736,138.52769999999998,2004-01-31,215.0,0.0,
-34.6736,151.19690000000003,2004-01-31,230.0,0.0,
-33.5067,151.697,2004-01-31,232.0,0.0,
-33.1733,151.8637,2004-01-31,227.0,0.0,
-33.0066,152.53049999999996,2004-01-31,242.0,0.0,
-31.3396,153.19730000000004,2004-01-31,170.0,0.0,
-27.8389,153.53070000000002,2004-01-31,331.0,0.0,
-27.3388,153.53070000000002,2004-01-31,344.0,0.0,
-27.3388,153.8641,2004-01-31,326.0,0.0,
-27.0054,153.53070000000002,2004-01-31,337.0,0.0,
-26.672,153.19730000000004,2004-01-31,309.0,0.1,
-26.5053,153.19730000000004,2004-01-31,310.0,0.0,
-26.5053,153.36400000000003,2004-01-31,320.0,0.0,
-26.5053,153.53070000000002,2004-01-31,320.0,0.0,
-35.5071,150.6968,2004-02-01,201.0,0.0,
-35.5071,150.8635,2004-02-01,201.0,0.0,
-35.3404,150.6968,2004-02-01,186.0,0.0,
-35.3404,150.8635,2004-02-01,184.0,0.0,
-35.1737,151.03020000000004,2004-02-01,202.0,0.0,
-34.6736,151.03020000000004,2004-02-01,171.0,0.0,
-34.6736,151.19690000000003,2004-02-01,195.0,0.0,
-34.5069,151.19690000000003,2004-02-01,176.0,0.0,
-34.0068,151.36360000000002,2004-02-01,159.0,0.0,
-34.0068,151.5303,2004-02-01,179.0,0.0,
-33.8401,151.36360000000002,2004-02-01,172.0,0.0,
-33.8401,151.5303,2004-02-01,159.0,0.0,
-33.8401,151.697,2004-02-01,189.0,0.0,
-33.6734,151.36360000000002,2004-02-01,198.0,0.0,
-33.5067,151.5303,2004-02-01,184.0,0.0,
-33.34,152.19709999999998,2004-02-01,214.0,0.0,
-32.8399,152.53049999999996,2004-02-01,208.0,0.0,
-32.6732,152.53049999999996,2004-02-01,208.0,0.0,
-32.5065,152.53049999999996,2004-02-01,230.0,0.0,
-31.3396,152.8639,2004-02-01,233.0,0.0,
-31.3396,153.19730000000004,2004-02-01,232.0,0.0,
-31.3396,153.36400000000003,2004-02-01,232.0,0.0,
-30.8395,153.0306,2004-02-01,256.0,0.0,
-30.3394,153.19730000000004,2004-02-01,233.0,0.0,
-30.3394,153.53070000000002,2004-02-01,231.0,0.0,
-28.0056,153.53070000000002,2004-02-01,304.0,0.0,
-27.8389,153.8641,2004-02-01,311.0,0.0,
-27.0054,153.53070000000002,2004-02-01,345.0,0.0,
-27.0054,153.8641,2004-02-01,325.0,0.0,
-26.8387,153.69740000000002,2004-02-01,329.0,0.0,
-2.3338,146.86270000000002,2004-02-01,307.0,2.4,
-35.6738,150.6968,2004-02-02,122.0,0.0,
-35.1737,174.3682,2004-02-02,316.0,0.0,
-33.8401,151.5303,2004-02-02,83.0,0.0,
-33.5067,151.5303,2004-02-02,67.0,0.0,
-32.8399,152.53049999999996,2004-02-02,73.0,0.0,
-30.8395,153.0306,2004-02-02,328.0,0.0,
-28.0056,153.53070000000002,2004-02-02,4.0,0.0,
-27.8389,153.36400000000003,2004-02-02,347.0,0.0,
-27.0054,153.53070000000002,2004-02-02,79.0,0.0,
-33.0066,152.53049999999996,2004-02-03,181.0,0.0,
-30.8395,153.0306,2004-02-03,182.0,0.0,
-33.34,153.0306,2004-02-04,151.0,0.0,
-30.8395,153.0306,2004-02-04,169.0,0.0,
-34.5069,150.8635,2004-02-05,24.0,0.0,
-30.8395,153.0306,2004-02-05,147.0,0.0,
-36.8407,150.19669999999996,2004-02-06,43.0,0.0,
-36.5073,150.19669999999996,2004-02-06,70.0,0.0,
-30.8395,153.0306,2004-02-06,38.0,0.0,
-27.8389,153.36400000000003,2004-02-06,117.0,0.0,
-27.8389,153.69740000000002,2004-02-06,125.0,0.0,
-21.8377,113.1893,2004-02-06,203.0,0.0,
-43.0086,148.02959999999996,2004-02-07,211.0,0.0,
-43.0086,148.1963,2004-02-07,219.0,0.0,
-42.8419,148.1963,2004-02-07,208.0,0.0,
-35.5071,150.6968,2004-02-07,155.0,0.0,
-35.3404,150.6968,2004-02-07,124.0,0.0,
-35.3404,150.8635,2004-02-07,136.0,0.0,
-35.1737,151.03020000000004,2004-02-07,164.0,0.0,
-33.8401,151.697,2004-02-07,60.0,0.0,
-33.34,151.697,2004-02-07,131.0,0.0,
-33.1733,151.697,2004-02-07,131.0,0.0,
-33.1733,152.36379999999997,2004-02-07,23.0,0.0,
-33.1733,152.53049999999996,2004-02-07,20.0,0.0,
-33.0066,151.8637,2004-02-07,150.0,0.0,
-33.0066,152.0304,2004-02-07,101.0,0.0,
-33.0066,152.19709999999998,2004-02-07,37.0,0.0,
-33.0066,152.53049999999996,2004-02-07,27.0,0.0,
-32.8399,152.19709999999998,2004-02-07,101.0,0.0,
-32.8399,152.53049999999996,2004-02-07,33.0,0.0,
-32.6732,152.53049999999996,2004-02-07,33.0,0.0,
-30.8395,153.0306,2004-02-07,32.0,0.0,
-28.0056,153.53070000000002,2004-02-07,104.0,0.0,
-27.8389,153.36400000000003,2004-02-07,108.0,0.0,
-27.8389,153.53070000000002,2004-02-07,121.0,0.0,
-27.0054,153.53070000000002,2004-02-07,111.0,0.0,
-26.8387,153.19730000000004,2004-02-07,118.0,0.0,
-26.8387,153.53070000000002,2004-02-07,111.0,0.0,
-26.672,153.19730000000004,2004-02-07,118.0,0.0,
-36.5073,150.19669999999996,2004-02-08,34.0,0.0,
-35.5071,150.5301,2004-02-08,42.0,0.0,
-35.5071,150.6968,2004-02-08,35.0,0.0,
-35.5071,150.8635,2004-02-08,35.0,0.0,
-35.3404,150.6968,2004-02-08,36.0,0.0,
-35.3404,150.8635,2004-02-08,40.0,0.0,
-34.8403,150.8635,2004-02-08,20.0,0.0,
-34.6736,151.19690000000003,2004-02-08,20.0,0.0,
-34.5069,151.36360000000002,2004-02-08,20.0,0.0,
-34.1735,151.36360000000002,2004-02-08,20.0,0.0,
-34.1735,172.0344,2004-02-08,214.0,0.0,
-34.0068,151.5303,2004-02-08,25.0,0.0,
-34.0068,151.8637,2004-02-08,10.0,0.0,
-33.34,151.697,2004-02-08,41.0,0.0,
-33.34,152.0304,2004-02-08,38.0,0.0,
-33.34,152.19709999999998,2004-02-08,21.0,0.0,
-33.1733,151.697,2004-02-08,41.0,0.0,
-33.1733,152.19709999999998,2004-02-08,21.0,0.0,
-33.0066,151.697,2004-02-08,30.0,0.0,
-33.0066,151.8637,2004-02-08,315.0,0.0,
-33.0066,152.19709999999998,2004-02-08,39.0,0.0,
-33.0066,152.53049999999996,2004-02-08,24.0,0.0,
-32.8399,152.53049999999996,2004-02-08,36.0,0.0,
-31.3396,152.8639,2004-02-08,45.0,0.0,
-31.3396,153.19730000000004,2004-02-08,23.0,0.0,
-30.8395,153.0306,2004-02-08,36.0,0.0,
-28.0056,153.53070000000002,2004-02-08,88.0,0.0,
-27.8389,153.36400000000003,2004-02-08,96.0,0.0,
-27.8389,153.53070000000002,2004-02-08,108.0,0.0,
-27.8389,153.69740000000002,2004-02-08,111.0,0.0,
-27.8389,153.8641,2004-02-08,111.0,0.0,
-27.6722,153.53070000000002,2004-02-08,108.0,0.0,
-26.8387,153.19730000000004,2004-02-08,118.0,0.1,
-26.8387,153.36400000000003,2004-02-08,122.0,0.0,
-26.8387,153.69740000000002,2004-02-08,114.0,0.0,
-26.5053,153.19730000000004,2004-02-08,118.0,0.0,
-26.5053,153.36400000000003,2004-02-08,121.0,0.0,
-30.8395,153.0306,2004-02-09,31.0,0.0,
-28.0056,153.53070000000002,2004-02-09,10.0,0.0,
-27.8389,153.8641,2004-02-09,3.0,0.0,
-26.5053,153.8641,2004-02-09,99.0,0.0,
-30.8395,153.0306,2004-02-10,45.0,0.0,
-30.8395,153.19730000000004,2004-02-10,45.0,0.0,
-27.6722,153.53070000000002,2004-02-10,10.0,0.0,
-26.5053,153.36400000000003,2004-02-10,92.0,0.0,
-34.0068,151.5303,2004-02-11,177.0,0.0,
-30.8395,153.0306,2004-02-11,31.0,0.0,
-30.8395,153.19730000000004,2004-02-11,31.0,0.0,
-30.8395,153.36400000000003,2004-02-11,21.0,0.0,
-27.0054,153.53070000000002,2004-02-11,14.0,0.0,
-23.6714,157.3648,2004-02-11,79.0,0.0,
-36.3406,150.3634,2004-02-12,25.0,0.0,
-35.007,150.8635,2004-02-12,25.0,0.0,
-32.8399,152.53049999999996,2004-02-12,63.0,0.0,
-41.1749,148.5297,2004-02-13,105.0,0.0,
-38.5077,145.029,2004-02-13,160.0,0.0,
-27.6722,153.53070000000002,2004-02-13,1.0,0.0,
-42.8419,148.1963,2004-02-14,39.0,0.0,
-41.3416,148.69640000000004,2004-02-14,74.0,0.0,
-38.5077,145.029,2004-02-14,88.0,0.0,
-38.5077,145.36239999999998,2004-02-14,92.0,0.0,
-38.5077,145.52909999999997,2004-02-14,92.0,0.0,
-36.8407,150.19669999999996,2004-02-14,52.0,0.0,
-36.5073,150.19669999999996,2004-02-14,56.0,0.0,
-35.3404,150.5301,2004-02-14,68.0,0.0,
-30.8395,153.0306,2004-02-14,120.0,0.0,
-28.0056,153.53070000000002,2004-02-14,153.0,0.0,
-27.8389,153.36400000000003,2004-02-14,130.0,0.0,
-27.8389,153.69740000000002,2004-02-14,157.0,0.0,
-27.6722,153.53070000000002,2004-02-14,141.0,0.0,
-27.5055,153.53070000000002,2004-02-14,145.0,0.0,
-27.0054,153.69740000000002,2004-02-14,175.0,0.0,
-26.8387,153.53070000000002,2004-02-14,160.0,0.0,
-26.5053,153.19730000000004,2004-02-14,129.0,0.0,
-26.5053,153.36400000000003,2004-02-14,145.0,0.0,
-38.5077,145.029,2004-02-15,228.0,0.0,
-37.1741,150.19669999999996,2004-02-15,17.0,0.0,
-36.5073,150.19669999999996,2004-02-15,42.0,0.0,
-35.6738,150.5301,2004-02-15,36.0,0.0,
-33.8401,151.36360000000002,2004-02-15,59.0,0.0,
-33.5067,151.5303,2004-02-15,71.0,0.0,
-33.34,152.19709999999998,2004-02-15,33.0,0.0,
-30.8395,153.0306,2004-02-15,52.0,0.0,
-28.0056,153.53070000000002,2004-02-15,84.0,0.0,
-28.0056,153.8641,2004-02-15,99.0,0.0,
-27.8389,153.36400000000003,2004-02-15,103.0,0.0,
-27.8389,153.53070000000002,2004-02-15,103.0,0.0,
-27.8389,153.69740000000002,2004-02-15,119.0,0.0,
-27.8389,153.8641,2004-02-15,119.0,0.0,
-27.6722,153.53070000000002,2004-02-15,103.0,0.0,
-27.5055,153.69740000000002,2004-02-15,139.0,0.0,
-27.5055,153.8641,2004-02-15,139.0,0.0,
-26.672,153.53070000000002,2004-02-15,153.0,0.0,
-26.5053,153.19730000000004,2004-02-15,140.0,0.0,
-26.5053,153.36400000000003,2004-02-15,146.0,0.0,
-26.5053,153.8641,2004-02-15,155.0,0.0,
-30.8395,153.0306,2004-02-16,164.0,0.0,
-27.8389,153.69740000000002,2004-02-16,87.0,0.0,
-43.0086,148.1963,2004-02-17,206.0,0.0,
-42.8419,148.1963,2004-02-17,166.0,0.0,
-30.8395,153.0306,2004-02-17,135.0,0.0,
-26.5053,153.19730000000004,2004-02-17,138.0,0.0,
-33.0066,153.0306,2004-02-18,335.0,0.0,
-30.8395,153.0306,2004-02-18,90.0,0.0,
-28.1723,153.8641,2004-02-18,358.0,0.0,
-27.8389,153.36400000000003,2004-02-18,2.0,0.0,
-27.8389,153.69740000000002,2004-02-18,348.0,0.0,
-26.672,153.36400000000003,2004-02-18,82.0,0.0,
-15.1697,145.69579999999996,2004-02-18,139.0,0.3,
-33.1733,152.53049999999996,2004-02-19,185.0,0.0,
-32.8399,152.53049999999996,2004-02-19,181.0,0.0,
-30.8395,153.0306,2004-02-19,337.0,0.0,
-27.8389,153.36400000000003,2004-02-19,342.0,0.0,
-27.8389,153.69740000000002,2004-02-19,342.0,0.0,
-27.8389,153.8641,2004-02-19,342.0,0.0,
-26.8387,153.36400000000003,2004-02-19,7.0,0.0,
-26.5053,153.19730000000004,2004-02-19,339.0,0.0,
-26.5053,153.36400000000003,2004-02-19,360.0,0.0,
-17.0034,146.3626,2004-02-19,141.0,0.2,
-35.5071,137.69420000000002,2004-02-20,270.0,0.0,
-33.0066,152.53049999999996,2004-02-20,33.0,0.0,
-32.6732,152.53049999999996,2004-02-20,40.0,0.0,
-32.0064,115.18970000000002,2004-02-20,146.0,0.0,
-30.8395,153.0306,2004-02-20,45.0,0.0,
-28.0056,153.53070000000002,2004-02-20,106.0,0.0,
-27.8389,153.69740000000002,2004-02-20,150.0,0.0,
-27.8389,153.8641,2004-02-20,150.0,0.0,
-27.6722,154.0308,2004-02-20,186.0,0.0,
-24.6716,153.19730000000004,2004-02-20,324.0,0.0,
-42.8419,148.1963,2004-02-21,241.0,0.0,
-42.8419,148.363,2004-02-21,241.0,0.0,
-42.5085,148.1963,2004-02-21,243.0,0.0,
-36.5073,150.19669999999996,2004-02-21,122.0,0.0,
-35.8405,150.3634,2004-02-21,125.0,0.0,
-35.1737,151.03020000000004,2004-02-21,149.0,0.0,
-34.8403,150.8635,2004-02-21,128.0,0.0,
-33.6734,151.8637,2004-02-21,142.0,0.0,
-33.34,152.19709999999998,2004-02-21,172.0,0.0,
-33.0066,152.53049999999996,2004-02-21,214.0,0.0,
-32.8399,152.53049999999996,2004-02-21,258.0,0.0,
-32.6732,152.53049999999996,2004-02-21,258.0,0.0,
-31.5063,153.69740000000002,2004-02-21,315.0,0.0,
-31.0062,153.36400000000003,2004-02-21,325.0,0.0,
-30.8395,153.0306,2004-02-21,289.0,0.0,
-27.8389,153.69740000000002,2004-02-21,349.0,0.0,
-27.8389,153.8641,2004-02-21,349.0,0.0,
-21.8377,114.3562,2004-02-21,300.0,0.0,
-16.3366,146.1959,2004-02-21,117.0,0.0,
-7.0014,147.1961,2004-02-21,88.0,0.0,
-4.8343,146.1959,2004-02-21,324.0,0.1,
-42.8419,148.1963,2004-02-22,272.0,0.0,
-41.3416,148.5297,2004-02-22,294.0,0.0,
-36.5073,150.19669999999996,2004-02-22,131.0,0.0,
-36.0072,150.3634,2004-02-22,151.0,0.0,
-35.1737,151.03020000000004,2004-02-22,163.0,0.8,
-34.8403,150.8635,2004-02-22,180.0,0.6,
-34.8403,151.03020000000004,2004-02-22,187.0,0.6,
-33.0066,152.53049999999996,2004-02-22,163.0,0.0,
-32.8399,152.53049999999996,2004-02-22,163.0,0.0,
-32.6732,152.53049999999996,2004-02-22,163.0,0.0,
-32.6732,152.6972,2004-02-22,170.0,0.0,
-30.8395,153.0306,2004-02-22,149.0,0.0,
-30.3394,153.36400000000003,2004-02-22,159.0,0.0,
-36.5073,150.19669999999996,2004-02-23,185.0,0.0,
-33.0066,151.8637,2004-02-23,166.0,0.0,
-33.0066,152.53049999999996,2004-02-23,173.0,0.0,
-30.8395,153.0306,2004-02-23,170.0,0.0,
-20.5041,116.5233,2004-02-23,355.0,0.0,
-32.6732,152.8639,2004-02-24,96.0,2.1,
-30.8395,153.0306,2004-02-24,152.0,0.0,
-30.8395,153.0306,2004-02-25,217.0,0.4,
-19.8373,149.02980000000002,2004-02-26,313.0,0.0,
-32.6732,152.53049999999996,2004-02-27,209.0,0.0,
-27.8389,153.36400000000003,2004-02-27,121.0,0.0,
-27.0054,153.53070000000002,2004-02-27,157.0,0.0,
-26.8387,153.53070000000002,2004-02-27,156.0,0.0,
-26.5053,153.36400000000003,2004-02-27,135.0,0.0,
-26.5053,153.53070000000002,2004-02-27,152.0,0.0,
-26.3386,153.53070000000002,2004-02-27,150.0,0.0,
-21.671,114.02280000000002,2004-02-27,224.0,0.0,
-43.0086,148.02959999999996,2004-02-28,345.0,0.0,
-35.1737,151.03020000000004,2004-02-28,36.0,0.0,
-34.0068,151.697,2004-02-28,12.0,0.0,
-33.34,151.697,2004-02-28,28.0,0.0,
-33.0066,151.8637,2004-02-28,6.0,0.0,
-33.0066,152.36379999999997,2004-02-28,270.0,0.0,
-33.0066,152.53049999999996,2004-02-28,245.0,0.0,
-32.8399,152.19709999999998,2004-02-28,45.0,0.0,
-32.8399,152.53049999999996,2004-02-28,218.0,0.0,
-32.6732,152.19709999999998,2004-02-28,162.0,0.0,
-32.6732,152.36379999999997,2004-02-28,162.0,0.0,
-32.6732,152.53049999999996,2004-02-28,218.0,0.0,
-32.6732,152.6972,2004-02-28,219.0,0.0,
-32.6732,153.19730000000004,2004-02-28,202.0,0.0,
-32.5065,152.53049999999996,2004-02-28,162.0,0.0,
-32.5065,153.0306,2004-02-28,207.0,0.0,
-32.3398,152.6972,2004-02-28,187.0,0.0,
-31.8397,115.18970000000002,2004-02-28,166.0,0.0,
-31.8397,115.35640000000001,2004-02-28,166.0,0.0,
-30.3394,153.36400000000003,2004-02-28,180.0,0.0,
-28.0056,153.53070000000002,2004-02-28,165.0,0.0,
-28.0056,153.8641,2004-02-28,167.0,0.0,
-27.3388,153.53070000000002,2004-02-28,158.0,0.0,
-27.1721,153.19730000000004,2004-02-28,139.0,0.0,
-26.5053,153.36400000000003,2004-02-28,157.0,0.0,
-26.3386,153.19730000000004,2004-02-28,153.0,0.0,
-26.3386,153.36400000000003,2004-02-28,158.0,0.0,
-34.0068,151.5303,2004-02-29,22.0,0.0,
-33.8401,151.36360000000002,2004-02-29,322.0,0.0,
-33.8401,151.697,2004-02-29,350.0,0.0,
-33.8401,151.8637,2004-02-29,350.0,0.0,
-33.34,152.19709999999998,2004-02-29,278.0,0.0,
-33.1733,152.19709999999998,2004-02-29,278.0,0.0,
-33.1733,152.53049999999996,2004-02-29,269.0,0.0,
-33.0066,152.53049999999996,2004-02-29,264.0,0.0,
-32.8399,152.53049999999996,2004-02-29,261.0,0.0,
-32.8399,152.6972,2004-02-29,268.0,0.0,
-32.6732,152.19709999999998,2004-02-29,265.0,0.0,
-32.6732,152.53049999999996,2004-02-29,261.0,0.0,
-32.6732,152.6972,2004-02-29,268.0,0.0,
-32.5065,152.8639,2004-02-29,328.0,0.0,
-32.5065,153.0306,2004-02-29,344.0,0.0,
-31.1729,153.19730000000004,2004-02-29,321.0,0.0,
-30.8395,153.0306,2004-02-29,310.0,0.0,
-27.8389,153.53070000000002,2004-02-29,360.0,0.0,
-27.8389,153.69740000000002,2004-02-29,342.0,0.0,
-27.6722,154.0308,2004-02-29,297.0,0.0,
-27.0054,153.53070000000002,2004-02-29,163.0,0.0,
-26.8387,153.69740000000002,2004-02-29,177.0,0.0,
-26.5053,153.36400000000003,2004-02-29,135.0,0.0,
-7.0014,148.02959999999996,2004-02-29,220.0,0.6,
-36.5073,150.19669999999996,2004-03-01,180.0,0.0,
-36.3406,150.19669999999996,2004-03-01,166.0,0.0,
-35.6738,137.86090000000002,2004-03-01,74.0,0.0,
-35.5071,137.52750000000003,2004-03-01,63.0,0.0,
-35.5071,137.69420000000002,2004-03-01,66.0,0.0,
-33.0066,152.53049999999996,2004-03-01,188.0,0.0,
-32.6732,152.53049999999996,2004-03-01,184.0,0.0,
-32.6732,152.6972,2004-03-01,190.0,0.0,
-28.0056,153.8641,2004-03-01,154.0,0.0,
-41.3416,148.5297,2004-03-02,13.0,0.0,
-41.1749,148.5297,2004-03-02,13.0,0.0,
-36.0072,138.361,2004-03-02,48.0,0.0,
-35.6738,138.361,2004-03-02,11.0,0.0,
-33.0066,152.53049999999996,2004-03-02,144.0,0.0,
-32.6732,152.6972,2004-03-02,153.0,0.0,
-19.0038,147.3628,2004-03-02,118.0,0.7,
-41.3416,148.5297,2004-03-03,7.0,0.0,
-41.3416,148.69640000000004,2004-03-03,3.0,0.0,
-33.5067,152.19709999999998,2004-03-03,100.0,0.0,
-33.34,152.19709999999998,2004-03-03,104.0,0.0,
-33.0066,152.53049999999996,2004-03-03,109.0,0.0,
-32.8399,152.36379999999997,2004-03-03,112.0,0.0,
-32.8399,152.53049999999996,2004-03-03,114.0,0.0,
-32.8399,152.8639,2004-03-03,116.0,0.0,
-32.6732,152.19709999999998,2004-03-03,114.0,0.0,
-32.6732,152.36379999999997,2004-03-03,114.0,0.0,
-32.6732,152.53049999999996,2004-03-03,114.0,0.0,
-32.6732,152.6972,2004-03-03,116.0,0.0,
-30.8395,153.0306,2004-03-03,150.0,0.3,
-36.5073,150.3634,2004-03-04,20.0,0.0,
-35.5071,137.69420000000002,2004-03-04,203.0,0.0,
-33.0066,151.8637,2004-03-04,77.0,0.0,
-33.0066,152.53049999999996,2004-03-04,58.0,0.0,
-32.6732,152.53049999999996,2004-03-04,61.0,0.0,
-32.6732,152.6972,2004-03-04,62.0,0.0,
-36.1739,150.19669999999996,2004-03-05,137.0,0.0,
-35.5071,137.69420000000002,2004-03-05,126.0,0.0,
-33.5067,151.5303,2004-03-05,92.0,0.0,
-33.0066,152.53049999999996,2004-03-05,55.0,0.0,
-32.8399,152.53049999999996,2004-03-05,59.0,0.0,
-32.6732,152.36379999999997,2004-03-05,63.0,0.0,
-32.6732,152.53049999999996,2004-03-05,59.0,0.0,
-32.5065,152.53049999999996,2004-03-05,63.0,0.0,
-41.3416,148.5297,2004-03-06,32.0,0.1,
-41.3416,148.69640000000004,2004-03-06,27.0,0.0,
-41.1749,148.5297,2004-03-06,32.0,0.1,
-36.5073,150.19669999999996,2004-03-06,17.0,0.0,
-30.8395,153.0306,2004-03-06,39.0,0.0,
-21.8377,114.3562,2004-03-06,54.0,0.0,
-41.3416,148.5297,2004-03-07,149.0,0.0,
-41.3416,148.69640000000004,2004-03-07,147.0,0.0,
-38.5077,145.029,2004-03-07,187.0,0.0,
-36.5073,150.19669999999996,2004-03-07,157.0,0.5,
-34.0068,151.697,2004-03-07,301.0,0.2,
-33.8401,151.5303,2004-03-07,261.0,0.2,
-33.8401,151.8637,2004-03-07,325.0,0.3,
-33.6734,151.697,2004-03-07,325.0,0.3,
-33.0066,151.8637,2004-03-07,301.0,0.7,
-33.0066,152.53049999999996,2004-03-07,309.0,0.5,
-32.8399,152.0304,2004-03-07,286.0,1.3,
-32.8399,152.36379999999997,2004-03-07,277.0,0.3,
-32.8399,152.53049999999996,2004-03-07,290.0,0.0,
-32.8399,152.6972,2004-03-07,323.0,0.0,
-32.6732,152.19709999999998,2004-03-07,266.0,0.2,
-32.6732,152.36379999999997,2004-03-07,266.0,0.2,
-32.6732,152.53049999999996,2004-03-07,290.0,0.0,
-32.6732,152.6972,2004-03-07,323.0,0.0,
-32.5065,152.36379999999997,2004-03-07,266.0,0.2,
-30.8395,153.0306,2004-03-07,355.0,0.0,
-21.8377,114.3562,2004-03-07,260.0,0.0,
-43.0086,148.02959999999996,2004-03-08,98.0,0.0,
-38.5077,145.029,2004-03-08,278.0,0.0,
-36.5073,150.19669999999996,2004-03-08,78.0,0.0,
-36.3406,150.19669999999996,2004-03-08,61.0,0.0,
-36.1739,150.19669999999996,2004-03-08,61.0,0.0,
-36.1739,150.5301,2004-03-08,56.0,0.0,
-33.5067,151.5303,2004-03-08,20.0,0.0,
-33.34,152.19709999999998,2004-03-08,14.0,0.0,
-33.0066,152.53049999999996,2004-03-08,18.0,0.0,
-32.6732,152.6972,2004-03-08,20.0,0.0,
-32.5065,152.53049999999996,2004-03-08,40.0,0.0,
-28.0056,153.53070000000002,2004-03-08,45.0,0.0,
-28.0056,153.8641,2004-03-08,18.0,0.0,
-27.8389,153.8641,2004-03-08,4.0,0.0,
-36.5073,150.19669999999996,2004-03-09,93.0,0.0,
-34.3402,151.36360000000002,2004-03-09,5.0,0.0,
-32.8399,152.53049999999996,2004-03-09,21.0,0.0,
-32.6732,152.53049999999996,2004-03-09,21.0,0.0,
-28.6724,154.0308,2004-03-09,357.0,0.0,
-28.0056,153.53070000000002,2004-03-09,4.0,0.0,
-27.8389,153.69740000000002,2004-03-09,334.0,0.0,
-27.6722,154.0308,2004-03-09,314.0,0.0,
-27.0054,153.53070000000002,2004-03-09,347.0,0.0,
-26.8387,153.36400000000003,2004-03-09,31.0,0.0,
-17.8369,168.36699999999996,2004-03-09,129.0,0.0,
-36.5073,150.19669999999996,2004-03-10,167.0,0.0,
-27.8389,153.8641,2004-03-10,309.0,0.0,
-36.5073,150.19669999999996,2004-03-11,23.0,0.0,
-36.5073,150.3634,2004-03-11,18.0,0.0,
-36.0072,150.3634,2004-03-11,25.0,0.0,
-32.6732,152.53049999999996,2004-03-11,96.0,0.0,
-28.6724,154.0308,2004-03-11,151.0,0.0,
-17.5035,168.7004,2004-03-11,109.0,0.0,
-36.5073,150.19669999999996,2004-03-12,10.0,0.0,
-33.6734,115.02300000000002,2004-03-12,99.0,0.0,
-33.34,114.85630000000003,2004-03-12,129.0,0.0,
-32.6732,152.6972,2004-03-12,13.0,0.1,
-32.5065,152.36379999999997,2004-03-12,13.0,0.4,
-30.8395,153.0306,2004-03-12,23.0,0.0,
-21.8377,113.1893,2004-03-12,128.0,0.0,
-21.8377,114.18950000000001,2004-03-12,103.0,0.0,
-16.5033,145.8625,2004-03-12,128.0,1.2,
-42.8419,148.1963,2004-03-13,229.0,0.0,
-36.5073,150.19669999999996,2004-03-13,105.0,0.0,
-35.6738,150.6968,2004-03-13,157.0,0.0,
-34.6736,151.19690000000003,2004-03-13,153.0,0.0,
-33.34,114.85630000000003,2004-03-13,93.0,0.0,
-33.0066,152.53049999999996,2004-03-13,186.0,0.0,
-32.8399,152.0304,2004-03-13,188.0,0.0,
-32.8399,152.19709999999998,2004-03-13,188.0,0.0,
-32.8399,152.36379999999997,2004-03-13,194.0,0.0,
-32.8399,152.53049999999996,2004-03-13,195.0,0.0,
-32.6732,152.53049999999996,2004-03-13,195.0,0.0,
-32.6732,152.6972,2004-03-13,195.0,0.0,
-29.0058,168.03359999999998,2004-03-13,113.0,0.0,
-28.0056,153.53070000000002,2004-03-13,47.0,0.2,
-27.8389,153.8641,2004-03-13,96.0,0.0,
-27.0054,153.53070000000002,2004-03-13,120.0,0.2,
-27.0054,153.69740000000002,2004-03-13,126.0,0.1,
-27.0054,153.8641,2004-03-13,126.0,0.1,
-26.3386,153.19730000000004,2004-03-13,120.0,0.1,
-20.5041,116.5233,2004-03-13,91.0,0.0,
-36.5073,150.19669999999996,2004-03-14,27.0,0.0,
-36.3406,150.19669999999996,2004-03-14,29.0,0.0,
-36.1739,150.3634,2004-03-14,29.0,0.0,
-36.0072,150.3634,2004-03-14,33.0,0.0,
-35.6738,150.6968,2004-03-14,36.0,0.0,
-35.5071,150.8635,2004-03-14,45.0,0.0,
-34.6736,151.19690000000003,2004-03-14,59.0,0.0,
-33.8401,151.5303,2004-03-14,77.0,0.0,
-33.6734,115.02300000000002,2004-03-14,319.0,0.0,
-33.6734,151.36360000000002,2004-03-14,73.0,0.2,
-33.5067,114.85630000000003,2004-03-14,190.0,0.0,
-33.5067,151.5303,2004-03-14,81.0,0.2,
-32.8399,152.36379999999997,2004-03-14,108.0,0.0,
-32.8399,152.53049999999996,2004-03-14,116.0,0.0,
-32.8399,152.6972,2004-03-14,122.0,0.0,
-32.6732,152.6972,2004-03-14,122.0,0.0,
-30.8395,153.0306,2004-03-14,168.0,0.3,
-27.8389,153.8641,2004-03-14,127.0,0.0,
-27.6722,153.53070000000002,2004-03-14,119.0,0.1,
-27.5055,153.69740000000002,2004-03-14,127.0,0.0,
-27.0054,153.53070000000002,2004-03-14,121.0,0.0,
-27.0054,153.8641,2004-03-14,124.0,0.0,
-26.3386,153.53070000000002,2004-03-14,100.0,0.0,
-21.8377,114.18950000000001,2004-03-14,209.0,0.0,
-21.671,114.02280000000002,2004-03-14,208.0,0.0,
-36.5073,150.19669999999996,2004-03-15,95.0,0.0,
-36.3406,150.19669999999996,2004-03-15,78.0,0.0,
-36.1739,150.3634,2004-03-15,46.0,0.0,
-34.0068,151.36360000000002,2004-03-15,37.0,0.0,
-33.8401,151.5303,2004-03-15,41.0,0.0,
-32.5065,152.36379999999997,2004-03-15,50.0,0.0,
-32.5065,152.53049999999996,2004-03-15,50.0,0.0,
-31.0062,153.0306,2004-03-15,126.0,0.0,
-27.5055,153.8641,2004-03-15,184.0,0.0,
-27.0054,153.53070000000002,2004-03-15,158.0,0.0,
-36.5073,150.19669999999996,2004-03-16,108.0,0.0,
-27.8389,153.69740000000002,2004-03-16,144.0,0.1,
-27.3388,153.8641,2004-03-16,169.0,0.0,
-27.1721,154.0308,2004-03-16,185.0,0.0,
-27.0054,153.53070000000002,2004-03-16,155.0,0.0,
-27.0054,153.8641,2004-03-16,178.0,0.0,
-26.8387,153.69740000000002,2004-03-16,180.0,0.0,
-22.0044,113.68939999999998,2004-03-16,181.0,0.0,
-21.8377,113.68939999999998,2004-03-16,177.0,0.0,
-21.8377,114.3562,2004-03-16,175.0,0.0,
-21.671,114.02280000000002,2004-03-16,169.0,0.0,
-36.8407,150.19669999999996,2004-03-17,66.0,0.0,
-36.8407,150.3634,2004-03-17,66.0,0.0,
-36.674,150.3634,2004-03-17,66.0,0.0,
-36.1739,150.3634,2004-03-17,53.0,0.0,
-34.0068,151.697,2004-03-17,121.0,0.0,
-33.0066,152.53049999999996,2004-03-17,151.0,0.0,
-32.8399,152.36379999999997,2004-03-17,154.0,0.2,
-32.8399,152.53049999999996,2004-03-17,168.0,0.2,
-32.6732,152.53049999999996,2004-03-17,168.0,0.2,
-21.8377,114.18950000000001,2004-03-17,193.0,0.0,
-21.8377,114.3562,2004-03-17,193.0,0.0,
-21.671,114.02280000000002,2004-03-17,189.0,0.0,
-41.1749,148.5297,2004-03-18,282.0,0.0,
-32.8399,152.36379999999997,2004-03-18,141.0,0.0,
-32.8399,152.53049999999996,2004-03-18,111.0,0.0,
-32.6732,152.53049999999996,2004-03-18,111.0,0.0,
-28.1723,153.8641,2004-03-18,118.0,0.0,
-22.0044,113.68939999999998,2004-03-18,199.0,0.0,
-22.0044,113.85609999999997,2004-03-18,201.0,0.0,
-21.671,114.02280000000002,2004-03-18,199.0,0.0,
-21.671,114.18950000000001,2004-03-18,199.0,0.0,
-43.0086,148.1963,2004-03-19,274.0,0.0,
-37.0074,150.19669999999996,2004-03-19,51.0,0.0,
-36.5073,150.19669999999996,2004-03-19,57.0,0.0,
-35.8405,150.5301,2004-03-19,32.0,0.0,
-35.8405,150.6968,2004-03-19,27.0,0.0,
-35.6738,150.5301,2004-03-19,32.0,0.0,
-35.6738,150.6968,2004-03-19,27.0,0.0,
-34.0068,151.36360000000002,2004-03-19,49.0,0.0,
-34.0068,151.5303,2004-03-19,59.0,0.0,
-33.8401,151.36360000000002,2004-03-19,61.0,0.0,
-33.8401,151.697,2004-03-19,194.0,0.0,
-33.5067,151.36360000000002,2004-03-19,74.0,0.0,
-33.1733,151.5303,2004-03-19,121.0,0.0,
-32.8399,152.36379999999997,2004-03-19,183.0,0.0,
-32.6732,152.53049999999996,2004-03-19,202.0,0.0,
-32.6732,152.6972,2004-03-19,227.0,0.0,
-27.8389,153.53070000000002,2004-03-19,145.0,0.0,
-27.8389,153.8641,2004-03-19,146.0,0.0,
-43.0086,148.02959999999996,2004-03-20,224.0,0.0,
-42.5085,148.5297,2004-03-20,224.0,0.0,
-42.1751,148.363,2004-03-20,215.0,0.0,
-37.0074,150.19669999999996,2004-03-20,171.0,0.0,
-36.8407,150.02999999999997,2004-03-20,139.0,0.0,
-36.5073,150.19669999999996,2004-03-20,134.0,0.0,
-35.8405,150.5301,2004-03-20,177.0,0.0,
-35.8405,150.6968,2004-03-20,188.0,0.0,
-35.6738,150.19669999999996,2004-03-20,170.0,0.0,
-35.6738,150.5301,2004-03-20,177.0,0.0,
-35.6738,150.6968,2004-03-20,188.0,0.0,
-35.5071,150.6968,2004-03-20,190.0,0.0,
-35.1737,151.03020000000004,2004-03-20,197.0,0.0,
-34.0068,151.36360000000002,2004-03-20,108.0,0.0,
-34.0068,151.5303,2004-03-20,86.0,0.0,
-33.8401,151.36360000000002,2004-03-20,99.0,0.0,
-33.8401,151.5303,2004-03-20,66.0,0.0,
-33.8401,151.697,2004-03-20,18.0,0.0,
-33.6734,151.8637,2004-03-20,18.0,0.0,
-33.5067,151.36360000000002,2004-03-20,101.0,0.0,
-33.5067,151.5303,2004-03-20,65.0,0.0,
-33.5067,151.697,2004-03-20,34.0,0.0,
-33.5067,151.8637,2004-03-20,34.0,0.0,
-33.34,151.697,2004-03-20,65.0,0.0,
-33.34,152.0304,2004-03-20,31.0,0.0,
-33.34,152.19709999999998,2004-03-20,16.0,0.0,
-33.0066,152.53049999999996,2004-03-20,13.0,0.0,
-32.8399,152.53049999999996,2004-03-20,19.0,0.0,
-32.8399,152.6972,2004-03-20,10.0,0.0,
-32.6732,152.53049999999996,2004-03-20,19.0,0.0,
-32.6732,152.6972,2004-03-20,10.0,0.0,
-28.0056,153.53070000000002,2004-03-20,123.0,0.0,
-27.8389,153.36400000000003,2004-03-20,123.0,0.3,
-27.8389,153.69740000000002,2004-03-20,121.0,0.0,
-27.8389,153.8641,2004-03-20,121.0,0.0,
-27.8389,154.1975,2004-03-20,112.0,0.0,
-27.6722,153.8641,2004-03-20,121.0,0.0,
-27.6722,154.0308,2004-03-20,115.0,0.0,
-27.3388,153.19730000000004,2004-03-20,119.0,0.2,
-27.3388,153.36400000000003,2004-03-20,122.0,0.5,
-26.5053,153.36400000000003,2004-03-20,115.0,1.1,
-25.3384,153.0306,2004-03-20,119.0,0.0,
-42.1751,148.363,2004-03-21,243.0,0.0,
-41.1749,148.5297,2004-03-21,60.0,0.0,
-35.6738,150.5301,2004-03-21,179.0,0.1,
-33.8401,151.697,2004-03-21,154.0,0.2,
-33.34,151.697,2004-03-21,156.0,1.2,
-32.0064,115.18970000000002,2004-03-21,107.0,0.0,
-31.1729,153.19730000000004,2004-03-21,126.0,0.0,
-30.8395,153.0306,2004-03-21,114.0,0.0,
-28.0056,153.53070000000002,2004-03-21,139.0,0.0,
-27.3388,153.19730000000004,2004-03-21,130.0,0.0,
-27.3388,153.36400000000003,2004-03-21,139.0,0.0,
-6.8347,147.1961,2004-03-21,133.0,0.0,
-4.8343,146.1959,2004-03-21,294.0,0.0,
-37.1741,150.3634,2004-03-22,103.0,0.0,
-37.0074,150.3634,2004-03-22,121.0,0.0,
-36.5073,150.19669999999996,2004-03-22,119.0,0.0,
-32.0064,115.18970000000002,2004-03-22,70.0,0.0,
-4.8343,146.1959,2004-03-22,278.0,0.0,
-36.5073,150.19669999999996,2004-03-24,56.0,0.0,
-36.0072,150.3634,2004-03-24,77.0,0.0,
-32.8399,152.36379999999997,2004-03-24,174.0,0.0,
-32.6732,152.53049999999996,2004-03-24,178.0,0.0,
-32.6732,152.53049999999996,2004-03-25,360.0,0.0,
-37.0074,150.19669999999996,2004-03-26,180.0,0.0,
-35.6738,150.19669999999996,2004-03-26,133.0,0.0,
-35.1737,151.03020000000004,2004-03-26,166.0,0.0,
-35.007,151.19690000000003,2004-03-26,178.0,0.0,
-34.8403,150.8635,2004-03-26,145.0,0.0,
-34.8403,151.03020000000004,2004-03-26,151.0,0.0,
-34.6736,151.03020000000004,2004-03-26,151.0,0.0,
-34.6736,151.19690000000003,2004-03-26,173.0,0.0,
-33.34,152.19709999999998,2004-03-26,328.0,0.0,
-32.6732,152.53049999999996,2004-03-26,4.0,0.0,
-21.8377,113.1893,2004-03-26,201.0,0.0,
-42.8419,148.1963,2004-03-27,204.0,0.0,
-37.0074,150.19669999999996,2004-03-27,176.0,0.0,
-36.8407,150.19669999999996,2004-03-27,166.0,0.0,
-36.5073,150.19669999999996,2004-03-27,121.0,0.0,
-34.8403,150.8635,2004-03-27,113.0,0.3,
-34.8403,151.03020000000004,2004-03-27,126.0,0.0,
-34.0068,151.697,2004-03-27,131.0,0.0,
-33.34,151.697,2004-03-27,131.0,0.0,
-33.34,153.8641,2004-03-27,159.0,0.0,
-33.1733,151.697,2004-03-27,131.0,0.0,
-32.8399,151.8637,2004-03-27,147.0,0.0,
-32.8399,152.53049999999996,2004-03-27,158.0,0.0,
-32.6732,152.19709999999998,2004-03-27,161.0,0.5,
-32.6732,152.53049999999996,2004-03-27,158.0,0.0,
-27.8389,153.8641,2004-03-27,149.0,0.0,
-36.8407,150.3634,2004-03-28,20.0,0.0,
-36.5073,150.19669999999996,2004-03-28,22.0,0.0,
-35.3404,150.8635,2004-03-28,42.0,0.0,
-35.1737,151.03020000000004,2004-03-28,28.0,0.0,
-34.8403,151.03020000000004,2004-03-28,56.0,0.0,
-34.6736,151.19690000000003,2004-03-28,53.0,0.0,
-34.5069,151.03020000000004,2004-03-28,66.0,0.0,
-34.0068,151.36360000000002,2004-03-28,80.0,0.0,
-34.0068,151.697,2004-03-28,93.0,0.0,
-33.8401,151.5303,2004-03-28,87.0,0.0,
-33.6734,151.697,2004-03-28,97.0,0.0,
-33.5067,153.53070000000002,2004-03-28,155.0,0.0,
-33.34,151.697,2004-03-28,101.0,0.1,
-33.0066,151.8637,2004-03-28,115.0,0.0,
-33.0066,152.53049999999996,2004-03-28,134.0,0.0,
-32.8399,152.19709999999998,2004-03-28,124.0,0.0,
-32.8399,152.36379999999997,2004-03-28,130.0,0.0,
-32.6732,152.53049999999996,2004-03-28,140.0,0.0,
-20.3374,116.85669999999999,2004-03-28,174.0,0.0,
-17.6702,168.03359999999998,2004-03-28,189.0,0.0,
-4.8343,146.1959,2004-03-28,288.0,0.0,
-43.1753,148.02959999999996,2004-03-29,31.0,0.0,
-32.8399,151.8637,2004-03-29,26.0,0.0,
-30.3394,153.36400000000003,2004-03-29,102.0,0.2,
-36.5073,150.19669999999996,2004-03-30,250.0,0.0,
-35.8405,150.5301,2004-03-30,262.0,0.0,
-35.1737,151.03020000000004,2004-03-30,277.0,0.0,
-27.8389,153.8641,2004-03-30,103.0,0.0,
-18.6704,168.8671,2004-03-30,141.0,0.0,
-32.8399,152.53049999999996,2004-03-31,164.0,0.0,
-28.0056,153.8641,2004-03-31,348.0,0.0,
-27.8389,153.53070000000002,2004-03-31,2.0,0.0,
-27.8389,153.8641,2004-03-31,356.0,0.0,
-27.1721,154.0308,2004-03-31,45.0,0.0,
-27.0054,153.8641,2004-03-31,65.0,0.0,
-26.8387,153.53070000000002,2004-03-31,85.0,0.0,
-26.8387,153.69740000000002,2004-03-31,83.0,0.0,
-26.5053,153.36400000000003,2004-03-31,100.0,0.0,
-26.3386,153.19730000000004,2004-03-31,109.0,0.0,
-36.5073,150.19669999999996,2004-04-01,34.0,0.0,
-32.8399,152.53049999999996,2004-04-01,261.0,0.0,
-32.6732,152.53049999999996,2004-04-01,261.0,0.0,
-28.1723,153.8641,2004-04-01,347.0,0.0,
-27.8389,153.69740000000002,2004-04-01,342.0,0.0,
-27.8389,153.8641,2004-04-01,342.0,0.0,
-27.0054,153.53070000000002,2004-04-01,12.0,0.0,
-26.8387,153.69740000000002,2004-04-01,72.0,0.0,
-26.672,153.53070000000002,2004-04-01,45.0,0.0,
-26.5053,153.36400000000003,2004-04-01,85.0,0.0,
-37.1741,150.3634,2004-04-02,201.0,0.0,
-34.5069,151.03020000000004,2004-04-02,109.0,0.0,
-34.0068,151.5303,2004-04-02,118.0,0.0,
-33.0066,152.53049999999996,2004-04-02,103.0,0.2,
-32.8399,152.53049999999996,2004-04-02,115.0,0.0,
-32.6732,152.53049999999996,2004-04-02,115.0,0.0,
-32.5065,152.53049999999996,2004-04-02,168.0,0.0,
-27.6722,153.8641,2004-04-02,84.0,0.0,
-27.0054,153.36400000000003,2004-04-02,96.0,0.0,
-26.8387,153.36400000000003,2004-04-02,103.0,0.0,
-26.672,153.53070000000002,2004-04-02,109.0,0.0,
-43.1753,148.1963,2004-04-03,218.0,0.0,
-43.0086,148.02959999999996,2004-04-03,212.0,0.0,
-42.8419,148.1963,2004-04-03,205.0,0.0,
-37.0074,150.19669999999996,2004-04-03,176.0,0.0,
-36.5073,150.19669999999996,2004-04-03,145.0,0.2,
-35.1737,151.03020000000004,2004-04-03,58.0,0.2,
-35.007,150.8635,2004-04-03,77.0,0.3,
-34.8403,150.8635,2004-04-03,56.0,0.4,
-34.6736,151.03020000000004,2004-04-03,78.0,0.0,
-34.6736,151.19690000000003,2004-04-03,72.0,0.2,
-34.5069,150.8635,2004-04-03,43.0,0.3,
-34.3402,151.19690000000003,2004-04-03,54.0,0.0,
-33.8401,151.36360000000002,2004-04-03,59.0,0.2,
-33.34,152.19709999999998,2004-04-03,30.0,0.0,
-32.8399,152.53049999999996,2004-04-03,38.0,0.0,
-32.6732,152.53049999999996,2004-04-03,38.0,0.0,
-32.6732,152.8639,2004-04-03,35.0,0.0,
-27.8389,153.36400000000003,2004-04-03,126.0,0.0,
-27.8389,153.53070000000002,2004-04-03,133.0,0.2,
-26.672,153.53070000000002,2004-04-03,129.0,0.0,
-26.5053,153.36400000000003,2004-04-03,129.0,0.1,
-37.1741,150.19669999999996,2004-04-04,107.0,0.1,
-37.0074,150.19669999999996,2004-04-04,112.0,0.0,
-35.8405,150.5301,2004-04-04,147.0,0.2,
-35.6738,150.19669999999996,2004-04-04,157.0,0.3,
-34.8403,174.03480000000002,2004-04-04,167.0,0.0,
-34.0068,151.36360000000002,2004-04-04,101.0,0.3,
-33.8401,151.36360000000002,2004-04-04,96.0,0.2,
-33.34,152.19709999999998,2004-04-04,85.0,0.0,
-33.0066,151.8637,2004-04-04,92.0,0.0,
-32.6732,152.53049999999996,2004-04-04,62.0,0.0,
-32.6732,156.86469999999997,2004-04-04,108.0,0.0,
-30.3394,153.53070000000002,2004-04-04,123.0,0.0,
-27.8389,153.8641,2004-04-04,136.0,0.2,
-26.672,153.53070000000002,2004-04-04,140.0,0.1,
-36.5073,150.19669999999996,2004-04-06,21.0,0.0,
-34.1735,172.0344,2004-04-06,234.0,0.0,
-32.6732,152.19709999999998,2004-04-07,194.0,0.3,
-26.5053,153.53070000000002,2004-04-07,134.0,0.0,
-37.0074,150.19669999999996,2004-04-08,188.0,0.0,
-36.5073,150.19669999999996,2004-04-08,158.0,0.0,
-41.1749,148.5297,2004-04-09,310.0,0.0,
-38.5077,145.029,2004-04-09,216.0,0.0,
-37.0074,150.19669999999996,2004-04-09,18.0,0.0,
-36.5073,150.19669999999996,2004-04-09,39.0,0.0,
-35.1737,151.03020000000004,2004-04-09,6.0,0.0,
-34.0068,151.36360000000002,2004-04-09,41.0,0.0,
-33.8401,151.36360000000002,2004-04-09,66.0,0.0,
-33.5067,151.5303,2004-04-09,129.0,0.0,
-33.34,151.697,2004-04-09,129.0,0.0,
-32.8399,152.53049999999996,2004-04-09,168.0,0.0,
-20.3374,116.5233,2004-04-09,87.0,0.0,
-17.6702,168.03359999999998,2004-04-09,152.0,0.0,
-41.3416,148.5297,2004-04-10,144.0,0.0,
-41.3416,148.69640000000004,2004-04-10,151.0,0.0,
-41.1749,148.5297,2004-04-10,144.0,0.0,
-37.0074,150.19669999999996,2004-04-10,181.0,0.0,
-36.8407,150.19669999999996,2004-04-10,177.0,0.0,
-36.5073,150.19669999999996,2004-04-10,144.0,0.0,
-36.1739,150.3634,2004-04-10,168.0,0.0,
-35.1737,151.03020000000004,2004-04-10,161.0,0.3,
-34.0068,151.5303,2004-04-10,209.0,0.0,
-34.0068,151.8637,2004-04-10,247.0,0.0,
-33.8401,151.36360000000002,2004-04-10,182.0,0.0,
-33.6734,151.36360000000002,2004-04-10,173.0,0.0,
-33.5067,115.02300000000002,2004-04-10,264.0,0.0,
-33.5067,151.5303,2004-04-10,158.0,0.0,
-33.5067,151.697,2004-04-10,229.0,0.0,
-33.5067,151.8637,2004-04-10,229.0,0.0,
-33.5067,152.36379999999997,2004-04-10,348.0,0.0,
-33.34,152.19709999999998,2004-04-10,357.0,0.0,
-33.0066,152.53049999999996,2004-04-10,8.0,0.0,
-32.8399,152.53049999999996,2004-04-10,24.0,0.0,
-32.6732,152.53049999999996,2004-04-10,24.0,0.0,
-32.6732,152.6972,2004-04-10,10.0,0.0,
-30.8395,153.0306,2004-04-10,52.0,0.0,
-28.0056,153.53070000000002,2004-04-10,152.0,0.0,
-27.8389,153.53070000000002,2004-04-10,152.0,0.0,
-20.004,148.86310000000003,2004-04-10,130.0,0.1,
-15.3364,145.69579999999996,2004-04-10,132.0,0.3,
-36.3406,150.5301,2004-04-11,339.0,0.0,
-36.0072,150.3634,2004-04-11,328.0,0.0,
-33.5067,151.5303,2004-04-11,3.0,0.0,
-32.8399,152.53049999999996,2004-04-11,328.0,0.0,
-32.6732,152.19709999999998,2004-04-11,360.0,0.0,
-32.6732,152.53049999999996,2004-04-11,328.0,0.0,
-32.3398,153.0306,2004-04-11,356.0,0.0,
-30.3394,153.36400000000003,2004-04-11,346.0,0.0,
-27.8389,153.69740000000002,2004-04-11,131.0,0.0,
-27.8389,153.8641,2004-04-11,131.0,0.0,
-26.672,153.53070000000002,2004-04-11,137.0,0.0,
-38.5077,145.029,2004-04-12,188.0,0.0,
-38.1743,140.3614,2004-04-12,41.0,0.0,
-36.674,150.3634,2004-04-12,206.0,0.0,
-36.5073,150.19669999999996,2004-04-12,200.0,0.0,
-36.3406,150.19669999999996,2004-04-12,192.0,0.0,
-36.1739,150.3634,2004-04-12,198.0,0.0,
-35.5071,151.36360000000002,2004-04-12,210.0,0.0,
-35.1737,151.03020000000004,2004-04-12,194.0,0.0,
-34.3402,150.8635,2004-04-12,132.0,0.1,
-33.8401,151.36360000000002,2004-04-12,150.0,0.0,
-33.5067,151.5303,2004-04-12,160.0,0.0,
-33.5067,152.19709999999998,2004-04-12,169.0,0.0,
-33.0066,152.53049999999996,2004-04-12,186.0,0.0,
-32.6732,152.19709999999998,2004-04-12,202.0,0.0,
-32.6732,152.53049999999996,2004-04-12,197.0,0.0,
-32.6732,152.6972,2004-04-12,205.0,0.0,
-28.1723,153.8641,2004-04-12,332.0,0.0,
-27.8389,153.36400000000003,2004-04-12,327.0,0.0,
-27.8389,153.8641,2004-04-12,298.0,0.0,
-27.6722,153.8641,2004-04-12,298.0,0.0,
-27.1721,154.0308,2004-04-12,256.0,0.0,
-27.0054,153.53070000000002,2004-04-12,218.0,0.0,
-26.5053,153.36400000000003,2004-04-12,140.0,0.0,
-36.8407,150.3634,2004-04-13,40.0,0.0,
-36.5073,150.19669999999996,2004-04-13,32.0,0.0,
-34.5069,151.03020000000004,2004-04-13,156.0,0.1,
-27.8389,153.8641,2004-04-13,183.0,0.0,
-20.004,148.86310000000003,2004-04-13,118.0,0.0,
-36.5073,150.19669999999996,2004-04-14,26.0,0.0,
-34.5069,151.36360000000002,2004-04-14,22.0,0.0,
-34.3402,151.03020000000004,2004-04-14,28.0,0.0,
-32.8399,152.53049999999996,2004-04-14,210.0,0.0,
-27.8389,153.8641,2004-04-14,148.0,0.1,
-27.8389,153.8641,2004-04-15,148.0,0.0,
-43.1753,148.1963,2004-04-16,59.0,0.0,
-43.0086,148.02959999999996,2004-04-16,50.0,0.0,
-42.8419,148.1963,2004-04-16,52.0,0.0,
-42.8419,148.363,2004-04-16,52.0,0.0,
-33.34,152.0304,2004-04-16,17.0,0.0,
-27.8389,153.8641,2004-04-16,116.0,0.0,
-43.1753,148.1963,2004-04-17,229.0,0.0,
-43.0086,148.02959999999996,2004-04-17,224.0,0.0,
-43.0086,148.1963,2004-04-17,215.0,0.0,
-42.8419,148.1963,2004-04-17,197.0,0.0,
-42.1751,148.363,2004-04-17,173.0,0.0,
-41.3416,148.5297,2004-04-17,153.0,0.4,
-41.1749,148.5297,2004-04-17,153.0,0.4,
-34.5069,150.8635,2004-04-17,269.0,0.0,
-34.0068,151.36360000000002,2004-04-17,243.0,0.0,
-33.5067,151.5303,2004-04-17,319.0,0.0,
-33.5067,152.19709999999998,2004-04-17,339.0,0.0,
-33.0066,152.53049999999996,2004-04-17,360.0,0.0,
-29.0058,113.85609999999997,2004-04-17,296.0,0.0,
-28.8391,113.356,2004-04-17,268.0,0.0,
-28.6724,114.02280000000002,2004-04-17,299.0,0.0,
-28.1723,153.8641,2004-04-17,353.0,0.1,
-27.8389,153.8641,2004-04-17,23.0,0.3,
-20.3374,116.5233,2004-04-17,111.0,0.0,
7.0014,171.2009,2004-04-17,60.0,0.0,
-43.0086,148.02959999999996,2004-04-18,213.0,0.0,
-42.8419,148.1963,2004-04-18,211.0,0.0,
-36.5073,150.19669999999996,2004-04-18,216.0,0.0,
-36.3406,150.19669999999996,2004-04-18,202.0,0.0,
-35.007,150.8635,2004-04-18,190.0,0.0,
-34.5069,150.8635,2004-04-18,168.0,0.0,
-34.0068,151.19690000000003,2004-04-18,180.0,0.0,
-34.0068,151.36360000000002,2004-04-18,185.0,0.0,
-34.0068,151.5303,2004-04-18,194.0,0.0,
-30.8395,153.0306,2004-04-18,186.0,0.0,
-30.3394,153.19730000000004,2004-04-18,182.0,0.0,
-28.8391,113.356,2004-04-18,193.0,0.0,
-28.1723,153.53070000000002,2004-04-18,155.0,0.0,
-26.3386,153.53070000000002,2004-04-18,311.0,0.0,
-20.1707,149.02980000000002,2004-04-18,122.0,0.3,
-36.5073,150.19669999999996,2004-04-19,75.0,0.0,
-36.3406,150.19669999999996,2004-04-19,65.0,0.0,
-29.0058,168.03359999999998,2004-04-19,99.0,0.0,
-28.8391,113.356,2004-04-19,192.0,0.0,
-33.5067,151.36360000000002,2004-04-20,103.0,0.1,
-29.0058,113.85609999999997,2004-04-20,135.0,0.0,
-28.1723,153.8641,2004-04-20,153.0,0.0,
-34.8403,135.027,2004-04-21,360.0,0.0,
-34.0068,151.5303,2004-04-21,47.0,0.0,
-33.0066,151.8637,2004-04-21,96.0,0.0,
-29.0058,168.03359999999998,2004-04-21,112.0,0.0,
-28.8391,113.356,2004-04-21,213.0,0.0,
-28.1723,153.8641,2004-04-21,157.0,0.0,
-26.672,153.53070000000002,2004-04-21,162.0,0.0,
-26.5053,153.36400000000003,2004-04-21,153.0,0.0,
-26.5053,153.53070000000002,2004-04-21,160.0,0.0,
-34.5069,151.19690000000003,2004-04-22,35.0,0.0,
-32.6732,152.6972,2004-04-22,31.0,0.0,
-21.8377,113.85609999999997,2004-04-22,164.0,0.0,
-32.8399,151.8637,2004-04-23,328.0,0.0,
-29.0058,168.03359999999998,2004-04-23,62.0,0.1,
-33.0066,152.19709999999998,2004-04-24,278.0,0.0,
-32.8399,152.53049999999996,2004-04-24,260.0,0.0,
-30.8395,153.0306,2004-04-24,23.0,0.0,
-27.1721,153.69740000000002,2004-04-24,318.0,0.0,
-26.5053,153.36400000000003,2004-04-24,337.0,0.0,
-26.5053,153.53070000000002,2004-04-24,320.0,0.0,
-21.8377,113.85609999999997,2004-04-24,84.0,0.0,
-17.5035,168.7004,2004-04-24,92.0,0.0,
-36.5073,150.19669999999996,2004-04-25,234.0,0.0,
-33.6734,151.697,2004-04-25,269.0,0.0,
-33.6734,152.19709999999998,2004-04-25,266.0,0.0,
-33.5067,151.5303,2004-04-25,273.0,0.0,
-33.5067,152.36379999999997,2004-04-25,267.0,0.0,
-33.5067,152.6972,2004-04-25,266.0,0.0,
-32.8399,151.8637,2004-04-25,284.0,0.0,
-30.3394,153.19730000000004,2004-04-25,94.0,0.0,
-29.0058,168.03359999999998,2004-04-25,155.0,0.0,
-27.8389,153.8641,2004-04-25,323.0,0.0,
-27.1721,153.69740000000002,2004-04-25,309.0,0.0,
-26.5053,153.36400000000003,2004-04-25,314.0,0.0,
-5.1677,145.8625,2004-04-25,90.0,0.0,
-34.5069,150.8635,2004-04-26,100.0,0.0,
-27.8389,153.69740000000002,2004-04-26,164.0,0.0,
-27.8389,153.8641,2004-04-26,164.0,0.0,
-7.0014,147.1961,2004-04-26,105.0,0.0,
-36.5073,150.19669999999996,2004-04-29,27.0,0.0,
-36.3406,150.19669999999996,2004-04-29,34.0,0.0,
-43.6754,147.0294,2004-05-01,223.0,0.0,
-43.0086,148.02959999999996,2004-05-01,225.0,0.3,
-36.5073,150.19669999999996,2004-05-01,313.0,0.0,
-33.0066,151.697,2004-05-01,304.0,0.0,
-32.6732,152.36379999999997,2004-05-01,309.0,0.0,
-32.6732,152.53049999999996,2004-05-01,305.0,0.0,
-32.5065,152.36379999999997,2004-05-01,309.0,0.0,
-27.0054,153.53070000000002,2004-05-01,247.0,0.0,
-26.5053,153.36400000000003,2004-05-01,242.0,0.0,
-24.6716,153.19730000000004,2004-05-01,177.0,0.0,
-20.3374,116.5233,2004-05-01,104.0,0.0,
-36.5073,150.19669999999996,2004-05-02,303.0,0.0,
-34.3402,150.8635,2004-05-02,262.0,0.0,
-34.0068,151.36360000000002,2004-05-02,264.0,0.0,
-33.8401,151.697,2004-05-02,259.0,0.0,
-30.3394,153.19730000000004,2004-05-02,210.0,0.0,
-30.3394,153.53070000000002,2004-05-02,210.0,0.0,
-27.0054,153.53070000000002,2004-05-02,204.0,0.0,
-26.5053,153.36400000000003,2004-05-02,186.0,0.0,
-6.8347,147.1961,2004-05-02,160.0,0.4,
-36.5073,150.19669999999996,2004-05-03,311.0,0.0,
-35.3404,136.19389999999999,2004-05-04,216.0,0.0,
-21.8377,114.3562,2004-05-04,90.0,0.0,
-36.5073,150.19669999999996,2004-05-06,82.0,0.0,
-35.6738,150.6968,2004-05-06,345.0,0.0,
-20.5041,116.5233,2004-05-06,91.0,0.0,
-35.5071,150.8635,2004-05-07,100.0,0.4,
-34.6736,173.368,2004-05-07,235.0,0.0,
-27.8389,153.69740000000002,2004-05-07,132.0,0.3,
-27.8389,153.8641,2004-05-07,132.0,0.3,
-20.3374,116.5233,2004-05-07,133.0,0.0,
-37.1741,150.3634,2004-05-08,170.0,0.4,
-36.5073,150.19669999999996,2004-05-08,203.0,0.4,
-36.3406,150.3634,2004-05-08,224.0,0.4,
-35.5071,150.8635,2004-05-08,229.0,0.7,
-35.3404,150.8635,2004-05-08,215.0,0.6,
-34.5069,150.8635,2004-05-08,153.0,0.2,
-34.5069,151.19690000000003,2004-05-08,183.0,0.1,
-34.0068,151.697,2004-05-08,121.0,0.0,
-33.8401,151.697,2004-05-08,235.0,0.0,
-32.8399,152.6972,2004-05-08,216.0,0.0,
-32.6732,152.53049999999996,2004-05-08,219.0,0.0,
-30.8395,153.0306,2004-05-08,119.0,0.0,
-27.8389,153.8641,2004-05-08,179.0,0.9,
-27.6722,153.53070000000002,2004-05-08,178.0,0.7,
-27.6722,153.8641,2004-05-08,179.0,0.9,
-27.0054,153.53070000000002,2004-05-08,179.0,2.3,
-21.8377,114.3562,2004-05-08,155.0,0.0,
-20.5041,116.5233,2004-05-08,263.0,0.0,
-28.0056,153.53070000000002,2004-05-09,165.0,0.0,
-27.8389,153.53070000000002,2004-05-09,152.0,0.0,
-27.8389,153.8641,2004-05-09,161.0,0.3,
-20.5041,116.5233,2004-05-09,306.0,0.0,
-20.5041,116.5233,2004-05-10,259.0,0.0,
-15.3364,145.69579999999996,2004-05-10,153.0,0.0,
-21.8377,114.3562,2004-05-12,158.0,0.0,
-36.1739,150.19669999999996,2004-05-14,206.0,0.0,
-36.0072,150.3634,2004-05-14,209.0,0.0,
-21.8377,114.3562,2004-05-14,60.0,0.0,
-17.5035,168.5337,2004-05-14,189.0,0.0,
-36.674,150.3634,2004-05-15,205.0,0.0,
-36.5073,150.19669999999996,2004-05-15,68.0,0.0,
-36.5073,150.3634,2004-05-15,204.0,0.0,
-36.3406,150.19669999999996,2004-05-15,54.0,0.0,
-36.1739,150.3634,2004-05-15,207.0,0.0,
-34.5069,151.03020000000004,2004-05-15,225.0,0.0,
-27.1721,153.69740000000002,2004-05-15,173.0,0.0,
-26.8387,153.69740000000002,2004-05-15,202.0,0.0,
-21.8377,114.02280000000002,2004-05-15,65.0,0.0,
-7.5015,148.02959999999996,2004-05-15,150.0,0.0,
-7.0014,147.1961,2004-05-15,107.0,1.1,
-7.0014,147.86289999999997,2004-05-15,126.0,0.9,
-38.1743,140.5281,2004-05-16,265.0,0.0,
-36.5073,150.19669999999996,2004-05-16,252.0,0.0,
-36.3406,150.3634,2004-05-16,295.0,0.0,
-36.1739,150.19669999999996,2004-05-16,259.0,0.0,
-36.1739,150.3634,2004-05-16,295.0,0.0,
-35.3404,150.8635,2004-05-16,301.0,0.0,
-34.6736,151.19690000000003,2004-05-16,314.0,0.0,
-34.1735,151.5303,2004-05-16,298.0,0.0,
-34.0068,151.19690000000003,2004-05-16,293.0,0.0,
-34.0068,151.36360000000002,2004-05-16,296.0,0.0,
-34.0068,151.5303,2004-05-16,288.0,0.0,
-33.34,151.697,2004-05-16,272.0,0.0,
-31.5063,153.69740000000002,2004-05-16,242.0,0.0,
-31.3396,152.8639,2004-05-16,294.0,0.0,
-31.3396,153.0306,2004-05-16,300.0,0.0,
-31.3396,153.19730000000004,2004-05-16,276.0,0.0,
-27.1721,154.0308,2004-05-16,241.0,0.0,
-26.8387,153.36400000000003,2004-05-16,222.0,0.0,
-26.5053,153.8641,2004-05-16,228.0,0.0,
-20.5041,116.5233,2004-05-16,274.0,0.0,
-20.1707,148.86310000000003,2004-05-16,129.0,0.0,
-19.0038,146.69600000000003,2004-05-16,130.0,0.0,
-18.6704,168.8671,2004-05-16,191.0,0.0,
-17.5035,168.5337,2004-05-16,128.0,0.0,
-7.3348,147.1961,2004-05-16,166.0,1.2,
-7.3348,147.3628,2004-05-16,166.0,1.2,
-7.0014,147.1961,2004-05-16,161.0,4.2,
-7.0014,147.3628,2004-05-16,161.0,4.2,
-36.5073,150.19669999999996,2004-05-17,203.0,0.0,
-36.1739,150.3634,2004-05-17,203.0,0.0,
-36.1739,150.6968,2004-05-17,232.0,0.0,
-17.5035,168.5337,2004-05-17,92.0,0.0,
-35.6738,150.3634,2004-05-18,2.0,0.0,
-28.1723,153.8641,2004-05-18,360.0,0.0,
-28.0056,153.53070000000002,2004-05-18,360.0,0.0,
-17.5035,168.5337,2004-05-19,164.0,0.0,
-36.5073,150.19669999999996,2004-05-20,294.0,0.0,
-36.3406,150.5301,2004-05-20,282.0,0.0,
-32.6732,152.53049999999996,2004-05-20,332.0,0.0,
-21.8377,114.3562,2004-05-20,67.0,0.0,
-38.1743,140.5281,2004-05-21,326.0,0.0,
-36.5073,150.19669999999996,2004-05-21,196.0,0.0,
-21.8377,113.1893,2004-05-21,222.0,0.0,
-43.6754,147.0294,2004-05-22,22.0,0.0,
-36.8407,150.19669999999996,2004-05-22,8.0,0.0,
-36.3406,150.5301,2004-05-22,360.0,0.0,
-35.1737,151.03020000000004,2004-05-22,315.0,0.0,
-34.0068,151.36360000000002,2004-05-22,157.0,0.0,
-33.5067,151.5303,2004-05-22,139.0,0.1,
-32.8399,151.8637,2004-05-22,114.0,0.0,
-36.3406,150.5301,2004-05-23,13.0,0.0,
-35.8405,150.5301,2004-05-23,15.0,0.0,
-34.6736,151.19690000000003,2004-05-23,2.0,0.0,
-34.0068,151.5303,2004-05-23,8.0,0.0,
-21.8377,114.3562,2004-05-23,175.0,0.0,
-26.5053,153.36400000000003,2004-05-24,137.0,0.2,
-36.5073,150.19669999999996,2004-05-25,72.0,0.0,
-21.8377,114.3562,2004-05-25,139.0,0.0,
-36.5073,150.19669999999996,2004-05-26,224.0,0.0,
-32.6732,152.53049999999996,2004-05-28,255.0,0.0,
-21.8377,114.3562,2004-05-28,113.0,0.0,
-18.6704,168.8671,2004-05-28,116.0,0.0,
-17.8369,168.20029999999997,2004-05-28,108.0,0.0,
-28.1723,153.8641,2004-05-29,194.0,0.0,
-17.8369,168.36699999999996,2004-05-29,147.0,0.0,
-33.34,152.19709999999998,2004-05-30,254.0,0.0,
-26.5053,153.36400000000003,2004-05-30,185.0,0.0,
-17.8369,168.36699999999996,2004-05-30,135.0,0.0,
-17.6702,168.03359999999998,2004-05-30,137.0,0.0,
-17.5035,168.20029999999997,2004-05-30,126.0,0.0,
-4.5009,146.1959,2004-05-30,129.0,0.3,
-26.5053,153.36400000000003,2004-05-31,173.0,0.0,
-17.8369,168.20029999999997,2004-05-31,140.0,0.0,
-17.8369,168.36699999999996,2004-05-31,140.0,0.0,
-36.0072,150.3634,2004-06-01,333.0,0.0,
-28.1723,159.5319,2004-06-01,108.0,0.0,
-26.5053,153.36400000000003,2004-06-02,43.0,0.0,
-26.5053,153.36400000000003,2004-06-03,314.0,0.0,
-27.1721,153.69740000000002,2004-06-04,171.0,0.0,
-26.5053,153.36400000000003,2004-06-04,184.0,0.0,
-21.8377,113.1893,2004-06-04,148.0,0.0,
-21.671,114.02280000000002,2004-06-04,147.0,0.0,
-37.3408,150.3634,2004-06-05,235.0,0.0,
-20.5041,116.5233,2004-06-05,88.0,0.0,
-20.5041,116.69,2004-06-05,74.0,0.0,
-20.3374,116.5233,2004-06-05,114.0,0.0,
-36.1739,150.3634,2004-06-06,11.0,0.0,
-33.8401,151.36360000000002,2004-06-06,217.0,0.0,
-31.3396,153.0306,2004-06-06,231.0,0.0,
-30.3394,153.36400000000003,2004-06-06,204.0,0.0,
-30.3394,153.53070000000002,2004-06-06,197.0,0.0,
-20.5041,116.5233,2004-06-06,90.0,0.0,
-20.5041,116.69,2004-06-06,72.0,0.0,
-20.3374,116.5233,2004-06-06,106.0,0.0,
-4.8343,145.8625,2004-06-06,9.0,1.3,
-28.0056,154.36419999999998,2004-06-07,50.0,2.6,
-20.5041,116.35660000000001,2004-06-07,90.0,0.0,
-20.5041,116.5233,2004-06-07,84.0,0.0,
-20.5041,116.69,2004-06-07,58.0,0.0,
-20.3374,116.5233,2004-06-07,107.0,0.0,
-26.5053,153.36400000000003,2004-06-08,170.0,2.8,
-26.5053,153.36400000000003,2004-06-09,132.0,0.1,
-20.5041,116.69,2004-06-10,260.0,0.0,
-28.1723,153.8641,2004-06-11,187.0,0.0,
-26.5053,153.36400000000003,2004-06-11,186.0,0.0,
-32.6732,152.36379999999997,2004-06-12,248.0,0.0,
-32.6732,152.53049999999996,2004-06-12,248.0,0.0,
-20.5041,116.5233,2004-06-12,186.0,0.0,
-20.5041,117.35680000000002,2004-06-12,241.0,0.0,
-20.3374,116.5233,2004-06-12,174.0,0.0,
-6.668,147.1961,2004-06-12,137.0,1.2,
-36.1739,150.19669999999996,2004-06-13,340.0,0.0,
-32.6732,152.53049999999996,2004-06-13,341.0,0.0,
-26.5053,153.36400000000003,2004-06-13,181.0,0.0,
-20.5041,116.5233,2004-06-13,102.0,0.0,
-7.0014,147.3628,2004-06-13,95.0,0.0,
-6.668,147.1961,2004-06-13,101.0,0.5,
-36.5073,150.19669999999996,2004-06-14,351.0,0.0,
-32.6732,152.53049999999996,2004-06-14,356.0,0.0,
-31.3396,152.8639,2004-06-14,342.0,0.0,
-27.8389,153.69740000000002,2004-06-14,280.0,0.0,
-26.5053,153.36400000000003,2004-06-14,176.0,0.0,
-17.6702,168.03359999999998,2004-06-14,113.0,0.0,
-6.8347,147.0294,2004-06-14,93.0,0.0,
-6.668,147.1961,2004-06-14,106.0,0.0,
-6.668,147.86289999999997,2004-06-14,153.0,0.4,
-28.0056,153.8641,2004-06-15,322.0,0.0,
-26.5053,153.36400000000003,2004-06-15,17.0,0.0,
-20.5041,116.5233,2004-06-15,88.0,0.0,
-26.5053,153.36400000000003,2004-06-18,260.0,0.0,
-21.8377,114.3562,2004-06-18,68.0,0.0,
-26.5053,153.36400000000003,2004-06-19,313.0,0.0,
-20.5041,116.5233,2004-06-19,94.0,0.0,
-18.337,147.1961,2004-06-19,333.0,0.0,
-17.8369,146.1959,2004-06-19,18.0,0.0,
-17.8369,146.52930000000003,2004-06-19,340.0,0.0,
-29.0058,113.85609999999997,2004-06-20,10.0,0.0,
-7.0014,147.0294,2004-06-20,105.0,0.1,
-4.8343,145.8625,2004-06-20,81.0,0.1,
-21.8377,114.3562,2004-06-21,64.0,0.0,
-26.5053,153.36400000000003,2004-06-22,178.0,0.0,
-21.8377,114.3562,2004-06-22,66.0,0.0,
-20.5041,116.5233,2004-06-22,91.0,0.0,
-35.1737,150.5301,2004-06-23,330.0,0.0,
-26.5053,153.36400000000003,2004-06-23,171.0,0.0,
-26.5053,153.36400000000003,2004-06-24,238.0,0.0,
-27.8389,154.1975,2004-06-25,257.0,0.0,
-26.8387,153.53070000000002,2004-06-25,207.0,0.0,
-26.5053,153.36400000000003,2004-06-25,176.0,0.0,
-20.1707,150.02999999999997,2004-06-25,150.0,0.0,
-16.5033,146.0292,2004-06-25,165.0,0.0,
-30.3394,153.19730000000004,2004-06-26,241.0,0.0,
-28.1723,153.8641,2004-06-26,272.0,0.0,
-27.8389,153.53070000000002,2004-06-26,270.0,0.0,
-27.8389,153.8641,2004-06-26,266.0,0.0,
-26.5053,153.36400000000003,2004-06-26,218.0,0.0,
-26.5053,153.36400000000003,2004-06-28,182.0,0.1,
-20.5041,116.5233,2004-06-28,98.0,0.0,
-27.0054,153.53070000000002,2004-06-29,272.0,0.0,
-28.1723,153.8641,2004-06-30,332.0,0.0,
-27.8389,153.36400000000003,2004-06-30,315.0,0.0,
-27.6722,153.8641,2004-06-30,308.0,0.0,
-27.0054,153.53070000000002,2004-06-30,305.0,0.0,
-26.8387,153.69740000000002,2004-06-30,307.0,0.0,
-26.5053,153.36400000000003,2004-06-30,322.0,0.0,
-18.6704,168.8671,2004-06-30,150.0,0.0,
-16.5033,146.0292,2004-06-30,159.0,0.0,
-6.668,147.0294,2004-06-30,128.0,0.1,
-27.8389,153.53070000000002,2004-07-01,270.0,0.0,
-20.3374,149.02980000000002,2004-07-01,123.0,0.0,
-26.5053,153.36400000000003,2004-07-02,333.0,0.0,
-30.3394,153.36400000000003,2004-07-04,341.0,0.0,
-20.5041,116.5233,2004-07-04,90.0,0.0,
-16.5033,145.69579999999996,2004-07-04,155.0,0.0,
-16.5033,146.0292,2004-07-04,156.0,0.0,
-16.5033,145.8625,2004-07-05,137.0,0.1,
-16.3366,145.8625,2004-07-05,144.0,0.1,
-26.5053,153.36400000000003,2004-07-06,202.0,0.0,
-20.1707,149.02980000000002,2004-07-06,171.0,0.0,
-17.8369,168.36699999999996,2004-07-06,84.0,0.0,
-33.6734,151.697,2004-07-07,286.0,0.0,
-26.5053,153.36400000000003,2004-07-07,227.0,0.0,
-16.5033,145.69579999999996,2004-07-07,147.0,0.0,
-33.0066,152.53049999999996,2004-07-10,53.0,0.0,
-17.8369,168.36699999999996,2004-07-10,154.0,0.0,
-33.8401,151.697,2004-07-11,349.0,0.0,
-27.8389,153.69740000000002,2004-07-11,55.0,0.0,
-27.6722,153.8641,2004-07-11,55.0,0.0,
-34.0068,151.5303,2004-07-16,330.0,0.0,
-30.3394,153.19730000000004,2004-07-16,101.0,0.0,
-16.5033,145.69579999999996,2004-07-16,146.0,0.0,
-16.5033,145.8625,2004-07-16,146.0,0.0,
-26.8387,153.69740000000002,2004-07-17,300.0,0.0,
-26.5053,153.36400000000003,2004-07-17,332.0,0.0,
-18.337,146.69600000000003,2004-07-17,155.0,0.0,
-27.0054,153.8641,2004-07-18,239.0,0.0,
-20.3374,116.18989999999997,2004-07-18,98.0,0.0,
-30.3394,153.19730000000004,2004-07-19,210.0,0.0,
-19.3372,178.20230000000004,2004-07-19,94.0,0.0,
-20.3374,116.5233,2004-07-20,75.0,0.0,
-20.5041,116.5233,2004-07-23,77.0,0.0,
-7.3348,147.3628,2004-07-23,96.0,0.0,
-6.8347,147.1961,2004-07-23,123.0,0.0,
-27.8389,153.69740000000002,2004-07-24,74.0,0.0,
-27.0054,153.53070000000002,2004-07-24,78.0,0.0,
-20.3374,116.18989999999997,2004-07-24,203.0,0.1,
-20.004,116.35660000000001,2004-07-24,209.0,0.2,
-7.3348,147.1961,2004-07-24,327.0,0.0,
-7.0014,147.1961,2004-07-24,322.0,0.0,
-6.668,147.1961,2004-07-24,225.0,0.0,
-27.8389,153.69740000000002,2004-07-25,312.0,0.0,
-27.0054,153.8641,2004-07-25,322.0,0.0,
-20.004,148.86310000000003,2004-07-25,125.0,0.0,
-18.5037,146.86270000000002,2004-07-25,132.0,0.0,
-7.0014,147.69619999999998,2004-07-25,195.0,0.0,
-6.8347,147.1961,2004-07-25,139.0,0.0,
-6.668,147.1961,2004-07-25,139.0,0.0,
-17.6702,168.03359999999998,2004-07-26,120.0,0.0,
-17.5035,168.5337,2004-07-26,121.0,0.0,
-19.1705,147.52949999999998,2004-07-27,220.0,0.0,
-32.0064,115.18970000000002,2004-07-29,15.0,0.0,
-28.1723,165.03300000000002,2004-07-30,186.0,0.0,
-21.5043,114.85630000000003,2004-07-30,225.0,0.0,
-20.5041,116.5233,2004-07-30,228.0,0.0,
-20.3374,116.18989999999997,2004-07-30,206.0,0.0,
-20.3374,116.5233,2004-07-30,216.0,0.0,
-20.3374,116.85669999999999,2004-07-30,224.0,0.0,
-36.5073,150.19669999999996,2004-07-31,166.0,0.0,
-27.8389,153.53070000000002,2004-07-31,143.0,0.2,
-27.0054,153.53070000000002,2004-07-31,149.0,0.4,
-26.3386,153.19730000000004,2004-07-31,139.0,0.0,
-22.1711,113.85609999999997,2004-07-31,157.0,0.0,
-21.5043,114.85630000000003,2004-07-31,207.0,0.0,
-20.5041,116.5233,2004-07-31,180.0,0.0,
-20.5041,116.69,2004-07-31,38.0,0.0,
-20.3374,116.5233,2004-07-31,176.0,0.0,
-20.3374,116.85669999999999,2004-07-31,154.0,0.0,
-20.004,116.85669999999999,2004-07-31,165.0,0.0,
-27.8389,153.53070000000002,2004-08-01,333.0,0.0,
-26.5053,153.36400000000003,2004-08-01,162.0,0.0,
-20.5041,116.5233,2004-08-01,215.0,0.0,
-20.5041,116.69,2004-08-01,213.0,0.0,
-20.3374,116.5233,2004-08-01,211.0,0.0,
-20.3374,116.85669999999999,2004-08-01,214.0,0.0,
-20.004,116.85669999999999,2004-08-01,209.0,0.0,
-19.0038,147.3628,2004-08-01,112.0,0.0,
-21.5043,114.85630000000003,2004-08-02,141.0,0.0,
-20.5041,116.5233,2004-08-02,112.0,0.0,
-20.3374,116.5233,2004-08-02,119.0,0.0,
-20.004,116.85669999999999,2004-08-02,121.0,0.0,
-30.3394,153.53070000000002,2004-08-03,336.0,0.0,
-14.1695,136.36059999999998,2004-08-03,331.0,0.0,
-20.3374,116.85669999999999,2004-08-05,107.0,0.0,
-34.0068,151.5303,2004-08-07,216.0,0.0,
-34.0068,151.697,2004-08-07,223.0,0.0,
-34.0068,151.8637,2004-08-07,223.0,0.0,
-33.8401,151.36360000000002,2004-08-07,216.0,0.0,
-33.8401,152.0304,2004-08-07,235.0,0.0,
-33.6734,151.36360000000002,2004-08-07,216.0,0.0,
-27.8389,153.69740000000002,2004-08-07,336.0,0.0,
-26.5053,153.36400000000003,2004-08-07,342.0,0.0,
-24.8383,153.69740000000002,2004-08-07,250.0,0.0,
-20.5041,116.5233,2004-08-07,119.0,0.0,
-19.1705,147.0294,2004-08-07,57.0,0.0,
-17.0034,146.0292,2004-08-07,140.0,0.0,
-16.67,145.8625,2004-08-07,111.0,0.0,
-34.6736,151.19690000000003,2004-08-08,241.0,0.0,
-34.0068,151.5303,2004-08-08,245.0,0.0,
-34.0068,151.697,2004-08-08,242.0,0.0,
-33.6734,151.697,2004-08-08,244.0,0.0,
-32.8399,152.53049999999996,2004-08-08,246.0,0.0,
-31.3396,152.8639,2004-08-08,214.0,0.0,
-30.3394,153.19730000000004,2004-08-08,220.0,0.0,
-30.3394,153.36400000000003,2004-08-08,213.0,0.0,
-30.3394,153.53070000000002,2004-08-08,219.0,0.0,
-30.006,153.36400000000003,2004-08-08,222.0,0.0,
-26.5053,153.36400000000003,2004-08-08,212.0,0.0,
-19.0038,147.3628,2004-08-08,186.0,0.0,
-17.8369,146.1959,2004-08-08,107.0,0.0,
-16.67,145.8625,2004-08-08,97.0,0.0,
-17.5035,121.69100000000003,2004-08-09,140.0,0.0,
-17.5035,168.7004,2004-08-09,126.0,0.0,
-17.5035,168.7004,2004-08-10,133.0,0.6,
-29.0058,168.03359999999998,2004-08-11,283.0,0.0,
-18.337,146.69600000000003,2004-08-14,288.0,0.0,
-18.1703,146.69600000000003,2004-08-14,288.0,0.0,
-16.67,145.8625,2004-08-14,36.0,0.0,
-16.5033,145.8625,2004-08-14,180.0,0.0,
-20.004,148.86310000000003,2004-08-15,261.0,0.0,
-19.1705,147.52949999999998,2004-08-15,199.0,0.0,
-18.5037,-174.2015,2004-08-15,146.0,0.0,
-18.5037,146.52930000000003,2004-08-15,153.0,0.0,
-18.337,146.69600000000003,2004-08-15,188.0,0.0,
-18.1703,146.69600000000003,2004-08-15,188.0,0.0,
-17.8369,146.52930000000003,2004-08-15,180.0,0.0,
-16.5033,145.69579999999996,2004-08-15,27.0,0.0,
-11.0022,130.026,2004-08-15,304.0,0.0,
-17.8369,168.36699999999996,2004-08-16,229.0,0.0,
-20.004,148.86310000000003,2004-08-17,36.0,0.0,
-16.5033,145.69579999999996,2004-08-17,108.0,0.0,
-19.0038,147.3628,2004-08-18,199.0,0.0,
-17.6702,168.03359999999998,2004-08-18,134.0,0.0,
-27.8389,153.36400000000003,2004-08-19,173.0,0.0,
-19.0038,147.3628,2004-08-19,157.0,0.0,
-18.6704,168.8671,2004-08-20,84.0,0.2,
-18.337,146.69600000000003,2004-08-20,140.0,0.0,
-35.1737,151.03020000000004,2004-08-21,299.0,0.0,
-27.8389,153.8641,2004-08-21,295.0,0.0,
-20.5041,116.69,2004-08-21,268.0,0.0,
-18.337,146.69600000000003,2004-08-21,101.0,0.0,
-26.5053,153.36400000000003,2004-08-22,4.0,0.0,
-20.3374,116.5233,2004-08-22,318.0,0.0,
-20.004,148.86310000000003,2004-08-22,122.0,0.0,
-18.337,146.69600000000003,2004-08-22,168.0,0.0,
-18.1703,146.69600000000003,2004-08-22,168.0,0.0,
-6.8347,147.1961,2004-08-22,117.0,0.0,
-21.1709,115.02300000000002,2004-08-23,173.0,0.0,
-18.5037,-174.2015,2004-08-23,131.0,0.0,
-18.337,146.69600000000003,2004-08-23,130.0,0.0,
-21.1709,115.02300000000002,2004-08-24,187.0,0.0,
-20.004,148.86310000000003,2004-08-24,96.0,0.0,
-30.3394,153.53070000000002,2004-08-25,99.0,0.0,
-17.6702,121.85770000000002,2004-08-26,265.0,0.0,
-27.6722,153.8641,2004-08-27,328.0,0.0,
-21.1709,115.02300000000002,2004-08-27,193.0,0.0,
-37.0074,150.19669999999996,2004-08-28,165.0,0.0,
-36.5073,150.19669999999996,2004-08-28,152.0,0.0,
-19.0038,147.3628,2004-08-28,132.0,0.0,
-6.668,147.0294,2004-08-28,133.0,0.9,
-37.0074,150.19669999999996,2004-08-29,18.0,0.0,
-24.6716,153.19730000000004,2004-08-29,351.0,0.0,
-7.5015,148.02959999999996,2004-08-29,121.0,0.0,
-7.3348,147.3628,2004-08-29,96.0,0.8,
-7.0014,148.02959999999996,2004-08-29,131.0,0.2,
-6.668,147.1961,2004-08-29,137.0,0.8,
-5.1677,145.8625,2004-08-29,56.0,0.0,
-4.6676,145.69579999999996,2004-08-29,74.0,0.0,
-20.3374,116.85669999999999,2004-08-30,104.0,0.0,
-18.337,146.52930000000003,2004-08-30,122.0,0.0,
-16.5033,145.69579999999996,2004-08-30,147.0,0.0,
-19.0038,147.3628,2004-08-31,2.0,0.0,
-16.67,145.8625,2004-08-31,67.0,0.0,
-16.5033,145.69579999999996,2004-08-31,103.0,0.0,
-19.0038,147.3628,2004-09-01,188.0,0.0,
-20.3374,116.5233,2004-09-02,122.0,0.0,
-35.5071,150.5301,2004-09-03,43.0,0.0,
-30.3394,153.36400000000003,2004-09-03,170.0,0.0,
-19.0038,147.69619999999998,2004-09-03,108.0,0.0,
-34.6736,151.19690000000003,2004-09-04,189.0,0.0,
-34.5069,151.03020000000004,2004-09-04,163.0,0.0,
-20.5041,116.5233,2004-09-04,16.0,0.0,
-20.3374,116.5233,2004-09-04,5.0,0.0,
-36.5073,150.19669999999996,2004-09-05,178.0,0.5,
-36.0072,150.3634,2004-09-05,174.0,0.1,
-35.007,117.6902,2004-09-05,255.0,0.0,
-30.3394,153.19730000000004,2004-09-05,90.0,0.0,
-30.3394,153.53070000000002,2004-09-05,27.0,0.0,
-27.0054,153.53070000000002,2004-09-05,189.0,0.0,
-26.5053,153.36400000000003,2004-09-05,126.0,0.0,
-21.8377,114.3562,2004-09-05,217.0,0.0,
-20.3374,116.18989999999997,2004-09-05,264.0,0.0,
-20.3374,116.5233,2004-09-05,259.0,0.0,
-19.1705,147.52949999999998,2004-09-05,86.0,0.2,
-19.0038,147.3628,2004-09-05,83.0,0.0,
-18.6704,146.86270000000002,2004-09-05,74.0,0.4,
-18.6704,147.0294,2004-09-05,79.0,0.3,
-18.337,146.69600000000003,2004-09-05,72.0,0.4,
-14.8363,145.69579999999996,2004-09-05,117.0,0.0,
-19.1705,147.52949999999998,2004-09-06,70.0,0.0,
-19.1705,147.69619999999998,2004-09-06,73.0,0.0,
-19.0038,147.3628,2004-09-06,70.0,0.0,
-19.0038,147.69619999999998,2004-09-06,73.0,0.0,
-18.337,146.69600000000003,2004-09-06,70.0,0.0,
-33.8401,151.697,2004-09-07,18.0,0.0,
-19.1705,147.52949999999998,2004-09-07,70.0,0.0,
-19.1705,147.69619999999998,2004-09-07,75.0,0.0,
-19.0038,147.3628,2004-09-07,73.0,0.0,
-17.8369,122.1911,2004-09-07,150.0,0.0,
-17.5035,121.69100000000003,2004-09-07,156.0,0.0,
-19.8373,149.02980000000002,2004-09-08,66.0,0.0,
-19.1705,147.52949999999998,2004-09-08,43.0,0.0,
-19.0038,147.3628,2004-09-08,57.0,0.0,
-18.337,146.69600000000003,2004-09-08,61.0,0.0,
-18.1703,146.69600000000003,2004-09-08,61.0,0.0,
-17.6702,122.1911,2004-09-08,123.0,0.0,
-17.5035,121.69100000000003,2004-09-08,132.0,0.0,
-17.5035,121.85770000000002,2004-09-08,132.0,0.0,
-19.1705,147.52949999999998,2004-09-09,356.0,0.0,
-19.0038,147.3628,2004-09-09,360.0,0.0,
-19.0038,147.69619999999998,2004-09-09,214.0,0.0,
-18.8371,147.3628,2004-09-09,180.0,0.0,
-18.337,146.69600000000003,2004-09-09,162.0,0.0,
-18.0036,146.52930000000003,2004-09-09,150.0,0.0,
-17.8369,122.1911,2004-09-09,107.0,0.0,
-17.6702,121.85770000000002,2004-09-09,148.0,0.0,
-17.5035,121.69100000000003,2004-09-09,150.0,0.0,
-17.5035,121.85770000000002,2004-09-09,150.0,0.0,
-24.8383,152.8639,2004-09-10,161.0,0.0,
-24.6716,153.19730000000004,2004-09-10,167.0,0.0,
-17.8369,122.1911,2004-09-10,118.0,0.0,
-17.6702,121.85770000000002,2004-09-10,158.0,0.0,
-17.6702,122.02440000000001,2004-09-10,118.0,0.0,
-17.6702,122.1911,2004-09-10,118.0,0.0,
-17.5035,121.69100000000003,2004-09-10,159.0,0.0,
-17.5035,121.85770000000002,2004-09-10,159.0,0.0,
-17.5035,122.02440000000001,2004-09-10,114.0,0.0,
-37.0074,150.3634,2004-09-11,20.0,0.0,
-34.6736,151.19690000000003,2004-09-11,4.0,0.0,
-33.6734,151.36360000000002,2004-09-11,335.0,0.0,
-26.5053,153.36400000000003,2004-09-11,69.0,0.0,
-24.6716,153.19730000000004,2004-09-11,155.0,0.0,
-18.1703,146.3626,2004-09-11,126.0,0.0,
-18.1703,146.69600000000003,2004-09-11,132.0,0.0,
-18.0036,146.3626,2004-09-11,128.0,0.0,
-17.6702,122.1911,2004-09-11,114.0,0.0,
-17.5035,121.69100000000003,2004-09-11,152.0,0.0,
-17.5035,121.85770000000002,2004-09-11,152.0,0.0,
-14.1695,136.36059999999998,2004-09-11,127.0,0.0,
-26.5053,153.36400000000003,2004-09-12,228.0,0.0,
-24.6716,153.19730000000004,2004-09-12,248.0,0.0,
-19.5039,149.19650000000001,2004-09-12,140.0,0.0,
-19.1705,147.52949999999998,2004-09-12,129.0,0.0,
-18.1703,146.69600000000003,2004-09-12,150.0,0.0,
-18.0036,146.52930000000003,2004-09-12,145.0,0.0,
-17.8369,122.1911,2004-09-12,119.0,0.0,
-17.6702,122.02440000000001,2004-09-12,119.0,0.0,
-17.6702,122.1911,2004-09-12,119.0,0.0,
-17.5035,121.69100000000003,2004-09-12,142.0,0.0,
-16.5033,146.0292,2004-09-12,145.0,0.0,
-14.8363,145.69579999999996,2004-09-12,135.0,0.0,
-26.5053,153.36400000000003,2004-09-13,157.0,0.0,
-18.1703,146.69600000000003,2004-09-13,139.0,0.0,
-18.0036,146.52930000000003,2004-09-13,142.0,0.0,
-17.5035,121.69100000000003,2004-09-13,79.0,0.0,
-37.1741,150.3634,2004-09-14,353.0,0.0,
-27.0054,153.53070000000002,2004-09-15,342.0,0.0,
-26.672,153.53070000000002,2004-09-17,115.0,0.0,
-26.5053,153.36400000000003,2004-09-17,97.0,0.0,
-20.6708,149.3632,2004-09-17,127.0,0.0,
-37.0074,150.19669999999996,2004-09-18,175.0,0.0,
-34.3402,150.8635,2004-09-18,110.0,0.1,
-34.3402,151.19690000000003,2004-09-18,120.0,0.2,
-34.3402,151.5303,2004-09-18,118.0,0.1,
-34.1735,151.19690000000003,2004-09-18,120.0,0.2,
-34.1735,151.5303,2004-09-18,118.0,0.1,
-34.0068,151.5303,2004-09-18,125.0,0.0,
-34.0068,151.697,2004-09-18,117.0,0.0,
-33.8401,151.36360000000002,2004-09-18,148.0,0.0,
-32.8399,152.53049999999996,2004-09-18,221.0,0.0,
-30.3394,153.36400000000003,2004-09-18,125.0,0.0,
-30.3394,153.53070000000002,2004-09-18,122.0,0.0,
-27.0054,153.8641,2004-09-18,343.0,0.0,
-26.5053,153.36400000000003,2004-09-18,18.0,0.0,
-19.0038,147.3628,2004-09-18,107.0,0.0,
-18.1703,146.69600000000003,2004-09-18,116.0,0.0,
-16.5033,145.69579999999996,2004-09-18,124.0,0.0,
-16.1699,145.8625,2004-09-18,129.0,0.0,
-15.003,145.69579999999996,2004-09-18,121.0,0.0,
-14.8363,145.69579999999996,2004-09-18,121.0,0.0,
-7.0014,147.1961,2004-09-18,110.0,1.2,
-7.0014,147.3628,2004-09-18,110.0,1.2,
-7.0014,147.69619999999998,2004-09-18,132.0,0.4,
-6.668,147.0294,2004-09-18,110.0,1.4,
-34.0068,151.5303,2004-09-19,100.0,1.2,
-34.0068,151.697,2004-09-19,97.0,1.4,
-33.8401,151.36360000000002,2004-09-19,104.0,0.7,
-33.34,152.0304,2004-09-19,122.0,0.7,
-33.0066,152.53049999999996,2004-09-19,120.0,0.4,
-30.3394,153.19730000000004,2004-09-19,139.0,0.0,
-30.3394,153.36400000000003,2004-09-19,159.0,0.0,
-30.1727,153.19730000000004,2004-09-19,145.0,0.0,
-27.0054,153.36400000000003,2004-09-19,4.0,0.0,
-26.672,153.19730000000004,2004-09-19,347.0,0.0,
-20.6708,149.3632,2004-09-19,117.0,0.0,
-20.1707,149.3632,2004-09-19,118.0,0.0,
-15.8365,145.69579999999996,2004-09-19,139.0,0.0,
-7.0014,147.3628,2004-09-19,93.0,0.8,
-6.668,147.0294,2004-09-19,106.0,0.0,
-6.668,147.69619999999998,2004-09-19,148.0,1.5,
-30.3394,153.36400000000003,2004-09-20,184.0,0.0,
-30.1727,153.19730000000004,2004-09-20,177.0,0.0,
-24.6716,153.19730000000004,2004-09-20,250.0,0.0,
-16.1699,145.8625,2004-09-20,137.0,0.0,
-30.3394,153.19730000000004,2004-09-21,156.0,0.0,
-30.3394,153.36400000000003,2004-09-21,179.0,0.0,
-30.3394,153.53070000000002,2004-09-21,186.0,0.0,
-30.1727,153.36400000000003,2004-09-21,179.0,0.0,
-17.8369,168.36699999999996,2004-09-21,131.0,0.0,
-17.6702,168.03359999999998,2004-09-21,132.0,0.0,
-27.3388,153.36400000000003,2004-09-22,113.0,0.0,
-19.8373,150.19669999999996,2004-09-22,111.0,0.0,
-16.3366,146.0292,2004-09-22,116.0,0.0,
-28.5057,160.19870000000003,2004-09-23,330.0,0.0,
-16.67,146.3626,2004-09-23,151.0,0.0,
-20.1707,149.02980000000002,2004-09-24,326.0,0.0,
-17.8369,146.1959,2004-09-24,121.0,0.0,
-17.5035,146.0292,2004-09-24,133.0,0.0,
-16.67,146.3626,2004-09-24,157.0,0.0,
-16.3366,146.0292,2004-09-24,147.0,0.0,
22.8379,-109.8553,2004-09-24,184.0,0.0,
-35.6738,150.5301,2004-09-25,30.0,0.0,
-35.5071,150.6968,2004-09-25,35.0,0.0,
-33.6734,151.5303,2004-09-25,44.0,0.0,
-32.8399,152.53049999999996,2004-09-25,51.0,0.0,
-24.6716,153.19730000000004,2004-09-25,35.0,0.0,
-17.5035,146.0292,2004-09-25,51.0,0.0,
-17.5035,146.3626,2004-09-25,24.0,0.0,
-17.3368,168.36699999999996,2004-09-25,138.0,0.0,
-16.3366,146.0292,2004-09-25,148.0,0.0,
-16.1699,145.8625,2004-09-25,152.0,0.0,
-16.0032,145.8625,2004-09-25,142.0,0.0,
-7.0014,147.1961,2004-09-25,108.0,0.1,
-33.0066,151.697,2004-09-26,120.0,0.0,
-24.6716,153.19730000000004,2004-09-26,346.0,0.0,
-20.3374,115.5231,2004-09-26,199.0,0.0,
-17.8369,146.1959,2004-09-26,85.0,0.0,
-17.5035,146.3626,2004-09-26,104.0,0.0,
-17.5035,146.52930000000003,2004-09-26,108.0,0.0,
-16.8367,146.0292,2004-09-26,114.0,0.0,
-16.67,146.3626,2004-09-26,118.0,0.0,
-16.3366,146.0292,2004-09-26,118.0,0.0,
-16.0032,145.8625,2004-09-26,120.0,0.0,
-4.5009,146.1959,2004-09-26,102.0,1.0,
-24.6716,153.19730000000004,2004-09-27,16.0,0.0,
-20.3374,115.5231,2004-09-27,211.0,0.0,
-17.6702,146.52930000000003,2004-09-27,128.0,0.0,
-17.5035,168.20029999999997,2004-09-27,131.0,0.0,
-16.67,146.3626,2004-09-27,131.0,0.0,
-16.3366,146.0292,2004-09-27,129.0,0.1,
-16.1699,145.8625,2004-09-27,134.0,0.0,
-20.004,148.86310000000003,2004-09-28,67.0,0.0,
-16.3366,146.0292,2004-09-28,121.0,0.0,
-20.004,148.86310000000003,2004-09-29,71.0,0.0,
-16.3366,146.0292,2004-09-29,130.0,0.0,
-28.0056,153.53070000000002,2004-09-30,359.0,0.0,
-20.004,148.86310000000003,2004-09-30,54.0,0.0,
-16.3366,146.0292,2004-09-30,94.0,0.0,
-15.3364,145.69579999999996,2004-09-30,101.0,0.0,
-19.6706,148.86310000000003,2004-10-01,346.0,0.0,
-16.0032,146.52930000000003,2004-10-01,105.0,0.0,
-15.3364,145.69579999999996,2004-10-01,124.0,0.0,
-26.672,153.19730000000004,2004-10-02,256.0,0.0,
-20.1707,149.02980000000002,2004-10-02,324.0,0.0,
-19.0038,147.3628,2004-10-02,337.0,0.0,
-18.0036,146.52930000000003,2004-10-02,6.0,0.0,
-17.8369,146.1959,2004-10-02,56.0,0.0,
-17.6702,146.1959,2004-10-02,56.0,0.0,
-17.6702,146.3626,2004-10-02,27.0,0.0,
-16.67,146.1959,2004-10-02,349.0,0.0,
-16.5033,145.8625,2004-10-02,30.0,0.0,
-16.1699,145.8625,2004-10-02,27.0,0.0,
-16.0032,145.8625,2004-10-02,28.0,0.0,
-16.0032,146.52930000000003,2004-10-02,356.0,0.0,
-6.668,147.0294,2004-10-02,122.0,0.0,
-36.5073,150.19669999999996,2004-10-03,61.0,0.0,
-34.1735,151.19690000000003,2004-10-03,72.0,0.0,
-34.0068,151.5303,2004-10-03,317.0,0.0,
-34.0068,151.697,2004-10-03,296.0,0.0,
-33.6734,151.36360000000002,2004-10-03,270.0,0.0,
-32.6732,152.6972,2004-10-03,248.0,0.0,
-30.3394,153.36400000000003,2004-10-03,162.0,0.0,
-26.5053,153.36400000000003,2004-10-03,110.0,0.0,
-21.5043,114.85630000000003,2004-10-03,242.0,0.0,
-20.004,148.86310000000003,2004-10-03,61.0,0.0,
-19.0038,147.3628,2004-10-03,57.0,0.0,
-17.8369,146.1959,2004-10-03,73.0,0.0,
-17.8369,146.52930000000003,2004-10-03,44.0,0.0,
-17.6702,146.1959,2004-10-03,73.0,0.0,
-17.5035,146.52930000000003,2004-10-03,44.0,0.0,
-16.3366,146.0292,2004-10-03,95.0,0.0,
-15.3364,145.69579999999996,2004-10-03,127.0,0.0,
-13.5027,136.8607,2004-10-03,169.0,0.0,
-5.1677,145.8625,2004-10-03,78.0,0.0,
-4.5009,146.1959,2004-10-03,125.0,0.0,
-34.8403,151.03020000000004,2004-10-04,77.0,0.0,
-32.8399,152.53049999999996,2004-10-04,191.0,0.0,
-32.6732,152.6972,2004-10-04,195.0,0.0,
-21.5043,114.85630000000003,2004-10-04,313.0,0.0,
-20.004,148.86310000000003,2004-10-04,97.0,0.0,
-20.004,149.02980000000002,2004-10-04,108.0,0.0,
-18.5037,-174.2015,2004-10-04,152.0,0.0,
-16.3366,146.0292,2004-10-04,120.0,0.0,
-16.1699,145.8625,2004-10-04,126.0,0.0,
-18.5037,-174.2015,2004-10-05,210.0,0.0,
-17.8369,168.20029999999997,2004-10-05,114.0,0.0,
-17.5035,168.5337,2004-10-05,115.0,0.0,
-16.3366,146.0292,2004-10-05,137.0,0.0,
-16.1699,145.8625,2004-10-05,138.0,0.0,
-15.3364,145.69579999999996,2004-10-05,136.0,0.0,
-21.0042,149.19650000000001,2004-10-06,53.0,0.0,
-20.1707,149.02980000000002,2004-10-06,108.0,0.0,
-20.1707,149.3632,2004-10-06,116.0,0.0,
-16.67,146.3626,2004-10-06,145.0,0.0,
-16.3366,146.0292,2004-10-06,142.0,0.0,
-15.3364,145.69579999999996,2004-10-06,140.0,0.0,
-15.1697,145.69579999999996,2004-10-06,140.0,0.0,
-15.003,145.69579999999996,2004-10-06,138.0,0.0,
-14.8363,145.69579999999996,2004-10-06,135.0,0.0,
-11.669,136.8607,2004-10-06,89.0,0.0,
-26.672,153.19730000000004,2004-10-07,60.0,0.4,
-20.004,148.86310000000003,2004-10-07,349.0,0.0,
-17.5035,168.5337,2004-10-07,58.0,0.3,
-17.3368,168.20029999999997,2004-10-07,58.0,0.5,
-15.1697,145.69579999999996,2004-10-07,136.0,0.0,
-15.003,145.69579999999996,2004-10-07,132.0,0.0,
-14.8363,145.69579999999996,2004-10-07,125.0,0.0,
-26.672,153.19730000000004,2004-10-08,308.0,0.0,
-16.1699,145.8625,2004-10-08,137.0,0.0,
-16.0032,145.8625,2004-10-08,136.0,0.0,
-15.003,145.69579999999996,2004-10-08,125.0,0.0,
-14.8363,145.69579999999996,2004-10-08,122.0,0.0,
-12.0024,136.8607,2004-10-08,57.0,0.0,
-26.672,153.19730000000004,2004-10-09,93.0,0.0,
-26.672,153.36400000000003,2004-10-09,107.0,0.0,
-26.5053,153.19730000000004,2004-10-09,95.0,0.0,
-26.5053,153.36400000000003,2004-10-09,110.0,0.0,
-19.1705,147.52949999999998,2004-10-09,19.0,0.0,
-19.0038,147.3628,2004-10-09,28.0,0.0,
-18.1703,147.3628,2004-10-09,38.0,0.0,
-15.3364,145.69579999999996,2004-10-09,24.0,0.0,
-14.8363,145.69579999999996,2004-10-09,24.0,0.0,
-14.1695,136.36059999999998,2004-10-09,248.0,0.0,
-37.0074,150.19669999999996,2004-10-10,25.0,0.0,
-34.6736,151.19690000000003,2004-10-10,37.0,0.0,
-32.8399,152.53049999999996,2004-10-10,204.0,0.0,
-32.6732,152.53049999999996,2004-10-10,204.0,0.0,
-30.3394,153.19730000000004,2004-10-10,160.0,0.0,
-26.672,153.19730000000004,2004-10-10,130.0,0.0,
-26.5053,153.19730000000004,2004-10-10,130.0,0.0,
-18.1703,147.3628,2004-10-10,84.0,0.0,
-14.8363,145.69579999999996,2004-10-10,95.0,0.0,
-14.1695,136.36059999999998,2004-10-10,239.0,0.0,
-12.0024,136.52729999999997,2004-10-10,5.0,0.0,
-12.0024,136.8607,2004-10-10,347.0,0.0,
-11.669,136.69399999999996,2004-10-10,330.0,0.0,
-28.0056,153.53070000000002,2004-10-11,59.0,0.0,
-26.5053,153.19730000000004,2004-10-11,105.0,0.0,
-15.3364,145.69579999999996,2004-10-11,121.0,0.0,
-15.1697,145.52909999999997,2004-10-11,120.0,0.0,
-15.1697,145.69579999999996,2004-10-11,121.0,0.0,
-14.8363,145.69579999999996,2004-10-11,120.0,0.0,
-14.1695,136.36059999999998,2004-10-11,350.0,0.0,
-15.3364,145.69579999999996,2004-10-12,133.0,0.0,
-14.8363,145.69579999999996,2004-10-12,133.0,0.0,
-15.3364,145.69579999999996,2004-10-13,124.0,0.0,
-14.8363,145.69579999999996,2004-10-13,124.0,0.0,
-14.5029,145.52909999999997,2004-10-13,123.0,0.0,
-14.3362,145.52909999999997,2004-10-13,121.0,0.0,
-14.1695,136.36059999999998,2004-10-13,64.0,0.1,
-13.8361,136.36059999999998,2004-10-13,64.0,0.1,
-20.1707,148.86310000000003,2004-10-14,110.0,0.0,
-14.8363,145.69579999999996,2004-10-14,144.0,0.1,
-34.6736,138.52769999999998,2004-10-15,219.0,0.0,
-20.004,148.86310000000003,2004-10-15,114.0,0.0,
-20.004,149.02980000000002,2004-10-15,130.0,0.0,
-17.5035,168.5337,2004-10-15,91.0,0.0,
-14.8363,145.69579999999996,2004-10-15,148.0,2.5,
-14.1695,136.36059999999998,2004-10-15,9.0,0.0,
-34.6736,138.52769999999998,2004-10-16,348.0,0.0,
-17.5035,168.5337,2004-10-16,100.0,0.0,
-14.8363,145.69579999999996,2004-10-16,123.0,0.4,
-14.1695,136.36059999999998,2004-10-16,331.0,0.0,
-6.8347,147.1961,2004-10-16,122.0,0.2,
-34.8403,150.8635,2004-10-17,54.0,0.1,
-34.0068,151.697,2004-10-17,81.0,0.0,
-33.8401,152.19709999999998,2004-10-17,98.0,0.0,
-33.5067,152.19709999999998,2004-10-17,93.0,0.0,
-33.34,152.0304,2004-10-17,83.0,0.0,
-33.34,152.19709999999998,2004-10-17,87.0,0.0,
-32.8399,152.53049999999996,2004-10-17,82.0,0.0,
-20.3374,116.18989999999997,2004-10-17,246.0,0.0,
-17.3368,168.20029999999997,2004-10-17,136.0,0.0,
-15.3364,145.69579999999996,2004-10-17,137.0,0.0,
-15.003,145.69579999999996,2004-10-17,136.0,0.0,
-14.8363,145.69579999999996,2004-10-17,132.0,0.0,
-14.6696,145.69579999999996,2004-10-17,132.0,0.0,
-14.5029,145.52909999999997,2004-10-17,130.0,0.0,
-6.668,147.1961,2004-10-17,135.0,0.1,
-32.8399,152.53049999999996,2004-10-18,80.0,1.2,
-15.3364,145.69579999999996,2004-10-18,129.0,0.0,
-15.1697,145.69579999999996,2004-10-18,129.0,0.0,
-15.003,145.69579999999996,2004-10-18,124.0,0.0,
-14.8363,145.69579999999996,2004-10-18,121.0,0.0,
-20.004,148.86310000000003,2004-10-19,339.0,0.0,
-16.1699,145.8625,2004-10-19,8.0,0.0,
-15.3364,145.69579999999996,2004-10-19,37.0,0.0,
-15.003,145.69579999999996,2004-10-19,50.0,0.0,
-14.8363,145.69579999999996,2004-10-19,61.0,0.0,
-15.3364,145.69579999999996,2004-10-20,21.0,0.0,
-15.1697,145.69579999999996,2004-10-20,21.0,0.0,
-15.003,145.69579999999996,2004-10-20,25.0,0.0,
-14.8363,145.69579999999996,2004-10-20,31.0,0.0,
-15.3364,145.69579999999996,2004-10-21,87.0,0.0,
-15.1697,145.69579999999996,2004-10-21,87.0,0.0,
-15.003,145.69579999999996,2004-10-21,85.0,0.0,
-14.8363,145.69579999999996,2004-10-21,81.0,0.0,
-14.3362,136.36059999999998,2004-10-21,192.0,0.0,
-14.1695,136.36059999999998,2004-10-21,200.0,0.0,
-36.3406,150.19669999999996,2004-10-22,72.0,0.0,
-32.8399,152.53049999999996,2004-10-22,61.0,0.0,
-15.3364,145.69579999999996,2004-10-22,87.0,0.0,
-15.003,145.69579999999996,2004-10-22,85.0,0.0,
-14.3362,145.52909999999997,2004-10-22,83.0,0.0,
-34.6736,151.19690000000003,2004-10-23,158.0,0.0,
-32.8399,152.53049999999996,2004-10-23,187.0,0.0,
-27.6722,153.53070000000002,2004-10-23,2.0,0.0,
-21.8377,114.3562,2004-10-23,277.0,0.0,
-20.004,148.86310000000003,2004-10-23,332.0,0.0,
-17.5035,168.5337,2004-10-23,91.0,0.0,
-16.1699,145.8625,2004-10-23,103.0,0.0,
-15.1697,145.69579999999996,2004-10-23,112.0,0.0,
-15.003,145.69579999999996,2004-10-23,116.0,0.0,
-14.8363,145.69579999999996,2004-10-23,115.0,0.0,
-14.5029,145.52909999999997,2004-10-23,115.0,0.0,
-37.0074,150.19669999999996,2004-10-24,198.0,0.0,
-34.6736,151.19690000000003,2004-10-24,152.0,1.2,
-34.6736,151.5303,2004-10-24,155.0,0.9,
-33.1733,152.19709999999998,2004-10-24,88.0,0.0,
-32.6732,152.6972,2004-10-24,77.0,0.0,
-21.8377,114.3562,2004-10-24,275.0,0.0,
-20.004,148.86310000000003,2004-10-24,351.0,0.0,
-17.5035,168.5337,2004-10-24,111.0,0.0,
-17.3368,168.20029999999997,2004-10-24,108.0,0.0,
-15.3364,145.69579999999996,2004-10-24,136.0,0.0,
-15.003,145.69579999999996,2004-10-24,133.0,0.0,
-14.5029,145.52909999999997,2004-10-24,131.0,0.0,
-20.5041,116.5233,2004-10-25,248.0,0.0,
-20.004,148.86310000000003,2004-10-25,2.0,0.0,
-20.004,149.02980000000002,2004-10-25,2.0,0.0,
-14.8363,145.69579999999996,2004-10-25,125.0,0.0,
-20.5041,116.5233,2004-10-26,302.0,0.0,
-20.3374,116.5233,2004-10-26,219.0,0.0,
-15.6698,145.8625,2004-10-26,121.0,0.0,
-15.3364,145.69579999999996,2004-10-26,123.0,0.0,
-14.8363,145.69579999999996,2004-10-26,121.0,0.0,
-21.5043,113.68939999999998,2004-10-27,189.0,0.0,
-16.3366,146.0292,2004-10-27,132.0,0.0,
-16.1699,145.8625,2004-10-27,132.0,0.0,
-14.8363,145.69579999999996,2004-10-27,123.0,0.0,
-21.8377,114.18950000000001,2004-10-28,214.0,0.0,
-20.004,149.19650000000001,2004-10-28,336.0,0.0,
-17.3368,168.20029999999997,2004-10-28,107.0,0.0,
-16.5033,146.0292,2004-10-28,111.0,0.0,
-14.8363,145.69579999999996,2004-10-28,102.0,0.0,
-34.6736,138.52769999999998,2004-10-29,173.0,0.0,
-21.8377,114.18950000000001,2004-10-29,196.0,0.0,
-16.3366,146.0292,2004-10-29,107.0,0.0,
-15.3364,145.69579999999996,2004-10-29,102.0,0.0,
-15.1697,145.69579999999996,2004-10-29,102.0,0.0,
-14.8363,145.69579999999996,2004-10-29,101.0,0.0,
-36.5073,150.19669999999996,2004-10-30,40.0,0.0,
-36.1739,150.3634,2004-10-30,40.0,0.0,
-36.0072,150.3634,2004-10-30,50.0,0.0,
-27.0054,153.53070000000002,2004-10-30,133.0,0.4,
-16.1699,145.8625,2004-10-30,127.0,0.0,
-15.3364,145.69579999999996,2004-10-30,122.0,0.0,
-14.8363,145.69579999999996,2004-10-30,116.0,0.1,
-36.5073,150.19669999999996,2004-10-31,37.0,0.0,
-36.3406,150.3634,2004-10-31,35.0,0.0,
-36.1739,150.3634,2004-10-31,35.0,0.0,
-33.6734,151.697,2004-10-31,13.0,0.0,
-33.5067,152.19709999999998,2004-10-31,16.0,0.0,
-30.3394,153.36400000000003,2004-10-31,105.0,0.0,
-28.0056,153.69740000000002,2004-10-31,142.0,0.0,
-27.0054,153.53070000000002,2004-10-31,143.0,0.0,
-26.5053,153.36400000000003,2004-10-31,140.0,0.0,
-14.8363,145.69579999999996,2004-10-31,125.0,0.0,
-27.5055,161.0322,2004-11-01,104.0,0.0,
-27.0054,153.53070000000002,2004-11-01,87.0,0.0,
-24.6716,153.19730000000004,2004-11-01,123.0,0.0,
-15.6698,145.8625,2004-11-01,129.0,0.0,
-14.8363,145.69579999999996,2004-11-01,125.0,0.0,
-34.0068,151.697,2004-11-02,34.0,0.0,
-16.3366,146.0292,2004-11-02,121.0,0.0,
-15.3364,145.69579999999996,2004-11-02,124.0,0.0,
-14.8363,145.69579999999996,2004-11-02,124.0,0.0,
-14.3362,136.36059999999998,2004-11-02,22.0,0.0,
-24.6716,153.19730000000004,2004-11-03,357.0,0.0,
-16.67,146.3626,2004-11-03,106.0,0.0,
-16.0032,145.8625,2004-11-03,120.0,0.0,
-14.8363,145.69579999999996,2004-11-03,133.0,0.0,
-24.6716,153.19730000000004,2004-11-04,50.0,0.0,
-20.004,149.02980000000002,2004-11-04,13.0,0.0,
-14.8363,145.69579999999996,2004-11-04,123.0,0.0,
-24.6716,153.19730000000004,2004-11-05,9.0,0.0,
-20.6708,149.6966,2004-11-05,13.0,0.0,
-20.004,148.86310000000003,2004-11-05,7.0,0.0,
-19.8373,148.86310000000003,2004-11-05,18.0,0.0,
-16.3366,146.0292,2004-11-05,120.0,0.0,
-14.8363,145.69579999999996,2004-11-05,132.0,0.0,
-14.1695,136.36059999999998,2004-11-05,356.0,0.0,
-13.8361,136.36059999999998,2004-11-05,356.0,0.0,
-30.8395,153.36400000000003,2004-11-06,42.0,0.0,
-24.6716,153.19730000000004,2004-11-06,7.0,0.0,
-20.6708,149.3632,2004-11-06,18.0,0.0,
-20.5041,149.19650000000001,2004-11-06,23.0,0.0,
-20.004,148.86310000000003,2004-11-06,17.0,0.0,
-20.004,149.02980000000002,2004-11-06,18.0,0.0,
-18.337,147.1961,2004-11-06,70.0,0.0,
-17.0034,178.36900000000003,2004-11-06,130.0,0.0,
-16.3366,146.0292,2004-11-06,141.0,0.0,
-14.1695,136.36059999999998,2004-11-06,346.0,0.0,
-13.8361,136.36059999999998,2004-11-06,346.0,0.0,
-13.5027,136.8607,2004-11-06,34.0,0.0,
-12.0024,136.8607,2004-11-06,42.0,0.0,
-11.669,136.52729999999997,2004-11-06,48.0,0.0,
-11.669,136.69399999999996,2004-11-06,53.0,0.0,
-11.669,136.8607,2004-11-06,53.0,0.0,
-36.5073,150.19669999999996,2004-11-07,146.0,0.0,
-34.3402,151.5303,2004-11-07,166.0,0.0,
-34.0068,151.5303,2004-11-07,160.0,0.0,
-34.0068,151.697,2004-11-07,171.0,0.0,
-33.8401,151.8637,2004-11-07,169.0,0.0,
-33.6734,151.36360000000002,2004-11-07,133.0,0.0,
-33.5067,151.5303,2004-11-07,160.0,0.0,
-33.5067,152.0304,2004-11-07,176.0,0.0,
-33.5067,152.36379999999997,2004-11-07,181.0,0.0,
-33.34,152.19709999999998,2004-11-07,183.0,0.0,
-33.0066,152.53049999999996,2004-11-07,191.0,0.0,
-26.5053,153.36400000000003,2004-11-07,12.0,0.0,
-24.6716,153.19730000000004,2004-11-07,36.0,0.0,
-20.8375,149.3632,2004-11-07,32.0,0.1,
-20.8375,149.5299,2004-11-07,32.0,0.1,
-20.6708,149.19650000000001,2004-11-07,32.0,0.1,
-20.5041,149.19650000000001,2004-11-07,41.0,0.0,
-20.3374,116.18989999999997,2004-11-07,225.0,0.0,
-20.1707,149.5299,2004-11-07,51.0,0.0,
-20.004,148.86310000000003,2004-11-07,39.0,0.0,
-20.004,149.02980000000002,2004-11-07,48.0,0.0,
-18.1703,147.0294,2004-11-07,94.0,0.0,
-18.1703,147.3628,2004-11-07,97.0,0.0,
-16.3366,146.0292,2004-11-07,142.0,0.0,
-14.8363,145.69579999999996,2004-11-07,140.0,0.0,
-14.1695,136.36059999999998,2004-11-07,162.0,0.3,
-13.8361,136.36059999999998,2004-11-07,162.0,0.3,
-13.6694,136.36059999999998,2004-11-07,157.0,0.0,
-13.5027,136.8607,2004-11-07,123.0,0.4,
-12.0024,136.8607,2004-11-07,81.0,0.0,
-11.8357,136.52729999999997,2004-11-07,57.0,0.0,
-11.669,136.52729999999997,2004-11-07,57.0,0.0,
-11.669,136.69399999999996,2004-11-07,77.0,0.0,
-11.669,136.8607,2004-11-07,77.0,0.0,
-11.5023,136.8607,2004-11-07,71.0,0.0,
-6.668,147.1961,2004-11-07,309.0,0.0,
-34.0068,151.5303,2004-11-08,130.0,0.0,
-34.0068,151.697,2004-11-08,136.0,0.0,
-20.004,149.02980000000002,2004-11-08,58.0,0.0,
-12.0024,136.52729999999997,2004-11-08,67.0,0.5,
-12.0024,136.8607,2004-11-08,72.0,0.0,
-11.8357,136.52729999999997,2004-11-08,74.0,0.0,
-11.669,136.52729999999997,2004-11-08,74.0,0.0,
-11.669,136.69399999999996,2004-11-08,90.0,0.0,
-11.669,136.8607,2004-11-08,90.0,0.0,
-18.1703,147.3628,2004-11-09,61.0,0.0,
-15.003,145.69579999999996,2004-11-09,105.0,0.0,
-13.8361,146.52930000000003,2004-11-09,114.0,0.0,
-12.0024,136.52729999999997,2004-11-09,88.0,0.0,
-12.0024,136.8607,2004-11-09,75.0,0.0,
-11.8357,136.52729999999997,2004-11-09,60.0,0.0,
-11.669,136.69399999999996,2004-11-09,88.0,0.0,
-11.8357,136.69399999999996,2004-11-10,37.0,0.0,
-30.3394,153.53070000000002,2004-11-11,25.0,0.0,
-27.1721,153.19730000000004,2004-11-11,36.0,0.0,
-27.1721,153.36400000000003,2004-11-11,23.0,0.0,
-24.5049,153.19730000000004,2004-11-11,28.0,0.0,
-20.004,148.86310000000003,2004-11-11,17.0,0.0,
-20.004,149.02980000000002,2004-11-11,23.0,0.0,
-19.0038,152.36379999999997,2004-11-11,83.0,0.0,
-14.8363,145.69579999999996,2004-11-11,132.0,0.0,
-20.3374,116.5233,2004-11-12,270.0,0.0,
-20.004,149.02980000000002,2004-11-12,340.0,0.0,
-19.8373,149.02980000000002,2004-11-12,343.0,0.0,
-18.1703,146.69600000000003,2004-11-12,2.0,0.0,
-16.3366,146.0292,2004-11-12,113.0,0.0,
-15.8365,145.69579999999996,2004-11-12,117.0,0.0,
-14.3362,136.36059999999998,2004-11-12,7.0,0.0,
-5.5011,147.69619999999998,2004-11-12,181.0,0.0,
-38.8411,146.52930000000003,2004-11-13,272.0,0.3,
-34.6736,151.36360000000002,2004-11-13,269.0,0.0,
-27.8389,153.8641,2004-11-13,5.0,0.0,
-26.672,153.19730000000004,2004-11-13,355.0,0.0,
-16.3366,146.0292,2004-11-13,22.0,0.0,
-35.8405,150.5301,2004-11-14,121.0,0.0,
-30.3394,153.36400000000003,2004-11-14,79.0,0.0,
-26.8387,153.36400000000003,2004-11-14,103.0,0.0,
-26.8387,153.53070000000002,2004-11-14,112.0,0.0,
-26.672,153.19730000000004,2004-11-14,85.0,0.0,
-26.5053,153.36400000000003,2004-11-14,108.0,0.0,
-16.3366,146.0292,2004-11-14,1.0,0.0,
-6.668,147.0294,2004-11-14,132.0,0.0,
-6.668,147.1961,2004-11-14,139.0,0.0,
-27.6722,153.53070000000002,2004-11-15,3.0,0.0,
-26.8387,153.53070000000002,2004-11-15,28.0,0.0,
-24.6716,153.19730000000004,2004-11-15,114.0,0.0,
-16.3366,146.0292,2004-11-15,48.0,0.0,
-16.1699,145.8625,2004-11-15,51.0,0.0,
-29.0058,168.03359999999998,2004-11-16,215.0,0.0,
-26.5053,153.19730000000004,2004-11-16,60.0,0.0,
-24.6716,153.19730000000004,2004-11-16,338.0,0.0,
-24.6716,153.53070000000002,2004-11-16,332.0,0.0,
-18.0036,179.0358,2004-11-16,95.0,0.0,
-17.5035,168.5337,2004-11-16,120.0,0.0,
-17.3368,146.52930000000003,2004-11-16,66.0,0.0,
-16.3366,146.0292,2004-11-16,85.0,0.0,
-33.0066,152.53049999999996,2004-11-17,69.0,0.0,
-27.8389,153.8641,2004-11-17,26.0,0.0,
-26.672,153.19730000000004,2004-11-17,55.0,0.0,
-18.0036,179.0358,2004-11-17,103.0,0.0,
-17.5035,168.5337,2004-11-17,130.0,0.0,
-16.3366,146.0292,2004-11-17,86.0,0.0,
-16.1699,146.86270000000002,2004-11-17,89.0,0.0,
-27.8389,153.8641,2004-11-18,17.0,0.0,
-26.672,153.19730000000004,2004-11-18,55.0,0.0,
-17.5035,168.5337,2004-11-18,134.0,0.0,
-16.3366,146.0292,2004-11-18,123.0,0.0,
-27.8389,153.8641,2004-11-19,21.0,0.0,
-26.5053,153.36400000000003,2004-11-19,38.0,0.0,
-24.6716,153.19730000000004,2004-11-19,66.0,0.0,
-24.5049,153.19730000000004,2004-11-19,69.0,0.0,
-16.3366,146.0292,2004-11-19,113.0,0.0,
-36.0072,150.3634,2004-11-20,151.0,0.0,
-27.8389,153.8641,2004-11-20,34.0,0.0,
-27.3388,153.69740000000002,2004-11-20,43.0,0.0,
-27.0054,153.53070000000002,2004-11-20,41.0,0.0,
-26.672,153.19730000000004,2004-11-20,55.0,0.0,
-26.672,153.36400000000003,2004-11-20,44.0,0.0,
-26.5053,153.36400000000003,2004-11-20,47.0,0.0,
-24.6716,153.19730000000004,2004-11-20,95.0,0.0,
-24.5049,153.19730000000004,2004-11-20,91.0,0.0,
-24.5049,153.36400000000003,2004-11-20,91.0,0.0,
-24.3382,152.19709999999998,2004-11-20,84.0,0.0,
-24.3382,153.19730000000004,2004-11-20,91.0,0.0,
-24.3382,153.36400000000003,2004-11-20,91.0,0.0,
-15.3364,145.69579999999996,2004-11-20,121.0,0.0,
-15.1697,145.69579999999996,2004-11-20,121.0,0.0,
-36.0072,151.03020000000004,2004-11-21,3.0,0.0,
-36.0072,151.697,2004-11-21,13.0,0.0,
-35.6738,150.5301,2004-11-21,40.0,0.0,
-35.1737,151.03020000000004,2004-11-21,45.0,0.0,
-34.0068,151.5303,2004-11-21,132.0,0.0,
-34.0068,151.697,2004-11-21,137.0,0.0,
-33.8401,151.36360000000002,2004-11-21,113.0,0.0,
-33.8401,151.697,2004-11-21,126.0,0.0,
-33.6734,151.36360000000002,2004-11-21,110.0,0.0,
-33.34,151.697,2004-11-21,111.0,0.0,
-33.1733,152.36379999999997,2004-11-21,92.0,0.0,
-27.0054,153.53070000000002,2004-11-21,106.0,0.0,
-26.5053,153.36400000000003,2004-11-21,100.0,0.0,
-24.6716,153.19730000000004,2004-11-21,90.0,0.0,
-24.5049,153.19730000000004,2004-11-21,83.0,0.0,
-24.3382,153.36400000000003,2004-11-21,84.0,0.0,
-16.3366,146.0292,2004-11-21,133.0,0.1,
-5.1677,145.8625,2004-11-21,75.0,4.9,
-33.34,152.19709999999998,2004-11-22,179.0,0.0,
-29.0058,168.03359999999998,2004-11-22,53.0,0.0,
-27.0054,153.53070000000002,2004-11-22,184.0,0.8,
-24.6716,153.19730000000004,2004-11-22,212.0,0.0,
-16.3366,146.0292,2004-11-22,149.0,0.0,
-26.8387,153.36400000000003,2004-11-23,157.0,0.0,
-16.3366,146.0292,2004-11-23,143.0,0.3,
-34.6736,138.52769999999998,2004-11-25,333.0,0.0,
-34.0068,151.697,2004-11-25,175.0,0.0,
-33.8401,151.697,2004-11-25,172.0,0.0,
-16.3366,146.0292,2004-11-25,132.0,0.0,
-16.1699,145.8625,2004-11-25,136.0,0.3,
-36.5073,150.19669999999996,2004-11-26,49.0,0.0,
-35.5071,150.5301,2004-11-26,55.0,0.0,
-35.3404,150.5301,2004-11-26,62.0,0.0,
-35.3404,150.6968,2004-11-26,62.0,0.0,
-35.3404,150.8635,2004-11-26,51.0,0.0,
-35.1737,151.03020000000004,2004-11-26,38.0,0.0,
-35.007,150.8635,2004-11-26,50.0,0.0,
-35.007,151.03020000000004,2004-11-26,50.0,0.0,
-34.8403,150.8635,2004-11-26,50.0,0.0,
-16.3366,146.0292,2004-11-26,133.0,0.0,
-36.5073,150.19669999999996,2004-11-27,243.0,0.0,
-36.3406,150.3634,2004-11-27,32.0,0.0,
-35.5071,150.5301,2004-11-27,41.0,0.0,
-35.3404,150.5301,2004-11-27,90.0,0.0,
-35.3404,150.6968,2004-11-27,90.0,0.0,
-35.3404,150.8635,2004-11-27,40.0,0.0,
-35.1737,151.03020000000004,2004-11-27,20.0,0.0,
-35.1737,151.19690000000003,2004-11-27,9.0,0.0,
-35.007,150.8635,2004-11-27,31.0,0.0,
-35.007,151.03020000000004,2004-11-27,31.0,0.0,
-34.6736,138.52769999999998,2004-11-27,255.0,0.0,
-34.5069,151.36360000000002,2004-11-27,22.0,0.0,
-34.0068,151.5303,2004-11-27,32.0,0.0,
-34.0068,151.697,2004-11-27,24.0,0.0,
-33.6734,151.36360000000002,2004-11-27,119.0,0.0,
-32.5065,152.6972,2004-11-27,34.0,0.0,
-32.5065,153.0306,2004-11-27,21.0,0.0,
-30.3394,153.36400000000003,2004-11-27,43.0,0.0,
-30.3394,153.53070000000002,2004-11-27,30.0,0.0,
-30.1727,153.19730000000004,2004-11-27,72.0,0.0,
-28.339,113.68939999999998,2004-11-27,151.0,0.0,
-28.1723,153.69740000000002,2004-11-27,112.0,0.0,
-27.8389,153.8641,2004-11-27,147.0,0.0,
-27.6722,153.53070000000002,2004-11-27,125.0,0.0,
-27.3388,153.53070000000002,2004-11-27,144.0,0.0,
-27.0054,153.36400000000003,2004-11-27,137.0,0.0,
-26.8387,153.36400000000003,2004-11-27,139.0,0.0,
-26.672,153.19730000000004,2004-11-27,130.0,0.0,
-26.5053,153.19730000000004,2004-11-27,129.0,0.0,
-26.5053,153.36400000000003,2004-11-27,137.0,0.0,
-26.5053,153.53070000000002,2004-11-27,146.0,0.0,
-16.67,146.3626,2004-11-27,140.0,0.0,
-7.5015,148.02959999999996,2004-11-27,145.0,0.0,
-7.1681,147.1961,2004-11-27,10.0,0.1,
-7.0014,147.86289999999997,2004-11-27,225.0,0.0,
-6.8347,147.1961,2004-11-27,207.0,0.3,
-6.8347,147.3628,2004-11-27,207.0,0.3,
-6.8347,147.69619999999998,2004-11-27,196.0,0.0,
-6.668,147.0294,2004-11-27,135.0,1.4,
-6.668,147.1961,2004-11-27,207.0,0.3,
-6.668,147.86289999999997,2004-11-27,196.0,0.0,
-36.0072,150.3634,2004-11-28,156.0,0.0,
-35.6738,150.5301,2004-11-28,177.0,0.0,
-35.1737,151.03020000000004,2004-11-28,9.0,0.0,
-35.007,151.03020000000004,2004-11-28,315.0,0.0,
-34.3402,151.36360000000002,2004-11-28,353.0,0.0,
-34.1735,151.36360000000002,2004-11-28,353.0,0.0,
-34.1735,151.5303,2004-11-28,352.0,0.0,
-34.0068,151.5303,2004-11-28,355.0,0.0,
-34.0068,151.697,2004-11-28,352.0,0.0,
-33.34,151.697,2004-11-28,351.0,0.0,
-32.8399,152.0304,2004-11-28,315.0,0.0,
-32.8399,152.53049999999996,2004-11-28,36.0,0.0,
-32.5065,152.6972,2004-11-28,31.0,0.0,
-32.1731,152.53049999999996,2004-11-28,56.0,0.0,
-31.8397,153.0306,2004-11-28,28.0,0.0,
-30.3394,153.53070000000002,2004-11-28,24.0,0.0,
-28.0056,153.53070000000002,2004-11-28,38.0,0.0,
-27.8389,153.36400000000003,2004-11-28,39.0,0.0,
-27.8389,153.8641,2004-11-28,18.0,0.0,
-27.0054,153.36400000000003,2004-11-28,61.0,0.0,
-27.0054,153.53070000000002,2004-11-28,47.0,0.0,
-26.8387,153.36400000000003,2004-11-28,69.0,0.0,
-26.672,153.19730000000004,2004-11-28,85.0,0.0,
-26.672,153.36400000000003,2004-11-28,69.0,0.0,
-26.5053,153.19730000000004,2004-11-28,83.0,0.0,
-17.5035,168.7004,2004-11-28,122.0,0.0,
-7.1681,147.52949999999998,2004-11-28,117.0,0.3,
-7.0014,148.02959999999996,2004-11-28,184.0,0.5,
-6.8347,147.1961,2004-11-28,225.0,4.4,
-6.668,147.1961,2004-11-28,225.0,4.4,
-6.668,147.86289999999997,2004-11-28,205.0,1.9,
-5.1677,145.8625,2004-11-28,360.0,0.0,
-32.1731,152.8639,2004-11-29,169.0,0.0,
-27.0054,153.53070000000002,2004-11-29,4.0,0.0,
-26.8387,153.36400000000003,2004-11-29,22.0,0.0,
-34.0068,151.697,2004-11-30,39.0,0.0,
-32.8399,152.53049999999996,2004-11-30,39.0,0.0,
-32.6732,152.53049999999996,2004-11-30,39.0,0.0,
-16.3366,146.0292,2004-11-30,140.0,0.0,
-32.5065,152.6972,2004-12-01,324.0,0.0,
-31.8397,153.0306,2004-12-01,3.0,0.0,
-19.0038,147.3628,2004-12-01,57.0,0.0,
-16.3366,146.0292,2004-12-01,123.0,0.0,
-20.1707,148.86310000000003,2004-12-02,16.0,0.0,
-20.004,149.19650000000001,2004-12-02,13.0,0.0,
-32.0064,152.53049999999996,2004-12-03,102.0,0.0,
-23.8381,152.36379999999997,2004-12-03,309.0,0.0,
-37.0074,150.19669999999996,2004-12-04,20.0,0.0,
-37.0074,150.3634,2004-12-04,20.0,0.0,
-34.1735,151.36360000000002,2004-12-04,44.0,0.0,
-32.8399,152.53049999999996,2004-12-04,62.0,0.0,
-30.3394,153.36400000000003,2004-12-04,86.0,0.0,
-37.0074,150.3634,2004-12-05,45.0,0.0,
-36.5073,150.19669999999996,2004-12-05,61.0,0.2,
-32.8399,152.53049999999996,2004-12-05,39.0,0.0,
-31.3396,152.8639,2004-12-05,19.0,0.0,
-27.3388,153.53070000000002,2004-12-05,54.0,0.0,
-27.3388,153.69740000000002,2004-12-05,57.0,0.0,
-27.0054,153.36400000000003,2004-12-05,54.0,0.0,
-26.8387,153.36400000000003,2004-12-05,57.0,0.0,
-26.672,153.19730000000004,2004-12-05,55.0,0.2,
-26.5053,153.36400000000003,2004-12-05,60.0,0.0,
-24.6716,153.19730000000004,2004-12-05,79.0,0.1,
-6.668,147.69619999999998,2004-12-05,127.0,0.3,
-29.0058,168.03359999999998,2004-12-06,124.0,0.0,
-28.1723,153.69740000000002,2004-12-06,38.0,1.4,
-27.0054,153.53070000000002,2004-12-06,50.0,0.2,
-24.8383,153.53070000000002,2004-12-06,85.0,0.0,
-24.8383,153.53070000000002,2004-12-07,14.0,0.0,
-21.0042,149.19650000000001,2004-12-09,53.0,1.4,
-21.0042,149.5299,2004-12-09,44.0,0.2,
-20.004,149.02980000000002,2004-12-09,37.0,0.2,
-32.0064,115.18970000000002,2004-12-10,214.0,0.0,
-37.0074,150.3634,2004-12-11,93.0,0.0,
-36.5073,150.19669999999996,2004-12-11,95.0,0.0,
-34.0068,151.697,2004-12-11,183.0,0.0,
-33.8401,151.5303,2004-12-11,100.0,0.0,
-28.1723,153.69740000000002,2004-12-11,330.0,0.0,
-27.8389,153.69740000000002,2004-12-11,332.0,0.0,
-27.0054,153.53070000000002,2004-12-11,3.0,0.0,
-26.8387,153.53070000000002,2004-12-11,6.0,0.0,
-26.672,153.19730000000004,2004-12-11,310.0,0.0,
-26.5053,153.36400000000003,2004-12-11,12.0,0.0,
-18.337,147.1961,2004-12-11,336.0,0.0,
-18.1703,146.3626,2004-12-11,26.0,0.0,
-18.1703,147.3628,2004-12-11,336.0,0.0,
-36.5073,150.19669999999996,2004-12-12,71.0,0.0,
-35.3404,150.8635,2004-12-12,115.0,0.0,
-33.34,152.19709999999998,2004-12-12,164.0,0.0,
-29.0058,168.03359999999998,2004-12-12,334.0,0.0,
-28.0056,153.53070000000002,2004-12-12,12.0,0.0,
-27.0054,153.53070000000002,2004-12-12,9.0,0.0,
-26.8387,153.36400000000003,2004-12-12,24.0,0.0,
-26.8387,153.53070000000002,2004-12-12,8.0,0.0,
-26.5053,153.36400000000003,2004-12-12,20.0,0.0,
-18.1703,147.3628,2004-12-12,335.0,0.0,
-5.1677,145.8625,2004-12-12,169.0,0.0,
-32.0064,115.18970000000002,2004-12-14,167.0,0.0,
-31.3396,153.19730000000004,2004-12-14,51.0,0.0,
-28.339,113.68939999999998,2004-12-14,239.0,0.0,
-26.8387,153.53070000000002,2004-12-14,10.0,0.0,
-26.5053,153.36400000000003,2004-12-14,23.0,0.0,
-27.0054,153.53070000000002,2004-12-16,123.0,0.0,
-36.5073,150.19669999999996,2004-12-17,137.0,0.0,
-36.3406,150.3634,2004-12-17,157.0,0.0,
-26.8387,153.36400000000003,2004-12-17,56.0,0.0,
-37.0074,150.19669999999996,2004-12-18,24.0,0.0,
-37.0074,150.3634,2004-12-18,24.0,0.0,
-36.0072,150.3634,2004-12-18,41.0,0.0,
-35.3404,150.8635,2004-12-18,47.0,0.0,
-35.007,150.8635,2004-12-18,48.0,0.0,
-34.0068,151.697,2004-12-18,32.0,0.0,
-33.8401,151.36360000000002,2004-12-18,61.0,0.0,
-33.5067,152.36379999999997,2004-12-18,41.0,0.0,
-33.0066,152.53049999999996,2004-12-18,85.0,0.0,
-32.6732,152.8639,2004-12-18,102.0,0.0,
-30.1727,153.36400000000003,2004-12-18,119.0,0.0,
-28.1723,153.53070000000002,2004-12-18,100.0,0.0,
-28.1723,153.69740000000002,2004-12-18,100.0,0.0,
-27.8389,153.36400000000003,2004-12-18,94.0,0.0,
-27.6722,153.53070000000002,2004-12-18,106.0,0.0,
-27.0054,153.53070000000002,2004-12-18,108.0,0.0,
-26.8387,153.19730000000004,2004-12-18,97.0,0.0,
-26.8387,153.36400000000003,2004-12-18,105.0,0.0,
-26.8387,153.53070000000002,2004-12-18,112.0,0.0,
-26.5053,153.19730000000004,2004-12-18,100.0,0.0,
-26.5053,153.36400000000003,2004-12-18,107.0,0.0,
-7.0014,147.1961,2004-12-18,94.0,0.0,
-34.0068,151.5303,2004-12-19,16.0,0.0,
-33.8401,151.8637,2004-12-19,17.0,0.0,
-33.5067,151.5303,2004-12-19,328.0,0.0,
-33.34,151.697,2004-12-19,328.0,0.0,
-33.0066,152.53049999999996,2004-12-19,28.0,0.0,
-32.8399,152.53049999999996,2004-12-19,34.0,0.0,
-31.3396,152.8639,2004-12-19,18.0,0.0,
-27.8389,153.36400000000003,2004-12-19,4.0,0.0,
-27.0054,153.36400000000003,2004-12-19,23.0,0.0,
-27.0054,153.53070000000002,2004-12-19,8.0,0.0,
-27.0054,153.8641,2004-12-19,352.0,0.0,
-26.8387,153.36400000000003,2004-12-19,24.0,0.0,
-26.8387,153.53070000000002,2004-12-19,8.0,0.0,
-26.672,153.36400000000003,2004-12-19,24.0,0.0,
-26.5053,153.36400000000003,2004-12-19,24.0,0.0,
-26.5053,153.53070000000002,2004-12-19,12.0,0.0,
-7.0014,148.02959999999996,2004-12-19,164.0,0.1,
-5.1677,145.8625,2004-12-19,81.0,0.0,
-4.8343,146.1959,2004-12-19,127.0,0.0,
-35.6738,150.5301,2004-12-20,182.0,0.0,
-20.3374,116.5233,2004-12-20,98.0,0.0,
-37.0074,150.3634,2004-12-21,184.0,0.0,
-26.3386,153.19730000000004,2004-12-21,115.0,0.0,
-16.3366,146.0292,2004-12-21,145.0,0.0,
-36.3406,150.3634,2004-12-22,104.0,0.0,
-34.0068,151.36360000000002,2004-12-22,70.0,0.0,
-33.8401,151.36360000000002,2004-12-22,75.0,0.0,
-33.0066,152.53049999999996,2004-12-22,86.0,0.0,
-27.0054,153.53070000000002,2004-12-22,16.0,0.0,
-26.8387,153.36400000000003,2004-12-22,34.0,0.0,
-26.8387,153.53070000000002,2004-12-22,26.0,0.0,
-26.672,153.19730000000004,2004-12-22,29.0,0.0,
-21.0042,149.19650000000001,2004-12-22,50.0,0.0,
-16.3366,146.0292,2004-12-22,137.0,0.0,
-37.0074,150.19669999999996,2004-12-23,32.0,0.0,
-37.0074,150.3634,2004-12-23,32.0,0.0,
-27.6722,153.53070000000002,2004-12-23,3.0,0.0,
-26.8387,153.36400000000003,2004-12-23,24.0,0.0,
-26.8387,153.53070000000002,2004-12-23,10.0,0.0,
-26.672,153.19730000000004,2004-12-23,19.0,0.0,
-26.5053,153.36400000000003,2004-12-23,23.0,0.0,
-27.6722,153.53070000000002,2004-12-24,1.0,0.0,
-26.3386,153.19730000000004,2004-12-24,27.0,0.0,
-20.004,148.86310000000003,2004-12-24,48.0,0.0,
-20.004,149.02980000000002,2004-12-24,70.0,0.0,
-26.672,153.19730000000004,2004-12-25,315.0,0.0,
-37.0074,150.19669999999996,2004-12-26,40.0,0.0,
-37.0074,150.3634,2004-12-26,40.0,0.0,
-35.6738,150.5301,2004-12-26,52.0,0.0,
-34.6736,138.52769999999998,2004-12-26,226.0,0.0,
-34.6736,151.19690000000003,2004-12-26,46.0,0.0,
-34.5069,151.36360000000002,2004-12-26,47.0,0.0,
-30.8395,153.0306,2004-12-26,161.0,0.0,
-27.8389,153.69740000000002,2004-12-26,159.0,0.1,
-27.6722,153.53070000000002,2004-12-26,150.0,0.1,
-26.672,153.19730000000004,2004-12-26,138.0,0.3,
-26.5053,153.36400000000003,2004-12-26,153.0,0.4,
-5.1677,145.8625,2004-12-26,291.0,0.0,
-34.6736,138.52769999999998,2004-12-27,174.0,0.0,
-31.3396,152.8639,2004-12-27,338.0,0.0,
-30.8395,153.19730000000004,2004-12-27,30.0,0.0,
-28.0056,153.53070000000002,2004-12-27,27.0,0.3,
-27.8389,153.53070000000002,2004-12-27,28.0,0.1,
-27.8389,153.69740000000002,2004-12-27,15.0,0.0,
-27.6722,153.53070000000002,2004-12-27,28.0,0.1,
-27.0054,153.36400000000003,2004-12-27,57.0,0.0,
-27.0054,153.53070000000002,2004-12-27,40.0,0.0,
-26.8387,153.36400000000003,2004-12-27,59.0,0.0,
-26.8387,153.53070000000002,2004-12-27,41.0,0.0,
-26.672,153.19730000000004,2004-12-27,45.0,0.0,
-26.672,153.36400000000003,2004-12-27,59.0,0.0,
-26.5053,153.36400000000003,2004-12-27,66.0,0.0,
-26.3386,153.19730000000004,2004-12-27,65.0,0.4,
-7.0014,148.02959999999996,2004-12-27,47.0,0.0,
-30.8395,153.0306,2004-12-28,185.0,0.0,
-27.6722,153.53070000000002,2004-12-28,154.0,0.9,
-27.5055,153.53070000000002,2004-12-28,283.0,0.7,
-27.5055,153.69740000000002,2004-12-28,185.0,0.3,
-27.0054,153.53070000000002,2004-12-28,358.0,0.0,
-26.8387,153.36400000000003,2004-12-28,25.0,0.0,
-26.672,153.19730000000004,2004-12-28,260.0,0.2,
-26.5053,153.19730000000004,2004-12-28,289.0,0.2,
-7.3348,147.1961,2004-12-28,85.0,0.0,
-34.5069,150.8635,2004-12-29,187.0,0.0,
-27.8389,153.53070000000002,2004-12-29,117.0,0.0,
-27.6722,153.53070000000002,2004-12-29,117.0,0.0,
-26.8387,153.53070000000002,2004-12-29,159.0,0.0,
-26.672,153.19730000000004,2004-12-29,186.0,0.0,
-17.8369,168.20029999999997,2004-12-29,32.0,0.0,
-16.1699,145.8625,2004-12-29,97.0,0.0,
-36.5073,150.19669999999996,2004-12-30,185.0,0.0,
-27.8389,153.53070000000002,2004-12-30,152.0,0.0,
-27.6722,153.53070000000002,2004-12-30,152.0,0.0,
-27.5055,153.53070000000002,2004-12-30,154.0,0.0,
-27.5055,153.69740000000002,2004-12-30,164.0,0.0,
-26.3386,153.19730000000004,2004-12-30,137.0,0.0,
-20.1707,149.19650000000001,2004-12-30,117.0,0.0,
-37.1741,150.19669999999996,2004-12-31,90.0,0.0,
-37.0074,150.19669999999996,2004-12-31,99.0,0.0,
-34.0068,151.5303,2004-12-31,150.0,0.0,
-30.8395,153.0306,2004-12-31,153.0,0.0,
-27.8389,153.53070000000002,2004-12-31,141.0,0.0,
-27.6722,153.53070000000002,2004-12-31,141.0,0.0,
-27.5055,153.53070000000002,2004-12-31,150.0,0.0,
-27.5055,153.69740000000002,2004-12-31,162.0,0.0,
-27.0054,153.53070000000002,2004-12-31,156.0,0.0,
-26.8387,153.53070000000002,2004-12-31,159.0,0.0,
-26.5053,153.36400000000003,2004-12-31,151.0,0.0,
-36.5073,150.19669999999996,2005-01-01,37.0,0.0,
-35.5071,150.8635,2005-01-01,33.0,0.0,
-32.8399,152.53049999999996,2005-01-01,38.0,0.0,
-30.8395,153.0306,2005-01-01,39.0,0.0,
-30.8395,153.36400000000003,2005-01-01,27.0,0.0,
-28.1723,153.53070000000002,2005-01-01,24.0,0.0,
-27.8389,153.36400000000003,2005-01-01,25.0,0.0,
-27.8389,153.53070000000002,2005-01-01,24.0,0.0,
-27.6722,153.53070000000002,2005-01-01,24.0,0.0,
-27.0054,153.53070000000002,2005-01-01,55.0,0.0,
-26.8387,153.36400000000003,2005-01-01,73.0,0.0,
-26.8387,153.53070000000002,2005-01-01,70.0,0.0,
-26.672,153.19730000000004,2005-01-01,78.0,0.0,
-7.0014,148.02959999999996,2005-01-01,132.0,0.0,
-36.8407,150.3634,2005-01-02,161.0,0.0,
-36.5073,150.19669999999996,2005-01-02,123.0,0.0,
-36.3406,150.3634,2005-01-02,140.0,0.0,
-35.1737,151.03020000000004,2005-01-02,150.0,0.0,
-34.6736,151.19690000000003,2005-01-02,146.0,0.0,
-34.3402,150.8635,2005-01-02,79.0,0.0,
-34.0068,151.5303,2005-01-02,110.0,0.0,
-33.8401,151.697,2005-01-02,125.0,0.0,
-33.6734,151.36360000000002,2005-01-02,98.0,0.0,
-33.5067,151.5303,2005-01-02,98.0,0.0,
-33.5067,151.697,2005-01-02,126.0,0.0,
-33.5067,151.8637,2005-01-02,126.0,0.0,
-33.0066,152.53049999999996,2005-01-02,104.0,0.0,
-32.8399,151.8637,2005-01-02,316.0,0.0,
-32.1731,152.53049999999996,2005-01-02,171.0,0.0,
-30.8395,153.0306,2005-01-02,40.0,0.0,
-30.8395,153.36400000000003,2005-01-02,34.0,0.0,
-30.3394,153.69740000000002,2005-01-02,12.0,0.0,
-30.1727,153.36400000000003,2005-01-02,39.0,0.0,
-28.0056,153.53070000000002,2005-01-02,2.0,0.0,
-27.8389,153.36400000000003,2005-01-02,5.0,0.0,
-27.8389,153.53070000000002,2005-01-02,359.0,0.0,
-27.8389,153.69740000000002,2005-01-02,350.0,0.0,
-27.6722,153.53070000000002,2005-01-02,359.0,0.0,
-27.0054,153.36400000000003,2005-01-02,21.0,0.0,
-27.0054,153.53070000000002,2005-01-02,5.0,0.0,
-26.8387,153.53070000000002,2005-01-02,6.0,0.0,
-20.004,149.02980000000002,2005-01-02,111.0,0.3,
-6.8347,147.1961,2005-01-02,333.0,0.3,
-5.001,145.8625,2005-01-02,289.0,0.2,
-37.0074,150.19669999999996,2005-01-03,142.0,0.0,
-36.674,150.3634,2005-01-03,128.0,0.0,
-36.3406,150.02999999999997,2005-01-03,71.0,0.0,
-36.1739,150.3634,2005-01-03,93.0,0.0,
-36.0072,150.3634,2005-01-03,93.0,0.0,
-35.1737,151.03020000000004,2005-01-03,82.0,0.0,
-34.5069,150.8635,2005-01-03,68.0,0.0,
-34.5069,151.03020000000004,2005-01-03,81.0,0.0,
-33.5067,151.697,2005-01-03,91.0,0.0,
-33.0066,152.53049999999996,2005-01-03,110.0,0.0,
-30.8395,153.0306,2005-01-03,132.0,0.0,
-30.8395,153.36400000000003,2005-01-03,155.0,0.0,
-27.8389,153.36400000000003,2005-01-03,6.0,0.0,
-27.8389,153.53070000000002,2005-01-03,3.0,0.0,
-27.8389,153.69740000000002,2005-01-03,353.0,0.0,
-27.8389,153.8641,2005-01-03,353.0,0.0,
-27.6722,153.53070000000002,2005-01-03,3.0,0.0,
-27.5055,153.53070000000002,2005-01-03,1.0,0.0,
-26.672,153.36400000000003,2005-01-03,36.0,0.0,
-26.5053,153.36400000000003,2005-01-03,35.0,0.0,
-31.0062,153.0306,2005-01-04,27.0,0.0,
-30.8395,153.0306,2005-01-04,40.0,0.0,
-30.8395,153.36400000000003,2005-01-04,32.0,0.0,
-27.8389,153.53070000000002,2005-01-04,353.0,0.0,
-27.8389,153.69740000000002,2005-01-04,348.0,0.0,
-26.8387,153.53070000000002,2005-01-04,10.0,0.0,
-26.5053,153.36400000000003,2005-01-04,20.0,0.0,
-36.5073,150.19669999999996,2005-01-05,128.0,0.0,
-36.5073,150.3634,2005-01-05,114.0,0.0,
-36.5073,150.5301,2005-01-05,119.0,0.0,
-36.1739,150.3634,2005-01-05,100.0,0.0,
-35.5071,150.6968,2005-01-05,284.0,0.0,
-35.3404,150.8635,2005-01-05,272.0,0.0,
-34.8403,151.03020000000004,2005-01-05,272.0,0.0,
-34.5069,150.8635,2005-01-05,277.0,0.0,
-32.6732,152.19709999999998,2005-01-05,272.0,0.0,
-28.0056,153.53070000000002,2005-01-05,346.0,0.0,
-27.8389,153.69740000000002,2005-01-05,1.0,0.0,
-7.0014,148.02959999999996,2005-01-05,233.0,0.8,
-35.5071,150.6968,2005-01-06,91.0,0.0,
-33.5067,151.36360000000002,2005-01-06,191.0,0.0,
-32.8399,152.53049999999996,2005-01-06,178.0,0.0,
-31.3396,152.8639,2005-01-06,146.0,0.0,
-31.3396,153.19730000000004,2005-01-06,172.0,0.0,
-30.8395,153.19730000000004,2005-01-06,153.0,0.0,
-28.0056,153.53070000000002,2005-01-06,339.0,0.0,
-27.8389,153.36400000000003,2005-01-06,335.0,0.4,
-27.8389,153.53070000000002,2005-01-06,335.0,0.5,
-27.8389,153.8641,2005-01-06,332.0,0.5,
-27.6722,153.53070000000002,2005-01-06,335.0,0.5,
-27.1721,153.69740000000002,2005-01-06,333.0,0.7,
-20.3374,116.5233,2005-01-06,64.0,0.0,
-33.8401,151.36360000000002,2005-01-07,144.0,0.0,
-33.5067,151.36360000000002,2005-01-07,164.0,0.0,
-30.8395,153.36400000000003,2005-01-07,173.0,0.0,
-28.1723,154.0308,2005-01-07,177.0,0.0,
-28.0056,153.53070000000002,2005-01-07,153.0,0.2,
-27.8389,153.36400000000003,2005-01-07,129.0,0.3,
-27.8389,153.53070000000002,2005-01-07,144.0,0.2,
-27.8389,153.69740000000002,2005-01-07,161.0,0.0,
-27.8389,153.8641,2005-01-07,161.0,0.0,
-27.0054,153.36400000000003,2005-01-07,149.0,0.2,
-27.0054,153.53070000000002,2005-01-07,175.0,0.9,
-26.8387,153.36400000000003,2005-01-07,158.0,1.8,
-26.8387,153.53070000000002,2005-01-07,185.0,2.7,
-26.672,153.19730000000004,2005-01-07,133.0,0.6,
-26.672,153.36400000000003,2005-01-07,158.0,1.8,
-26.672,153.53070000000002,2005-01-07,185.0,2.7,
-26.5053,153.36400000000003,2005-01-07,156.0,4.5,
-26.5053,153.53070000000002,2005-01-07,189.0,6.5,
-16.8367,146.1959,2005-01-07,9.0,0.0,
7.0014,171.36760000000004,2005-01-07,73.0,0.1,
-36.5073,150.19669999999996,2005-01-08,177.0,0.2,
-36.3406,150.02999999999997,2005-01-08,166.0,0.2,
-36.1739,150.3634,2005-01-08,173.0,0.0,
-35.8405,150.5301,2005-01-08,176.0,0.2,
-35.1737,151.03020000000004,2005-01-08,183.0,0.2,
-34.8403,150.8635,2005-01-08,171.0,0.0,
-32.8399,151.8637,2005-01-08,164.0,0.0,
-32.6732,152.19709999999998,2005-01-08,177.0,0.0,
-31.3396,152.8639,2005-01-08,144.0,0.0,
-31.3396,153.0306,2005-01-08,154.0,0.0,
-31.3396,153.19730000000004,2005-01-08,170.0,0.0,
-31.0062,153.0306,2005-01-08,152.0,0.0,
-31.0062,153.19730000000004,2005-01-08,152.0,0.0,
-43.1753,148.1963,2005-01-09,94.0,0.0,
-43.0086,148.1963,2005-01-09,89.0,0.0,
-37.0074,150.19669999999996,2005-01-09,138.0,0.0,
-37.0074,150.3634,2005-01-09,138.0,0.0,
-36.674,150.3634,2005-01-09,143.0,0.0,
-36.5073,150.19669999999996,2005-01-09,130.0,0.0,
-36.0072,151.697,2005-01-09,159.0,0.0,
-35.1737,151.03020000000004,2005-01-09,159.0,0.0,
-34.6736,151.03020000000004,2005-01-09,160.0,0.0,
-34.6736,151.19690000000003,2005-01-09,163.0,0.0,
-34.1735,151.19690000000003,2005-01-09,149.0,0.0,
-34.0068,151.36360000000002,2005-01-09,152.0,0.0,
-34.0068,151.697,2005-01-09,162.0,0.0,
-33.8401,151.5303,2005-01-09,155.0,0.0,
-32.8399,152.53049999999996,2005-01-09,168.0,0.0,
-31.3396,152.8639,2005-01-09,157.0,0.0,
-31.3396,153.0306,2005-01-09,167.0,0.0,
-31.3396,153.19730000000004,2005-01-09,175.0,0.0,
-31.1729,153.19730000000004,2005-01-09,168.0,0.0,
-31.0062,153.0306,2005-01-09,168.0,0.0,
-31.0062,153.19730000000004,2005-01-09,168.0,0.0,
-31.0062,153.36400000000003,2005-01-09,175.0,0.1,
-30.8395,153.0306,2005-01-09,167.0,0.0,
-28.0056,153.53070000000002,2005-01-09,157.0,0.1,
-27.8389,153.53070000000002,2005-01-09,151.0,0.0,
-5.3344,145.8625,2005-01-09,273.0,0.6,
-4.8343,145.8625,2005-01-09,319.0,0.3,
-36.0072,151.697,2005-01-10,124.0,0.0,
-32.8399,152.53049999999996,2005-01-10,166.0,0.0,
-32.6732,152.6972,2005-01-10,172.0,0.0,
-30.8395,153.0306,2005-01-10,161.0,0.0,
-20.004,116.35660000000001,2005-01-10,250.0,0.0,
-33.34,152.19709999999998,2005-01-11,111.0,0.0,
-33.0066,151.697,2005-01-11,106.0,0.0,
-31.3396,152.8639,2005-01-11,143.0,0.1,
-31.3396,153.0306,2005-01-11,150.0,0.0,
-31.3396,153.19730000000004,2005-01-11,155.0,0.0,
-31.0062,153.0306,2005-01-11,153.0,0.0,
-31.0062,153.19730000000004,2005-01-11,153.0,0.0,
-30.8395,153.0306,2005-01-11,155.0,0.3,
-27.8389,153.36400000000003,2005-01-11,138.0,0.0,
-17.5035,168.5337,2005-01-11,27.0,0.4,
-31.3396,153.0306,2005-01-12,41.0,0.0,
-31.3396,153.19730000000004,2005-01-12,33.0,0.0,
-30.8395,153.0306,2005-01-12,50.0,0.0,
-5.001,145.8625,2005-01-12,324.0,0.1,
-36.8407,150.19669999999996,2005-01-13,76.0,0.0,
-35.6738,150.19669999999996,2005-01-13,94.0,0.0,
-34.1735,151.36360000000002,2005-01-13,40.0,0.0,
-31.5063,153.0306,2005-01-13,27.0,0.0,
-31.3396,152.8639,2005-01-13,37.0,0.0,
-31.3396,153.0306,2005-01-13,31.0,0.0,
-31.3396,153.19730000000004,2005-01-13,22.0,0.0,
-31.1729,153.0306,2005-01-13,33.0,0.0,
-31.1729,153.19730000000004,2005-01-13,33.0,0.0,
-31.0062,153.0306,2005-01-13,33.0,0.0,
-31.0062,153.19730000000004,2005-01-13,33.0,0.0,
-30.8395,153.19730000000004,2005-01-13,40.0,0.0,
-36.1739,150.5301,2005-01-14,38.0,0.0,
-36.0072,150.3634,2005-01-14,51.0,0.0,
-35.6738,150.19669999999996,2005-01-14,24.0,0.0,
-35.6738,150.5301,2005-01-14,45.0,0.0,
-35.6738,150.6968,2005-01-14,35.0,0.0,
-35.6738,151.5303,2005-01-14,12.0,0.0,
-35.5071,150.6968,2005-01-14,39.0,0.0,
-35.5071,150.8635,2005-01-14,39.0,0.0,
-34.6736,138.52769999999998,2005-01-14,204.0,0.0,
-34.5069,150.8635,2005-01-14,28.0,0.0,
-32.6732,152.36379999999997,2005-01-14,47.0,0.0,
-31.3396,152.8639,2005-01-14,37.0,0.0,
-31.3396,153.0306,2005-01-14,31.0,0.0,
-31.3396,153.19730000000004,2005-01-14,22.0,0.0,
-31.1729,153.36400000000003,2005-01-14,22.0,0.0,
-31.0062,153.0306,2005-01-14,33.0,0.0,
-24.0048,151.697,2005-01-14,121.0,0.1,
-37.0074,150.19669999999996,2005-01-15,57.0,0.0,
-37.0074,150.3634,2005-01-15,57.0,0.0,
-36.3406,150.3634,2005-01-15,60.0,0.0,
-36.0072,150.5301,2005-01-15,71.0,0.0,
-35.6738,150.19669999999996,2005-01-15,72.0,0.0,
-35.6738,150.5301,2005-01-15,79.0,0.0,
-35.6738,151.5303,2005-01-15,90.0,0.0,
-35.5071,150.6968,2005-01-15,74.0,0.0,
-34.3402,151.19690000000003,2005-01-15,78.0,0.0,
-33.0066,151.8637,2005-01-15,108.0,0.0,
-32.8399,152.53049999999996,2005-01-15,48.0,0.0,
-32.6732,152.6972,2005-01-15,38.0,0.0,
-30.8395,153.0306,2005-01-15,58.0,0.0,
-30.3394,153.19730000000004,2005-01-15,72.0,0.0,
-20.3374,116.18989999999997,2005-01-15,50.0,0.0,
-20.004,116.35660000000001,2005-01-15,72.0,0.0,
-20.004,116.85669999999999,2005-01-15,84.0,0.0,
-7.0014,147.1961,2005-01-15,356.0,0.9,
-7.0014,147.69619999999998,2005-01-15,186.0,0.3,
-35.8405,150.5301,2005-01-16,180.0,0.0,
-35.6738,150.5301,2005-01-16,180.0,0.0,
-35.1737,151.03020000000004,2005-01-16,187.0,0.0,
-33.8401,151.5303,2005-01-16,181.0,0.0,
-33.34,151.697,2005-01-16,170.0,0.0,
-33.34,152.19709999999998,2005-01-16,187.0,0.0,
-33.0066,152.53049999999996,2005-01-16,180.0,0.0,
-32.8399,152.53049999999996,2005-01-16,135.0,0.0,
-32.6732,152.36379999999997,2005-01-16,185.0,0.0,
-32.6732,152.53049999999996,2005-01-16,135.0,0.0,
-30.8395,153.0306,2005-01-16,51.0,0.0,
-30.3394,153.36400000000003,2005-01-16,63.0,0.0,
-27.6722,153.53070000000002,2005-01-16,134.0,0.0,
-27.0054,153.53070000000002,2005-01-16,195.0,0.0,
-26.8387,153.69740000000002,2005-01-16,222.0,0.0,
-26.672,153.19730000000004,2005-01-16,186.0,0.0,
-26.5053,153.53070000000002,2005-01-16,195.0,0.0,
-26.3386,153.53070000000002,2005-01-16,192.0,0.0,
-7.3348,147.1961,2005-01-16,92.0,0.7,
-7.0014,147.3628,2005-01-16,88.0,0.5,
-7.0014,148.02959999999996,2005-01-16,160.0,1.1,
-5.001,145.8625,2005-01-16,30.0,0.0,
-28.0056,153.53070000000002,2005-01-17,150.0,0.2,
-36.5073,150.19669999999996,2005-01-18,59.0,0.0,
-30.8395,153.0306,2005-01-18,156.0,0.2,
-36.5073,150.19669999999996,2005-01-19,32.0,0.0,
-33.34,152.19709999999998,2005-01-19,41.0,0.0,
-35.5071,137.36080000000004,2005-01-20,189.0,0.0,
-33.1733,151.5303,2005-01-20,51.0,0.0,
-33.0066,152.53049999999996,2005-01-20,28.0,0.0,
-32.8399,152.53049999999996,2005-01-20,33.0,0.0,
-30.8395,153.0306,2005-01-20,29.0,0.0,
-27.8389,153.53070000000002,2005-01-20,106.0,0.0,
-27.8389,153.8641,2005-01-20,126.0,0.0,
-27.0054,153.36400000000003,2005-01-20,136.0,0.0,
-27.0054,153.53070000000002,2005-01-20,150.0,0.0,
-26.672,153.19730000000004,2005-01-20,125.0,0.0,
-36.5073,150.19669999999996,2005-01-21,104.0,0.0,
-36.3406,150.19669999999996,2005-01-21,85.0,0.0,
-30.8395,153.0306,2005-01-21,85.0,0.0,
-28.1723,153.53070000000002,2005-01-21,357.0,0.0,
-28.0056,153.53070000000002,2005-01-21,357.0,0.0,
-27.8389,153.36400000000003,2005-01-21,1.0,0.0,
-27.8389,153.53070000000002,2005-01-21,360.0,0.0,
-27.8389,153.8641,2005-01-21,355.0,0.0,
-27.6722,153.53070000000002,2005-01-21,360.0,0.0,
-26.8387,153.19730000000004,2005-01-21,2.0,0.0,
-26.672,153.53070000000002,2005-01-21,11.0,0.0,
-24.6716,153.19730000000004,2005-01-21,322.0,0.0,
-43.0086,148.1963,2005-01-22,197.0,0.0,
-42.8419,148.02959999999996,2005-01-22,221.0,0.0,
-37.0074,150.19669999999996,2005-01-22,118.0,0.0,
-37.0074,150.3634,2005-01-22,118.0,0.0,
-36.5073,150.19669999999996,2005-01-22,92.0,0.0,
-36.5073,150.3634,2005-01-22,94.0,0.0,
-36.5073,150.5301,2005-01-22,89.0,0.0,
-36.3406,150.02999999999997,2005-01-22,83.0,0.1,
-36.3406,150.3634,2005-01-22,76.0,0.0,
-36.3406,150.5301,2005-01-22,73.0,0.0,
-36.1739,150.19669999999996,2005-01-22,83.0,0.1,
-36.1739,150.3634,2005-01-22,76.0,0.0,
-36.1739,150.5301,2005-01-22,73.0,0.0,
-35.3404,150.8635,2005-01-22,67.0,0.0,
-35.1737,151.03020000000004,2005-01-22,57.0,0.0,
-34.6736,151.19690000000003,2005-01-22,54.0,0.0,
-34.0068,151.5303,2005-01-22,58.0,0.0,
-34.0068,151.8637,2005-01-22,48.0,0.0,
-33.5067,151.8637,2005-01-22,59.0,0.0,
-33.5067,152.0304,2005-01-22,54.0,0.0,
-33.34,152.19709999999998,2005-01-22,59.0,0.0,
-33.1733,152.19709999999998,2005-01-22,59.0,0.0,
-32.8399,152.53049999999996,2005-01-22,69.0,0.0,
-32.6732,152.53049999999996,2005-01-22,69.0,0.0,
-32.6732,152.6972,2005-01-22,64.0,0.0,
-32.5065,152.36379999999997,2005-01-22,74.0,0.0,
-30.8395,153.0306,2005-01-22,155.0,0.2,
-28.1723,153.53070000000002,2005-01-22,16.0,0.0,
-28.1723,153.69740000000002,2005-01-22,16.0,0.0,
-28.1723,153.8641,2005-01-22,1.0,0.0,
-28.0056,153.53070000000002,2005-01-22,16.0,0.0,
-27.8389,153.36400000000003,2005-01-22,29.0,0.0,
-27.8389,153.53070000000002,2005-01-22,14.0,0.0,
-27.8389,153.69740000000002,2005-01-22,2.0,0.0,
-27.8389,153.8641,2005-01-22,2.0,0.0,
-27.6722,153.53070000000002,2005-01-22,14.0,0.0,
-27.6722,154.0308,2005-01-22,359.0,0.0,
-27.5055,153.69740000000002,2005-01-22,5.0,0.0,
-27.3388,153.53070000000002,2005-01-22,19.0,0.0,
-26.8387,153.53070000000002,2005-01-22,23.0,0.0,
-5.001,145.8625,2005-01-22,180.0,0.3,
-41.0082,146.69600000000003,2005-01-23,314.0,0.0,
-38.5077,145.029,2005-01-23,154.0,0.0,
-38.5077,145.52909999999997,2005-01-23,155.0,0.0,
-37.0074,150.3634,2005-01-23,177.0,0.0,
-36.5073,150.19669999999996,2005-01-23,178.0,0.0,
-36.5073,150.3634,2005-01-23,180.0,0.2,
-36.3406,150.02999999999997,2005-01-23,184.0,0.0,
-36.3406,150.3634,2005-01-23,185.0,0.4,
-36.3406,150.5301,2005-01-23,166.0,0.3,
-36.1739,150.19669999999996,2005-01-23,184.0,0.0,
-36.1739,150.5301,2005-01-23,166.0,0.3,
-34.0068,151.5303,2005-01-23,190.0,0.0,
-34.0068,151.697,2005-01-23,219.0,0.0,
-33.8401,151.697,2005-01-23,191.0,0.0,
-33.6734,151.8637,2005-01-23,191.0,0.0,
-33.0066,152.53049999999996,2005-01-23,99.0,0.0,
-32.5065,152.36379999999997,2005-01-23,130.0,0.7,
-32.1731,152.8639,2005-01-23,126.0,0.0,
-31.3396,153.0306,2005-01-23,89.0,0.1,
-30.8395,153.19730000000004,2005-01-23,56.0,0.0,
-30.3394,153.19730000000004,2005-01-23,53.0,0.0,
-28.1723,153.53070000000002,2005-01-23,36.0,0.2,
-28.1723,153.69740000000002,2005-01-23,36.0,0.2,
-28.0056,153.53070000000002,2005-01-23,36.0,0.2,
-28.0056,153.69740000000002,2005-01-23,38.0,0.0,
-27.8389,153.36400000000003,2005-01-23,49.0,0.1,
-27.8389,153.53070000000002,2005-01-23,47.0,0.0,
-27.8389,153.69740000000002,2005-01-23,44.0,0.0,
-27.8389,153.8641,2005-01-23,44.0,0.0,
-27.6722,153.53070000000002,2005-01-23,47.0,0.0,
-27.6722,153.69740000000002,2005-01-23,44.0,0.0,
-27.3388,153.53070000000002,2005-01-23,54.0,0.0,
-27.1721,153.69740000000002,2005-01-23,54.0,0.0,
-27.0054,153.36400000000003,2005-01-23,59.0,0.0,
-27.0054,153.53070000000002,2005-01-23,57.0,0.0,
-26.8387,153.36400000000003,2005-01-23,63.0,0.0,
-26.8387,153.53070000000002,2005-01-23,59.0,0.0,
-26.5053,153.36400000000003,2005-01-23,65.0,0.0,
-26.5053,153.53070000000002,2005-01-23,62.0,0.0,
-26.3386,153.53070000000002,2005-01-23,64.0,0.0,
-20.004,116.85669999999999,2005-01-23,304.0,0.0,
-37.0074,150.3634,2005-01-24,110.0,0.0,
-36.5073,150.19669999999996,2005-01-24,101.0,0.1,
-36.5073,150.5301,2005-01-24,114.0,0.0,
-36.3406,150.02999999999997,2005-01-24,108.0,0.0,
-36.3406,150.19669999999996,2005-01-24,108.0,0.0,
-36.3406,150.3634,2005-01-24,119.0,0.0,
-36.3406,150.5301,2005-01-24,124.0,0.0,
-27.0054,153.53070000000002,2005-01-24,109.0,0.0,
-26.8387,153.69740000000002,2005-01-24,110.0,0.0,
-26.5053,153.36400000000003,2005-01-24,113.0,0.0,
-36.8407,150.3634,2005-01-25,42.0,0.0,
-36.5073,150.19669999999996,2005-01-25,39.0,0.3,
-36.3406,150.3634,2005-01-25,42.0,0.0,
-35.3404,150.5301,2005-01-26,64.0,0.0,
-34.6736,151.03020000000004,2005-01-26,64.0,0.0,
-34.6736,151.19690000000003,2005-01-26,58.0,0.0,
-33.8401,151.697,2005-01-26,79.0,0.0,
-32.8399,152.53049999999996,2005-01-26,87.0,0.0,
-32.6732,152.6972,2005-01-26,88.0,0.0,
-30.8395,153.0306,2005-01-26,99.0,0.0,
-37.0074,150.3634,2005-01-27,30.0,0.0,
-34.8403,151.03020000000004,2005-01-27,45.0,0.0,
-33.8401,151.5303,2005-01-27,63.0,0.1,
-32.8399,152.53049999999996,2005-01-27,58.0,0.2,
-28.0056,153.53070000000002,2005-01-27,153.0,2.0,
-27.0054,153.36400000000003,2005-01-27,144.0,2.9,
-36.8407,150.19669999999996,2005-01-28,35.0,0.0,
-35.8405,150.6968,2005-01-28,47.0,0.0,
-35.5071,150.6968,2005-01-28,54.0,0.0,
-35.3404,150.6968,2005-01-28,65.0,0.0,
-35.3404,150.8635,2005-01-28,61.0,0.0,
-35.1737,150.8635,2005-01-28,62.0,0.0,
-35.1737,151.03020000000004,2005-01-28,54.0,0.0,
-34.8403,151.03020000000004,2005-01-28,62.0,0.0,
-33.8401,151.36360000000002,2005-01-28,117.0,0.2,
-32.8399,152.53049999999996,2005-01-28,132.0,0.1,
-21.0042,150.19669999999996,2005-01-28,264.0,0.0,
-21.0042,150.5301,2005-01-28,245.0,0.0,
-20.3374,116.69,2005-01-28,261.0,0.0,
-20.004,148.86310000000003,2005-01-28,321.0,0.0,
-41.1749,148.363,2005-01-29,338.0,0.0,
-41.1749,148.69640000000004,2005-01-29,338.0,0.0,
-35.3404,150.6968,2005-01-29,63.0,0.0,
-35.3404,150.8635,2005-01-29,62.0,0.0,
-35.1737,150.8635,2005-01-29,62.0,0.0,
-35.1737,151.03020000000004,2005-01-29,53.0,0.0,
-35.007,151.03020000000004,2005-01-29,62.0,0.0,
-34.6736,151.03020000000004,2005-01-29,69.0,0.0,
-33.8401,151.8637,2005-01-29,154.0,0.0,
-33.34,152.19709999999998,2005-01-29,180.0,0.1,
-33.1733,152.0304,2005-01-29,183.0,0.2,
-33.0066,151.697,2005-01-29,160.0,0.0,
-32.8399,152.53049999999996,2005-01-29,182.0,0.1,
-32.6732,152.19709999999998,2005-01-29,188.0,0.3,
-31.3396,153.19730000000004,2005-01-29,197.0,0.0,
-27.8389,153.36400000000003,2005-01-29,21.0,0.0,
-27.8389,153.53070000000002,2005-01-29,34.0,0.0,
-27.8389,153.69740000000002,2005-01-29,41.0,0.0,
-27.8389,153.8641,2005-01-29,41.0,0.0,
-27.0054,153.36400000000003,2005-01-29,56.0,0.0,
-27.0054,153.53070000000002,2005-01-29,48.0,0.0,
-27.0054,153.69740000000002,2005-01-29,349.0,0.0,
-26.8387,153.36400000000003,2005-01-29,47.0,0.0,
-26.8387,153.53070000000002,2005-01-29,36.0,0.0,
-26.8387,153.69740000000002,2005-01-29,6.0,0.0,
-26.5053,153.53070000000002,2005-01-29,23.0,0.0,
-20.3374,116.69,2005-01-29,249.0,0.0,
-19.1705,147.0294,2005-01-29,351.0,0.0,
-37.0074,150.19669999999996,2005-01-30,182.0,0.0,
-35.3404,150.8635,2005-01-30,171.0,0.0,
-35.1737,151.03020000000004,2005-01-30,175.0,0.0,
-34.8403,151.03020000000004,2005-01-30,173.0,0.0,
-34.5069,150.8635,2005-01-30,160.0,0.0,
-34.0068,151.36360000000002,2005-01-30,168.0,0.3,
-34.0068,151.5303,2005-01-30,173.0,0.3,
-33.5067,151.5303,2005-01-30,144.0,0.0,
-33.5067,152.0304,2005-01-30,171.0,0.0,
-28.0056,153.53070000000002,2005-01-30,70.0,0.0,
-27.6722,153.53070000000002,2005-01-30,55.0,0.0,
-27.0054,153.36400000000003,2005-01-30,68.0,0.0,
-27.0054,153.53070000000002,2005-01-30,67.0,0.0,
-26.8387,153.19730000000004,2005-01-30,66.0,0.1,
-26.8387,153.53070000000002,2005-01-30,61.0,0.0,
-26.5053,153.19730000000004,2005-01-30,62.0,0.1,
-26.5053,153.53070000000002,2005-01-30,47.0,0.0,
-24.6716,153.19730000000004,2005-01-30,344.0,0.0,
-20.3374,116.35660000000001,2005-01-30,252.0,0.0,
-36.5073,150.19669999999996,2005-01-31,32.0,0.0,
-35.6738,150.19669999999996,2005-01-31,48.0,0.0,
-33.5067,151.5303,2005-01-31,96.0,0.0,
-36.0072,150.3634,2005-02-01,38.0,0.0,
-34.0068,151.697,2005-02-01,35.0,0.0,
-34.0068,151.8637,2005-02-01,35.0,0.0,
-32.6732,152.6972,2005-02-01,37.0,0.0,
-32.1731,152.6972,2005-02-01,56.0,0.0,
-28.0056,153.53070000000002,2005-02-01,88.0,0.0,
-36.5073,150.19669999999996,2005-02-02,186.0,1.4,
-27.8389,153.53070000000002,2005-02-02,12.0,0.0,
-36.5073,150.19669999999996,2005-02-03,333.0,0.0,
-33.5067,152.36379999999997,2005-02-03,304.0,0.0,
-32.8399,152.53049999999996,2005-02-03,294.0,0.0,
-28.0056,153.53070000000002,2005-02-03,138.0,0.0,
-27.0054,153.36400000000003,2005-02-03,179.0,0.0,
-26.8387,153.36400000000003,2005-02-03,179.0,0.0,
-26.5053,153.36400000000003,2005-02-03,176.0,0.0,
-26.3386,153.53070000000002,2005-02-03,178.0,0.0,
-35.007,151.03020000000004,2005-02-04,6.0,0.0,
-33.1733,152.0304,2005-02-04,23.0,0.0,
-33.0066,152.53049999999996,2005-02-04,6.0,0.0,
-32.5065,152.36379999999997,2005-02-04,56.0,0.0,
-31.3396,152.8639,2005-02-04,32.0,0.0,
-30.8395,153.0306,2005-02-04,60.0,0.0,
-30.8395,153.36400000000003,2005-02-04,67.0,0.0,
-30.3394,153.19730000000004,2005-02-04,87.0,0.0,
-30.3394,153.36400000000003,2005-02-04,82.0,0.0,
-29.0058,168.03359999999998,2005-02-04,128.0,0.0,
-28.1723,153.8641,2005-02-04,141.0,0.0,
-28.0056,153.53070000000002,2005-02-04,117.0,0.0,
-27.8389,153.53070000000002,2005-02-04,124.0,0.0,
-27.0054,153.53070000000002,2005-02-04,144.0,0.0,
-27.0054,153.69740000000002,2005-02-04,151.0,0.0,
-26.8387,153.36400000000003,2005-02-04,143.0,0.0,
-26.8387,153.53070000000002,2005-02-04,150.0,0.0,
-26.672,153.19730000000004,2005-02-04,122.0,0.0,
-26.672,153.36400000000003,2005-02-04,143.0,0.0,
-26.5053,153.19730000000004,2005-02-04,128.0,0.0,
-26.5053,153.36400000000003,2005-02-04,147.0,0.0,
-26.5053,153.53070000000002,2005-02-04,152.0,0.0,
-35.6738,150.19669999999996,2005-02-05,225.0,0.0,
-35.6738,150.5301,2005-02-05,126.0,0.0,
-35.5071,150.6968,2005-02-05,154.0,0.0,
-35.3404,150.5301,2005-02-05,246.0,0.0,
-35.3404,150.6968,2005-02-05,246.0,0.0,
-35.3404,150.8635,2005-02-05,194.0,0.0,
-35.007,150.8635,2005-02-05,260.0,0.0,
-34.8403,151.03020000000004,2005-02-05,209.0,0.0,
-34.6736,151.19690000000003,2005-02-05,227.0,0.0,
-33.34,152.19709999999998,2005-02-05,207.0,0.0,
-33.1733,152.19709999999998,2005-02-05,207.0,0.0,
-33.1733,152.36379999999997,2005-02-05,207.0,0.0,
-33.0066,151.8637,2005-02-05,277.0,0.0,
-33.0066,152.53049999999996,2005-02-05,204.0,0.0,
-32.8399,152.0304,2005-02-05,233.0,0.0,
-32.8399,152.19709999999998,2005-02-05,233.0,0.0,
-32.8399,152.53049999999996,2005-02-05,193.0,0.0,
-32.8399,152.6972,2005-02-05,199.0,0.0,
-32.6732,152.53049999999996,2005-02-05,193.0,0.0,
-32.5065,152.36379999999997,2005-02-05,207.0,0.0,
-32.5065,154.0308,2005-02-05,216.0,0.0,
-32.1731,152.6972,2005-02-05,177.0,0.0,
-30.8395,153.0306,2005-02-05,137.0,0.0,
-30.8395,153.36400000000003,2005-02-05,161.0,0.0,
-29.0058,168.03359999999998,2005-02-05,122.0,0.0,
-28.0056,153.53070000000002,2005-02-05,36.0,0.0,
-27.8389,153.53070000000002,2005-02-05,17.0,0.0,
-27.8389,153.69740000000002,2005-02-05,2.0,0.0,
-27.8389,153.8641,2005-02-05,2.0,0.0,
-27.8389,154.1975,2005-02-05,324.0,0.0,
-27.3388,153.36400000000003,2005-02-05,43.0,0.0,
-27.3388,153.69740000000002,2005-02-05,343.0,0.0,
-27.0054,153.53070000000002,2005-02-05,24.0,0.0,
-26.8387,153.36400000000003,2005-02-05,44.0,0.0,
-26.8387,153.53070000000002,2005-02-05,13.0,0.0,
-26.8387,153.69740000000002,2005-02-05,343.0,0.0,
-26.672,153.36400000000003,2005-02-05,44.0,0.0,
-26.5053,153.19730000000004,2005-02-05,27.0,0.1,
-26.5053,153.36400000000003,2005-02-05,32.0,0.0,
-26.5053,153.53070000000002,2005-02-05,6.0,0.0,
-26.5053,153.8641,2005-02-05,341.0,0.0,
-18.6704,146.52930000000003,2005-02-05,99.0,0.0,
-18.337,146.69600000000003,2005-02-05,123.0,0.0,
-18.1703,146.69600000000003,2005-02-05,123.0,0.0,
-7.0014,148.02959999999996,2005-02-05,46.0,0.0,
-41.1749,148.69640000000004,2005-02-06,296.0,0.0,
-35.6738,150.19669999999996,2005-02-06,99.0,0.0,
-35.5071,150.6968,2005-02-06,148.0,0.0,
-35.5071,150.8635,2005-02-06,148.0,0.0,
-35.3404,150.6968,2005-02-06,128.0,0.0,
-35.3404,150.8635,2005-02-06,136.0,0.0,
-34.8403,150.8635,2005-02-06,207.0,0.0,
-34.8403,151.03020000000004,2005-02-06,133.0,0.0,
-34.5069,151.03020000000004,2005-02-06,270.0,0.0,
-34.0068,151.36360000000002,2005-02-06,297.0,0.0,
-34.0068,151.697,2005-02-06,250.0,0.0,
-33.8401,151.5303,2005-02-06,149.0,0.0,
-33.6734,151.36360000000002,2005-02-06,111.0,0.0,
-33.6734,151.697,2005-02-06,210.0,0.0,
-33.5067,151.5303,2005-02-06,127.0,0.0,
-33.5067,152.0304,2005-02-06,199.0,0.0,
-33.34,151.697,2005-02-06,127.0,0.0,
-33.1733,152.36379999999997,2005-02-06,209.0,0.0,
-33.0066,151.697,2005-02-06,137.0,0.0,
-33.0066,151.8637,2005-02-06,204.0,0.0,
-33.0066,152.0304,2005-02-06,194.0,0.0,
-33.0066,152.53049999999996,2005-02-06,247.0,0.0,
-32.8399,152.0304,2005-02-06,194.0,0.0,
-32.8399,152.19709999999998,2005-02-06,194.0,0.0,
-32.8399,152.53049999999996,2005-02-06,180.0,0.0,
-32.8399,152.6972,2005-02-06,339.0,0.0,
-32.6732,152.53049999999996,2005-02-06,180.0,0.0,
-32.6732,152.6972,2005-02-06,339.0,0.0,
-32.0064,115.18970000000002,2005-02-06,176.0,0.0,
-31.3396,153.0306,2005-02-06,59.0,0.0,
-30.8395,153.0306,2005-02-06,54.0,0.0,
-30.3394,153.36400000000003,2005-02-06,92.0,0.0,
-27.8389,153.53070000000002,2005-02-06,112.0,0.0,
-27.6722,153.53070000000002,2005-02-06,112.0,0.0,
-19.0038,146.69600000000003,2005-02-06,45.0,0.0,
-18.6704,146.52930000000003,2005-02-06,68.0,0.3,
-18.6704,146.69600000000003,2005-02-06,59.0,0.1,
-18.5037,146.52930000000003,2005-02-06,73.0,0.2,
-7.0014,147.3628,2005-02-06,110.0,0.2,
-36.8407,150.19669999999996,2005-02-07,26.0,0.0,
-36.5073,150.19669999999996,2005-02-07,34.0,0.0,
-35.6738,150.5301,2005-02-07,40.0,0.0,
-35.5071,150.6968,2005-02-07,39.0,0.0,
-33.6734,151.36360000000002,2005-02-07,72.0,0.0,
-33.5067,151.5303,2005-02-07,120.0,0.0,
-33.0066,152.19709999999998,2005-02-07,198.0,0.0,
-32.8399,152.53049999999996,2005-02-07,192.0,0.0,
-32.5065,152.36379999999997,2005-02-07,177.0,0.0,
-31.0062,153.0306,2005-02-07,42.0,0.0,
-30.8395,153.0306,2005-02-07,48.0,0.0,
-29.8393,159.03179999999998,2005-02-07,175.0,0.0,
-27.6722,153.53070000000002,2005-02-07,48.0,0.0,
-18.1703,146.3626,2005-02-07,46.0,0.1,
7.0014,171.36760000000004,2005-02-07,38.0,0.0,
-36.8407,150.19669999999996,2005-02-08,42.0,0.0,
-35.6738,150.5301,2005-02-08,54.0,0.0,
-35.5071,150.6968,2005-02-08,52.0,0.0,
-34.8403,151.03020000000004,2005-02-08,36.0,0.0,
-34.6736,151.03020000000004,2005-02-08,36.0,0.0,
-32.8399,152.53049999999996,2005-02-08,33.0,0.0,
-30.8395,153.0306,2005-02-08,28.0,0.0,
-27.1721,153.19730000000004,2005-02-08,33.0,0.0,
-26.8387,153.69740000000002,2005-02-08,356.0,0.0,
-26.672,153.19730000000004,2005-02-08,18.0,0.0,
-26.5053,153.19730000000004,2005-02-08,15.0,0.0,
-33.0066,152.53049999999996,2005-02-09,221.0,0.0,
-30.8395,153.0306,2005-02-09,339.0,0.0,
-27.6722,153.53070000000002,2005-02-09,332.0,0.0,
-19.8373,148.86310000000003,2005-02-09,2.0,0.1,
-36.5073,150.19669999999996,2005-02-10,151.0,0.0,
-35.3404,150.8635,2005-02-10,184.0,0.0,
-32.8399,152.36379999999997,2005-02-10,161.0,1.4,
-32.8399,152.53049999999996,2005-02-10,145.0,2.1,
-32.6732,152.6972,2005-02-10,135.0,2.1,
-30.8395,153.0306,2005-02-10,193.0,0.1,
-30.6728,153.0306,2005-02-10,193.0,0.1,
-30.3394,153.36400000000003,2005-02-10,198.0,1.8,
-27.1721,153.19730000000004,2005-02-10,242.0,0.1,
-35.007,150.8635,2005-02-11,132.0,0.0,
-33.0066,152.53049999999996,2005-02-11,192.0,0.0,
-32.8399,152.53049999999996,2005-02-11,193.0,0.0,
-32.6732,152.6972,2005-02-11,195.0,0.0,
-32.0064,115.35640000000001,2005-02-11,187.0,0.0,
-30.8395,153.0306,2005-02-11,176.0,0.4,
-30.8395,153.36400000000003,2005-02-11,178.0,0.1,
-30.1727,153.19730000000004,2005-02-11,163.0,0.2,
-37.1741,150.19669999999996,2005-02-12,220.0,0.0,
-36.674,150.3634,2005-02-12,189.0,0.0,
-36.5073,150.19669999999996,2005-02-12,165.0,0.0,
-36.5073,150.3634,2005-02-12,174.0,0.0,
-35.3404,150.8635,2005-02-12,157.0,1.2,
-35.1737,151.03020000000004,2005-02-12,154.0,0.9,
-34.6736,151.03020000000004,2005-02-12,154.0,0.0,
-34.6736,151.19690000000003,2005-02-12,158.0,0.0,
-34.5069,150.8635,2005-02-12,148.0,0.8,
-34.5069,151.03020000000004,2005-02-12,142.0,0.2,
-34.3402,151.19690000000003,2005-02-12,142.0,0.2,
-34.1735,151.36360000000002,2005-02-12,154.0,0.1,
-34.1735,151.5303,2005-02-12,160.0,0.0,
-34.0068,151.36360000000002,2005-02-12,148.0,0.1,
-34.0068,151.5303,2005-02-12,155.0,0.0,
-33.8401,151.5303,2005-02-12,150.0,0.0,
-33.8401,151.8637,2005-02-12,157.0,0.0,
-33.5067,151.36360000000002,2005-02-12,144.0,0.2,
-33.1733,151.8637,2005-02-12,142.0,0.0,
-33.0066,152.53049999999996,2005-02-12,42.0,0.0,
-32.8399,151.8637,2005-02-12,211.0,0.0,
-32.8399,152.36379999999997,2005-02-12,59.0,0.0,
-32.8399,152.53049999999996,2005-02-12,44.0,0.0,
-32.8399,152.6972,2005-02-12,34.0,0.0,
-32.6732,152.19709999999998,2005-02-12,50.0,0.0,
-32.6732,152.36379999999997,2005-02-12,50.0,0.0,
-32.6732,152.53049999999996,2005-02-12,44.0,0.0,
-32.6732,152.6972,2005-02-12,34.0,0.0,
-32.5065,152.36379999999997,2005-02-12,50.0,0.0,
-32.5065,152.53049999999996,2005-02-12,50.0,0.0,
-30.8395,153.0306,2005-02-12,32.0,0.0,
-30.3394,153.19730000000004,2005-02-12,39.0,0.0,
-30.3394,153.36400000000003,2005-02-12,31.0,0.0,
-30.3394,153.53070000000002,2005-02-12,25.0,0.0,
-30.1727,153.19730000000004,2005-02-12,32.0,0.0,
-30.006,153.36400000000003,2005-02-12,43.0,0.0,
-27.3388,153.19730000000004,2005-02-12,121.0,0.0,
-27.3388,153.36400000000003,2005-02-12,129.0,0.2,
-27.1721,153.19730000000004,2005-02-12,121.0,0.0,
-27.0054,153.53070000000002,2005-02-12,139.0,0.9,
-38.6744,145.1957,2005-02-13,158.0,0.0,
-38.6744,145.36239999999998,2005-02-13,168.0,0.0,
-37.0074,150.19669999999996,2005-02-13,180.0,0.0,
-36.3406,150.02999999999997,2005-02-13,121.0,0.0,
-35.6738,150.19669999999996,2005-02-13,139.0,0.0,
-35.6738,150.5301,2005-02-13,177.0,0.0,
-34.3402,151.03020000000004,2005-02-13,165.0,0.0,
-34.1735,151.19690000000003,2005-02-13,165.0,0.0,
-34.1735,151.36360000000002,2005-02-13,177.0,0.0,
-34.0068,151.36360000000002,2005-02-13,164.0,0.0,
-34.0068,151.5303,2005-02-13,168.0,0.0,
-34.0068,151.697,2005-02-13,171.0,0.0,
-34.0068,151.8637,2005-02-13,171.0,0.0,
-33.8401,151.36360000000002,2005-02-13,158.0,0.0,
-33.8401,151.5303,2005-02-13,161.0,0.0,
-33.6734,151.697,2005-02-13,165.0,0.0,
-33.0066,152.53049999999996,2005-02-13,168.0,0.0,
-32.8399,152.53049999999996,2005-02-13,168.0,0.0,
-32.6732,152.6972,2005-02-13,169.0,0.0,
-30.8395,153.0306,2005-02-13,177.0,0.0,
-30.8395,153.36400000000003,2005-02-13,171.0,0.1,
-30.6728,153.0306,2005-02-13,177.0,0.0,
-30.3394,153.19730000000004,2005-02-13,181.0,0.2,
-30.3394,153.36400000000003,2005-02-13,177.0,0.9,
-30.3394,153.53070000000002,2005-02-13,177.0,0.2,
-30.1727,153.19730000000004,2005-02-13,173.0,0.9,
-27.3388,153.19730000000004,2005-02-13,137.0,0.0,
-27.3388,153.36400000000003,2005-02-13,145.0,0.0,
-20.004,116.35660000000001,2005-02-13,194.0,0.0,
-9.6686,147.1961,2005-02-13,290.0,0.3,
-7.0014,147.3628,2005-02-13,104.0,0.0,
-41.1749,148.363,2005-02-14,346.0,0.0,
-37.0074,150.19669999999996,2005-02-14,17.0,0.0,
-36.5073,150.19669999999996,2005-02-14,30.0,0.0,
-35.6738,150.5301,2005-02-14,30.0,0.0,
-33.6734,151.36360000000002,2005-02-14,74.0,0.0,
-33.0066,152.53049999999996,2005-02-14,49.0,0.0,
-32.8399,151.8637,2005-02-14,93.0,0.0,
-32.8399,152.53049999999996,2005-02-14,56.0,0.0,
-32.6732,152.53049999999996,2005-02-14,56.0,0.0,
-32.6732,152.6972,2005-02-14,32.0,0.0,
-31.3396,153.0306,2005-02-14,94.0,0.0,
-30.8395,153.0306,2005-02-14,92.0,0.0,
-30.8395,153.36400000000003,2005-02-14,104.0,0.0,
-20.004,116.85669999999999,2005-02-14,242.0,0.0,
-33.0066,152.53049999999996,2005-02-15,16.0,0.0,
-32.8399,151.8637,2005-02-15,319.0,0.0,
-32.8399,152.19709999999998,2005-02-15,355.0,0.0,
-32.8399,152.53049999999996,2005-02-15,20.0,0.0,
-32.6732,152.53049999999996,2005-02-15,20.0,0.0,
-32.3398,152.6972,2005-02-15,17.0,0.0,
-30.8395,153.0306,2005-02-15,25.0,0.0,
-30.3394,153.19730000000004,2005-02-15,30.0,0.0,
-30.3394,153.36400000000003,2005-02-15,24.0,0.0,
-26.5053,153.53070000000002,2005-02-15,141.0,0.0,
-34.8403,150.8635,2005-02-16,167.0,0.0,
-32.8399,152.53049999999996,2005-02-16,172.0,0.0,
-32.6732,152.6972,2005-02-16,222.0,0.0,
-30.8395,153.0306,2005-02-16,27.0,0.0,
-27.8389,153.53070000000002,2005-02-16,5.0,0.0,
-33.0066,152.53049999999996,2005-02-17,103.0,0.0,
-32.8399,152.53049999999996,2005-02-17,103.0,0.0,
-30.8395,153.0306,2005-02-17,140.0,0.7,
-26.5053,153.36400000000003,2005-02-17,135.0,0.0,
-34.8403,150.8635,2005-02-18,20.0,0.0,
-34.5069,151.03020000000004,2005-02-18,24.0,0.0,
-33.8401,151.5303,2005-02-18,41.0,0.0,
-33.5067,151.5303,2005-02-18,45.0,0.0,
-33.0066,152.53049999999996,2005-02-18,31.0,0.0,
-32.8399,152.53049999999996,2005-02-18,34.0,0.0,
-32.1731,152.8639,2005-02-18,32.0,0.0,
-30.8395,153.0306,2005-02-18,42.0,0.0,
-30.8395,153.36400000000003,2005-02-18,32.0,0.1,
-27.3388,153.53070000000002,2005-02-18,107.0,0.0,
-27.0054,153.53070000000002,2005-02-18,114.0,0.0,
-26.8387,153.69740000000002,2005-02-18,117.0,0.0,
-26.672,153.36400000000003,2005-02-18,117.0,0.0,
-26.5053,153.19730000000004,2005-02-18,112.0,0.0,
-26.5053,153.36400000000003,2005-02-18,119.0,0.0,
-26.5053,153.53070000000002,2005-02-18,119.0,0.0,
-26.3386,153.53070000000002,2005-02-18,120.0,0.0,
-17.8369,168.03359999999998,2005-02-18,128.0,0.0,
-43.0086,148.1963,2005-02-19,220.0,0.0,
-42.8419,148.1963,2005-02-19,177.0,0.0,
-41.1749,148.69640000000004,2005-02-19,311.0,0.0,
-35.8405,150.19669999999996,2005-02-19,130.0,0.0,
-35.6738,150.6968,2005-02-19,158.0,0.0,
-35.1737,151.03020000000004,2005-02-19,94.0,0.0,
-35.007,151.03020000000004,2005-02-19,108.0,0.0,
-34.8403,150.8635,2005-02-19,86.0,0.0,
-34.8403,151.19690000000003,2005-02-19,31.0,0.0,
-34.6736,151.36360000000002,2005-02-19,31.0,0.0,
-34.5069,151.19690000000003,2005-02-19,34.0,0.0,
-34.5069,151.36360000000002,2005-02-19,34.0,0.0,
-33.0066,152.53049999999996,2005-02-19,33.0,0.0,
-32.8399,152.53049999999996,2005-02-19,37.0,0.0,
-32.6732,152.53049999999996,2005-02-19,37.0,0.0,
-32.6732,152.6972,2005-02-19,26.0,0.0,
-32.5065,152.36379999999997,2005-02-19,44.0,0.0,
-32.5065,152.53049999999996,2005-02-19,44.0,0.0,
-32.0064,115.18970000000002,2005-02-19,116.0,0.0,
-32.0064,115.35640000000001,2005-02-19,116.0,0.0,
-31.8397,115.18970000000002,2005-02-19,118.0,0.0,
-30.8395,153.0306,2005-02-19,24.0,0.0,
-29.3392,153.69740000000002,2005-02-19,33.0,0.0,
-27.3388,153.53070000000002,2005-02-19,88.0,0.0,
-26.8387,153.19730000000004,2005-02-19,96.0,0.0,
-26.8387,153.36400000000003,2005-02-19,104.0,0.0,
-26.5053,153.36400000000003,2005-02-19,111.0,0.0,
-26.5053,153.8641,2005-02-19,121.0,0.0,
-26.3386,153.53070000000002,2005-02-19,124.0,0.0,
-41.3416,148.5297,2005-02-20,102.0,0.0,
-37.1741,150.19669999999996,2005-02-20,214.0,0.4,
-34.5069,151.19690000000003,2005-02-20,190.0,3.0,
-34.5069,151.36360000000002,2005-02-20,190.0,3.0,
-34.0068,151.36360000000002,2005-02-20,158.0,2.8,
-33.0066,152.53049999999996,2005-02-20,22.0,0.0,
-32.8399,152.36379999999997,2005-02-20,29.0,0.0,
-32.8399,152.53049999999996,2005-02-20,24.0,0.0,
-32.8399,152.6972,2005-02-20,22.0,0.0,
-32.6732,152.53049999999996,2005-02-20,24.0,0.0,
-32.6732,152.6972,2005-02-20,22.0,0.0,
-32.5065,152.36379999999997,2005-02-20,29.0,0.2,
-32.5065,152.53049999999996,2005-02-20,29.0,0.2,
-32.0064,115.18970000000002,2005-02-20,201.0,0.0,
-31.8397,115.18970000000002,2005-02-20,202.0,0.0,
-31.8397,115.5231,2005-02-20,249.0,0.0,
-31.3396,152.8639,2005-02-20,27.0,0.0,
-31.3396,153.19730000000004,2005-02-20,23.0,0.0,
-30.8395,153.0306,2005-02-20,27.0,0.0,
-30.8395,153.36400000000003,2005-02-20,23.0,0.0,
-30.5061,153.0306,2005-02-20,30.0,0.0,
-30.3394,153.19730000000004,2005-02-20,30.0,0.0,
-27.8389,153.36400000000003,2005-02-20,58.0,0.0,
-27.6722,153.8641,2005-02-20,59.0,0.0,
-27.1721,154.0308,2005-02-20,73.0,0.0,
-24.6716,153.19730000000004,2005-02-20,114.0,0.0,
-20.3374,116.18989999999997,2005-02-20,207.0,0.0,
-20.3374,116.5233,2005-02-20,99.0,0.0,
-7.5015,148.02959999999996,2005-02-20,197.0,3.5,
-7.1681,147.52949999999998,2005-02-20,164.0,1.0,
-6.668,147.1961,2005-02-20,137.0,0.0,
-32.8399,152.53049999999996,2005-02-21,24.0,0.0,
-32.5065,152.36379999999997,2005-02-21,360.0,0.0,
-31.0062,153.0306,2005-02-21,27.0,0.0,
-30.8395,153.0306,2005-02-21,31.0,0.0,
-27.8389,153.8641,2005-02-21,19.0,0.0,
-35.5071,150.6968,2005-02-22,191.0,0.0,
-33.1733,151.5303,2005-02-22,181.0,0.0,
-32.8399,152.53049999999996,2005-02-22,205.0,0.0,
-32.5065,152.36379999999997,2005-02-22,191.0,0.0,
-30.8395,153.0306,2005-02-22,121.0,0.0,
-26.3386,153.53070000000002,2005-02-22,71.0,0.0,
-35.5071,138.1943,2005-02-23,305.0,0.0,
-35.1737,151.03020000000004,2005-02-23,182.0,0.0,
-34.8403,150.8635,2005-02-23,152.0,0.0,
-32.8399,152.53049999999996,2005-02-23,188.0,0.0,
-32.6732,152.6972,2005-02-23,199.0,0.0,
-31.3396,153.0306,2005-02-23,121.0,0.0,
-30.8395,153.0306,2005-02-23,68.0,0.7,
-27.1721,153.69740000000002,2005-02-23,73.0,0.0,
-26.3386,153.53070000000002,2005-02-23,97.0,0.0,
-41.3416,148.5297,2005-02-24,27.0,0.0,
-41.0082,148.69640000000004,2005-02-24,35.0,0.0,
-35.1737,151.03020000000004,2005-02-24,42.0,0.0,
-34.8403,151.03020000000004,2005-02-24,50.0,0.0,
-33.0066,152.53049999999996,2005-02-24,19.0,0.0,
-32.8399,152.19709999999998,2005-02-24,214.0,0.0,
-32.8399,152.53049999999996,2005-02-24,55.0,0.0,
-32.5065,152.8639,2005-02-24,35.0,0.0,
-30.8395,153.0306,2005-02-24,16.0,0.0,
-34.0068,151.19690000000003,2005-02-25,152.0,0.0,
-34.0068,151.36360000000002,2005-02-25,156.0,0.0,
-33.1733,151.8637,2005-02-25,65.0,0.0,
-33.0066,152.53049999999996,2005-02-25,35.0,0.0,
-32.8399,152.19709999999998,2005-02-25,75.0,0.0,
-32.8399,152.36379999999997,2005-02-25,54.0,0.0,
-32.8399,152.53049999999996,2005-02-25,41.0,0.0,
-32.6732,152.53049999999996,2005-02-25,41.0,0.0,
-32.5065,152.36379999999997,2005-02-25,61.0,0.0,
-30.8395,153.0306,2005-02-25,25.0,0.0,
-24.6716,153.19730000000004,2005-02-25,113.0,0.2,
-42.8419,148.1963,2005-02-26,254.0,0.0,
-37.0074,150.02999999999997,2005-02-26,180.0,0.0,
-35.5071,150.8635,2005-02-26,173.0,0.0,
-35.3404,150.8635,2005-02-26,173.0,0.0,
-35.1737,151.03020000000004,2005-02-26,173.0,0.0,
-35.007,150.8635,2005-02-26,174.0,0.1,
-34.8403,151.03020000000004,2005-02-26,179.0,0.0,
-34.6736,151.19690000000003,2005-02-26,181.0,0.0,
-34.5069,150.8635,2005-02-26,170.0,0.0,
-34.3402,151.03020000000004,2005-02-26,174.0,0.0,
-33.8401,151.5303,2005-02-26,185.0,0.0,
-33.8401,151.697,2005-02-26,195.0,0.0,
-33.1733,152.36379999999997,2005-02-26,210.0,0.0,
-33.0066,151.697,2005-02-26,160.0,0.0,
-33.0066,151.8637,2005-02-26,173.0,0.0,
-33.0066,152.36379999999997,2005-02-26,205.0,0.0,
-33.0066,152.53049999999996,2005-02-26,225.0,0.0,
-32.8399,152.36379999999997,2005-02-26,196.0,0.0,
-32.8399,152.53049999999996,2005-02-26,207.0,0.0,
-32.8399,152.6972,2005-02-26,259.0,0.0,
-32.6732,152.19709999999998,2005-02-26,180.0,0.2,
-32.6732,152.53049999999996,2005-02-26,207.0,0.0,
-32.6732,152.6972,2005-02-26,259.0,0.0,
-32.6732,152.8639,2005-02-26,259.0,0.0,
-32.5065,152.36379999999997,2005-02-26,180.0,0.2,
-32.5065,152.53049999999996,2005-02-26,180.0,0.2,
-31.3396,152.8639,2005-02-26,70.0,0.0,
-31.3396,153.0306,2005-02-26,47.0,0.0,
-31.3396,153.19730000000004,2005-02-26,31.0,0.0,
-31.1729,153.0306,2005-02-26,41.0,0.0,
-31.0062,153.0306,2005-02-26,41.0,0.0,
-30.8395,153.0306,2005-02-26,44.0,0.0,
-30.3394,153.19730000000004,2005-02-26,54.0,0.0,
-28.339,113.68939999999998,2005-02-26,205.0,0.0,
-27.8389,153.69740000000002,2005-02-26,77.0,0.0,
-27.8389,153.8641,2005-02-26,77.0,0.0,
-27.6722,153.8641,2005-02-26,77.0,0.0,
-27.3388,153.53070000000002,2005-02-26,88.0,0.0,
-26.8387,153.36400000000003,2005-02-26,101.0,0.0,
-26.5053,153.19730000000004,2005-02-26,99.0,0.0,
-26.3386,153.53070000000002,2005-02-26,123.0,0.0,
-24.8383,152.8639,2005-02-26,123.0,0.0,
-41.0082,146.69600000000003,2005-02-27,350.0,0.0,
-36.8407,150.19669999999996,2005-02-27,177.0,0.0,
-36.674,150.3634,2005-02-27,177.0,0.0,
-35.5071,150.6968,2005-02-27,172.0,0.0,
-35.5071,150.8635,2005-02-27,172.0,0.0,
-35.3404,150.8635,2005-02-27,168.0,0.0,
-35.1737,151.03020000000004,2005-02-27,173.0,0.0,
-35.007,150.8635,2005-02-27,167.0,0.0,
-34.8403,151.03020000000004,2005-02-27,170.0,0.0,
-34.6736,151.19690000000003,2005-02-27,174.0,0.0,
-34.0068,151.5303,2005-02-27,171.0,0.0,
-34.0068,151.697,2005-02-27,173.0,0.0,
-33.6734,151.8637,2005-02-27,172.0,0.0,
-33.1733,152.36379999999997,2005-02-27,176.0,0.0,
-33.0066,152.19709999999998,2005-02-27,179.0,0.0,
-33.0066,152.53049999999996,2005-02-27,179.0,0.0,
-32.8399,151.8637,2005-02-27,168.0,0.0,
-32.8399,152.0304,2005-02-27,180.0,0.1,
-32.8399,152.19709999999998,2005-02-27,180.0,0.1,
-32.8399,152.36379999999997,2005-02-27,182.0,0.0,
-32.8399,152.53049999999996,2005-02-27,183.0,0.0,
-32.8399,154.1975,2005-02-27,194.0,0.3,
-32.6732,152.19709999999998,2005-02-27,182.0,0.0,
-32.6732,152.53049999999996,2005-02-27,183.0,0.0,
-32.6732,152.6972,2005-02-27,181.0,0.0,
-32.5065,152.53049999999996,2005-02-27,182.0,0.0,
-30.8395,153.0306,2005-02-27,170.0,0.1,
-30.3394,153.19730000000004,2005-02-27,161.0,0.0,
-28.339,113.68939999999998,2005-02-27,166.0,0.0,
-27.6722,153.8641,2005-02-27,134.0,0.0,
-26.5053,153.53070000000002,2005-02-27,134.0,0.0,
-26.3386,153.53070000000002,2005-02-27,134.0,0.1,
-21.5043,114.85630000000003,2005-02-27,246.0,0.0,
-20.5041,116.5233,2005-02-27,267.0,0.0,
-20.3374,116.85669999999999,2005-02-27,262.0,0.0,
-7.1681,147.52949999999998,2005-02-27,114.0,0.0,
-35.5071,150.8635,2005-02-28,37.0,0.0,
-35.1737,151.03020000000004,2005-02-28,44.0,0.0,
-35.007,150.8635,2005-02-28,46.0,0.2,
-33.5067,151.5303,2005-02-28,116.0,0.0,
-33.1733,152.53049999999996,2005-02-28,95.0,0.0,
-33.0066,152.36379999999997,2005-02-28,109.0,0.0,
-33.0066,152.53049999999996,2005-02-28,101.0,0.0,
-32.8399,151.8637,2005-02-28,122.0,0.1,
-32.8399,152.53049999999996,2005-02-28,112.0,0.0,
-32.6732,152.19709999999998,2005-02-28,108.0,0.2,
-32.6732,152.53049999999996,2005-02-28,112.0,0.0,
-32.6732,152.6972,2005-02-28,108.0,0.0,
-32.5065,152.36379999999997,2005-02-28,108.0,0.2,
-31.8397,152.6972,2005-02-28,111.0,0.0,
-30.8395,153.0306,2005-02-28,143.0,0.0,
-38.5077,145.52909999999997,2005-03-01,312.0,0.0,
-34.8403,151.03020000000004,2005-03-01,26.0,0.0,
-33.0066,152.53049999999996,2005-03-01,33.0,0.0,
-32.8399,152.53049999999996,2005-03-01,39.0,0.0,
-32.8399,152.6972,2005-03-01,31.0,0.0,
-32.5065,152.36379999999997,2005-03-01,47.0,0.0,
-31.3396,152.8639,2005-03-01,48.0,0.0,
-36.674,150.3634,2005-03-02,183.0,0.0,
-35.5071,150.6968,2005-03-02,171.0,0.0,
-35.5071,150.8635,2005-03-02,171.0,0.0,
-34.3402,151.03020000000004,2005-03-02,178.0,0.0,
-33.0066,152.53049999999996,2005-03-02,21.0,0.0,
-32.8399,151.8637,2005-03-02,196.0,0.0,
-32.8399,152.0304,2005-03-02,192.0,0.0,
-32.8399,152.19709999999998,2005-03-02,192.0,0.0,
-32.8399,152.36379999999997,2005-03-02,72.0,0.0,
-32.8399,152.53049999999996,2005-03-02,33.0,0.0,
-32.8399,152.6972,2005-03-02,20.0,0.0,
-32.8399,154.1975,2005-03-02,7.0,0.0,
-32.6732,152.19709999999998,2005-03-02,124.0,0.0,
-32.6732,152.36379999999997,2005-03-02,124.0,0.0,
-32.6732,152.53049999999996,2005-03-02,33.0,0.0,
-32.6732,152.6972,2005-03-02,20.0,0.0,
-32.5065,152.36379999999997,2005-03-02,124.0,0.0,
-32.5065,152.53049999999996,2005-03-02,124.0,0.0,
-35.5071,150.8635,2005-03-03,66.0,0.0,
-35.007,151.03020000000004,2005-03-03,49.0,0.0,
-34.8403,150.8635,2005-03-03,31.0,0.0,
-33.5067,151.36360000000002,2005-03-03,61.0,0.0,
-33.0066,152.53049999999996,2005-03-03,21.0,0.0,
-32.8399,152.36379999999997,2005-03-03,47.0,0.0,
-32.8399,152.53049999999996,2005-03-03,29.0,0.0,
-32.6732,152.19709999999998,2005-03-03,45.0,0.0,
-32.6732,152.53049999999996,2005-03-03,29.0,0.0,
-32.5065,152.36379999999997,2005-03-03,45.0,0.0,
-32.5065,152.53049999999996,2005-03-03,45.0,0.0,
-36.5073,150.19669999999996,2005-03-04,128.0,0.0,
-34.8403,151.03020000000004,2005-03-04,144.0,0.0,
-34.6736,151.19690000000003,2005-03-04,159.0,0.0,
-34.5069,151.03020000000004,2005-03-04,130.0,0.0,
-34.3402,151.03020000000004,2005-03-04,130.0,0.0,
-33.0066,152.36379999999997,2005-03-04,63.0,0.0,
-33.0066,152.53049999999996,2005-03-04,31.0,0.0,
-32.8399,152.0304,2005-03-04,225.0,0.0,
-32.8399,152.53049999999996,2005-03-04,40.0,0.0,
-32.8399,152.8639,2005-03-04,19.0,0.0,
-32.6732,152.19709999999998,2005-03-04,61.0,0.0,
-32.6732,152.53049999999996,2005-03-04,40.0,0.0,
-32.5065,152.36379999999997,2005-03-04,61.0,0.0,
-32.5065,152.53049999999996,2005-03-04,61.0,0.0,
-26.8387,153.53070000000002,2005-03-04,103.0,0.0,
-36.674,176.03520000000003,2005-03-05,288.0,0.0,
-36.5073,150.19669999999996,2005-03-05,303.0,0.0,
-36.5073,150.3634,2005-03-05,325.0,0.0,
-34.3402,151.03020000000004,2005-03-05,295.0,0.0,
-33.5067,152.36379999999997,2005-03-05,236.0,0.0,
-33.34,151.697,2005-03-05,225.0,0.0,
-33.0066,151.8637,2005-03-05,242.0,0.0,
-33.0066,152.0304,2005-03-05,230.0,0.0,
-33.0066,152.53049999999996,2005-03-05,230.0,0.0,
-32.8399,152.0304,2005-03-05,230.0,0.0,
-32.8399,152.19709999999998,2005-03-05,230.0,0.0,
-32.8399,152.53049999999996,2005-03-05,242.0,0.0,
-32.8399,152.6972,2005-03-05,329.0,0.0,
-32.6732,152.19709999999998,2005-03-05,231.0,0.0,
-32.6732,152.36379999999997,2005-03-05,231.0,0.0,
-32.6732,152.53049999999996,2005-03-05,242.0,0.0,
-32.5065,152.36379999999997,2005-03-05,231.0,0.0,
-32.5065,152.53049999999996,2005-03-05,231.0,0.0,
-32.5065,152.8639,2005-03-05,13.0,0.0,
-32.3398,152.53049999999996,2005-03-05,278.0,0.0,
-32.3398,152.6972,2005-03-05,29.0,0.0,
-31.8397,115.68979999999999,2005-03-05,72.0,0.0,
-27.8389,153.53070000000002,2005-03-05,353.0,0.0,
-27.3388,153.8641,2005-03-05,345.0,0.0,
-27.0054,153.53070000000002,2005-03-05,358.0,0.0,
-27.0054,153.69740000000002,2005-03-05,344.0,0.0,
-26.8387,153.36400000000003,2005-03-05,14.0,0.0,
-26.8387,153.53070000000002,2005-03-05,357.0,0.0,
-26.3386,153.53070000000002,2005-03-05,356.0,0.0,
-20.3374,116.5233,2005-03-05,258.0,0.0,
-19.1705,147.52949999999998,2005-03-05,98.0,0.0,
-18.5037,147.0294,2005-03-05,126.0,0.1,
-18.1703,146.69600000000003,2005-03-05,137.0,0.0,
-6.668,147.86289999999997,2005-03-05,234.0,0.7,
-41.1749,148.363,2005-03-06,223.0,0.0,
-36.8407,150.19669999999996,2005-03-06,212.0,0.0,
-35.6738,150.5301,2005-03-06,202.0,0.0,
-33.6734,151.36360000000002,2005-03-06,163.0,0.0,
-33.6734,152.36379999999997,2005-03-06,196.0,0.0,
-33.0066,152.53049999999996,2005-03-06,183.0,0.0,
-32.8399,152.53049999999996,2005-03-06,180.0,0.0,
-32.8399,152.6972,2005-03-06,183.0,0.0,
-32.6732,152.19709999999998,2005-03-06,176.0,0.0,
-32.6732,152.36379999999997,2005-03-06,176.0,0.0,
-32.6732,152.53049999999996,2005-03-06,180.0,0.0,
-32.6732,152.6972,2005-03-06,183.0,0.0,
-32.6732,152.8639,2005-03-06,183.0,0.0,
-32.5065,152.36379999999997,2005-03-06,176.0,0.0,
-32.5065,152.53049999999996,2005-03-06,176.0,0.0,
-32.3398,152.53049999999996,2005-03-06,172.0,0.0,
-31.0062,153.0306,2005-03-06,179.0,0.0,
-20.8375,149.19650000000001,2005-03-06,77.0,0.0,
-20.5041,116.5233,2005-03-06,218.0,0.0,
-20.3374,116.5233,2005-03-06,182.0,0.0,
-18.5037,147.0294,2005-03-06,110.0,0.0,
-36.5073,150.19669999999996,2005-03-07,158.0,0.0,
-35.6738,137.0274,2005-03-07,186.0,0.0,
-35.5071,150.6968,2005-03-07,19.0,0.0,
-35.3404,150.6968,2005-03-07,357.0,0.0,
-35.3404,150.8635,2005-03-07,27.0,0.0,
-35.1737,151.03020000000004,2005-03-07,17.0,0.0,
-34.3402,151.03020000000004,2005-03-07,14.0,0.0,
-34.0068,151.36360000000002,2005-03-07,24.0,0.0,
-33.34,151.5303,2005-03-07,86.0,0.0,
-32.3398,152.6972,2005-03-07,108.0,0.0,
-30.8395,153.0306,2005-03-07,48.0,0.0,
-27.0054,153.53070000000002,2005-03-07,129.0,0.0,
-37.5075,150.02999999999997,2005-03-08,229.0,0.0,
-36.674,150.3634,2005-03-08,181.0,0.0,
-35.6738,137.0274,2005-03-08,72.0,0.0,
-35.5071,150.6968,2005-03-08,124.0,0.0,
-35.3404,150.6968,2005-03-08,92.0,0.0,
-35.3404,150.8635,2005-03-08,114.0,0.0,
-35.007,151.19690000000003,2005-03-08,125.0,0.0,
-34.8403,150.8635,2005-03-08,81.0,0.2,
-32.8399,152.53049999999996,2005-03-08,72.0,0.0,
-32.5065,152.36379999999997,2005-03-08,72.0,0.0,
-30.8395,153.0306,2005-03-08,54.0,0.0,
-30.3394,153.53070000000002,2005-03-08,67.0,0.0,
-27.0054,153.36400000000003,2005-03-08,109.0,0.0,
-26.3386,153.36400000000003,2005-03-08,125.0,0.0,
-37.0074,150.19669999999996,2005-03-09,171.0,0.0,
-37.0074,150.3634,2005-03-09,171.0,0.0,
-36.8407,150.19669999999996,2005-03-09,128.0,0.0,
-36.5073,150.19669999999996,2005-03-09,67.0,0.1,
-32.8399,152.53049999999996,2005-03-09,15.0,0.0,
-30.8395,153.0306,2005-03-09,34.0,0.0,
-27.0054,153.69740000000002,2005-03-09,128.0,0.0,
-27.0054,153.8641,2005-03-09,128.0,0.0,
-27.0054,154.0308,2005-03-09,130.0,0.0,
-26.3386,153.36400000000003,2005-03-09,128.0,0.0,
7.0014,171.53430000000003,2005-03-09,76.0,0.3,
-36.8407,150.19669999999996,2005-03-10,187.0,0.0,
-36.5073,150.19669999999996,2005-03-10,129.0,0.0,
-35.8405,136.36059999999998,2005-03-10,68.0,0.0,
-35.6738,136.52729999999997,2005-03-10,67.0,0.0,
-35.5071,137.36080000000004,2005-03-10,76.0,0.0,
-35.3404,150.8635,2005-03-10,151.0,0.6,
-34.8403,150.8635,2005-03-10,135.0,0.4,
-32.8399,152.53049999999996,2005-03-10,161.0,0.0,
-32.5065,152.36379999999997,2005-03-10,168.0,0.0,
-28.8391,153.8641,2005-03-10,59.0,0.0,
-27.0054,153.69740000000002,2005-03-10,144.0,0.0,
-26.8387,153.69740000000002,2005-03-10,146.0,0.0,
-21.8377,114.18950000000001,2005-03-10,194.0,0.0,
-36.5073,150.19669999999996,2005-03-11,23.0,0.0,
-35.8405,136.36059999999998,2005-03-11,25.0,0.0,
-35.6738,138.0276,2005-03-11,359.0,0.0,
-35.6738,150.5301,2005-03-11,34.0,0.0,
-35.3404,150.8635,2005-03-11,37.0,0.0,
-35.1737,151.03020000000004,2005-03-11,25.0,0.0,
-35.007,151.03020000000004,2005-03-11,36.0,0.0,
-33.8401,151.36360000000002,2005-03-11,58.0,0.0,
-32.8399,152.53049999999996,2005-03-11,67.0,0.0,
-32.6732,152.36379999999997,2005-03-11,78.0,0.0,
-30.8395,153.0306,2005-03-11,124.0,0.0,
-21.8377,114.18950000000001,2005-03-11,59.0,0.0,
-41.5083,148.5297,2005-03-12,16.0,0.0,
-41.3416,148.5297,2005-03-12,341.0,0.0,
-41.1749,148.5297,2005-03-12,341.0,0.0,
-41.1749,148.69640000000004,2005-03-12,322.0,0.0,
-41.1749,148.86310000000003,2005-03-12,322.0,0.0,
-41.0082,148.5297,2005-03-12,315.0,0.0,
-38.1743,140.3614,2005-03-12,19.0,0.0,
-37.0074,150.19669999999996,2005-03-12,29.0,0.0,
-36.8407,149.86329999999998,2005-03-12,48.0,0.0,
-36.8407,150.19669999999996,2005-03-12,29.0,0.0,
-36.8407,150.3634,2005-03-12,29.0,0.0,
-36.5073,150.19669999999996,2005-03-12,40.0,0.0,
-36.3406,150.02999999999997,2005-03-12,46.0,0.0,
-36.0072,150.3634,2005-03-12,42.0,0.0,
-35.6738,138.0276,2005-03-12,315.0,0.0,
-35.5071,150.6968,2005-03-12,37.0,0.0,
-35.5071,150.8635,2005-03-12,37.0,0.0,
-35.3404,150.8635,2005-03-12,42.0,0.0,
-35.1737,151.03020000000004,2005-03-12,33.0,0.0,
-35.007,150.8635,2005-03-12,40.0,0.0,
-35.007,151.03020000000004,2005-03-12,40.0,0.0,
-34.3402,151.03020000000004,2005-03-12,42.0,0.0,
-33.0066,152.53049999999996,2005-03-12,42.0,0.0,
-32.8399,152.53049999999996,2005-03-12,48.0,0.0,
-32.6732,152.19709999999998,2005-03-12,57.0,0.0,
-32.6732,152.36379999999997,2005-03-12,57.0,0.0,
-32.6732,152.53049999999996,2005-03-12,48.0,0.0,
-32.6732,152.6972,2005-03-12,38.0,0.0,
-32.5065,152.36379999999997,2005-03-12,57.0,0.0,
-32.5065,152.53049999999996,2005-03-12,57.0,0.0,
-32.5065,153.0306,2005-03-12,31.0,0.0,
-32.5065,154.0308,2005-03-12,39.0,0.0,
-30.8395,153.0306,2005-03-12,56.0,0.0,
-30.1727,153.19730000000004,2005-03-12,76.0,0.2,
-21.8377,114.3562,2005-03-12,58.0,0.0,
-41.5083,148.5297,2005-03-13,28.0,0.0,
-41.3416,148.5297,2005-03-13,35.0,0.0,
-41.1749,148.5297,2005-03-13,35.0,0.0,
-41.1749,148.69640000000004,2005-03-13,28.0,0.0,
-41.0082,148.5297,2005-03-13,41.0,0.0,
-37.0074,150.3634,2005-03-13,27.0,0.0,
-36.5073,150.19669999999996,2005-03-13,32.0,0.0,
-36.3406,150.3634,2005-03-13,34.0,0.0,
-36.1739,150.3634,2005-03-13,34.0,0.0,
-36.0072,150.3634,2005-03-13,40.0,0.0,
-36.0072,151.03020000000004,2005-03-13,25.0,0.0,
-35.5071,150.6968,2005-03-13,38.0,0.0,
-35.3404,150.8635,2005-03-13,41.0,0.0,
-35.1737,151.03020000000004,2005-03-13,35.0,0.0,
-34.1735,151.19690000000003,2005-03-13,40.0,0.0,
-33.8401,151.5303,2005-03-13,51.0,0.0,
-33.6734,151.36360000000002,2005-03-13,62.0,0.0,
-33.34,151.697,2005-03-13,67.0,0.0,
-33.0066,151.697,2005-03-13,76.0,0.0,
-33.0066,151.8637,2005-03-13,66.0,0.0,
-33.0066,152.0304,2005-03-13,61.0,0.0,
-32.8399,152.53049999999996,2005-03-13,43.0,0.0,
-32.6732,152.19709999999998,2005-03-13,56.0,0.1,
-32.6732,152.36379999999997,2005-03-13,56.0,0.1,
-32.6732,152.53049999999996,2005-03-13,43.0,0.0,
-32.6732,152.6972,2005-03-13,36.0,0.0,
-32.5065,152.36379999999997,2005-03-13,56.0,0.1,
-32.5065,152.53049999999996,2005-03-13,56.0,0.1,
-30.3394,153.19730000000004,2005-03-13,106.0,0.1,
-30.3394,153.53070000000002,2005-03-13,115.0,0.0,
-27.6722,154.0308,2005-03-13,130.0,0.0,
-27.0054,153.36400000000003,2005-03-13,128.0,0.0,
-21.8377,114.02280000000002,2005-03-13,30.0,0.0,
-21.8377,114.18950000000001,2005-03-13,25.0,0.0,
-21.671,114.02280000000002,2005-03-13,30.0,0.0,
-5.001,145.8625,2005-03-13,302.0,0.0,
-36.5073,150.19669999999996,2005-03-14,34.0,0.0,
-36.1739,150.3634,2005-03-14,29.0,0.0,
-36.0072,150.3634,2005-03-14,33.0,0.0,
-35.3404,150.6968,2005-03-14,31.0,0.0,
-33.1733,151.697,2005-03-14,53.0,0.0,
-33.1733,151.8637,2005-03-14,52.0,0.0,
-32.8399,152.53049999999996,2005-03-14,41.0,0.0,
-32.6732,152.53049999999996,2005-03-14,41.0,0.0,
-32.5065,152.53049999999996,2005-03-14,48.0,0.0,
-30.8395,153.0306,2005-03-14,63.0,0.0,
-21.8377,114.18950000000001,2005-03-14,319.0,0.0,
-21.8377,114.3562,2005-03-14,319.0,0.0,
-21.5043,114.52289999999999,2005-03-14,300.0,0.0,
-41.3416,148.5297,2005-03-15,338.0,0.0,
-36.3406,150.3634,2005-03-15,33.0,0.0,
-35.8405,150.5301,2005-03-15,34.0,0.0,
-35.6738,136.52729999999997,2005-03-15,175.0,0.0,
-32.8399,152.53049999999996,2005-03-15,31.0,0.0,
-27.0054,153.53070000000002,2005-03-15,129.0,0.0,
-21.8377,114.18950000000001,2005-03-15,254.0,0.0,
-36.3406,150.19669999999996,2005-03-16,159.0,0.4,
-30.8395,153.0306,2005-03-16,27.0,0.0,
-27.6722,153.8641,2005-03-16,75.0,0.0,
-24.8383,153.0306,2005-03-16,127.0,0.0,
-21.8377,114.18950000000001,2005-03-16,210.0,0.0,
-21.8377,114.52289999999999,2005-03-16,183.0,0.0,
-31.0062,153.0306,2005-03-17,206.0,4.0,
-28.1723,153.53070000000002,2005-03-17,15.0,0.0,
-28.1723,153.69740000000002,2005-03-17,15.0,0.0,
-27.0054,153.69740000000002,2005-03-17,81.0,0.0,
-21.8377,114.18950000000001,2005-03-17,221.0,0.0,
-21.8377,114.3562,2005-03-17,221.0,0.0,
-21.5043,114.52289999999999,2005-03-17,222.0,0.0,
-36.5073,150.19669999999996,2005-03-18,148.0,0.1,
-36.3406,150.19669999999996,2005-03-18,153.0,0.0,
-35.3404,150.6968,2005-03-18,163.0,0.0,
-35.3404,150.8635,2005-03-18,158.0,0.0,
-35.1737,150.8635,2005-03-18,157.0,0.0,
-35.1737,151.03020000000004,2005-03-18,149.0,0.0,
-35.007,150.8635,2005-03-18,157.0,0.0,
-35.007,151.03020000000004,2005-03-18,157.0,0.0,
-33.5067,151.5303,2005-03-18,158.0,0.0,
-24.8383,153.0306,2005-03-18,117.0,0.0,
-22.0044,113.85609999999997,2005-03-18,183.0,0.0,
-21.8377,113.85609999999997,2005-03-18,191.0,0.0,
-21.8377,114.3562,2005-03-18,190.0,0.0,
-43.0086,148.1963,2005-03-19,35.0,0.0,
-36.5073,150.19669999999996,2005-03-19,133.0,0.2,
-36.3406,150.3634,2005-03-19,144.0,0.0,
-36.3406,150.5301,2005-03-19,147.0,0.0,
-36.0072,150.3634,2005-03-19,153.0,0.0,
-36.0072,151.697,2005-03-19,144.0,0.0,
-35.1737,151.03020000000004,2005-03-19,158.0,0.0,
-35.007,150.8635,2005-03-19,165.0,0.0,
-34.8403,150.8635,2005-03-19,160.0,0.2,
-34.8403,151.03020000000004,2005-03-19,163.0,0.0,
-34.6736,134.6936,2005-03-19,135.0,0.0,
-33.6734,151.36360000000002,2005-03-19,165.0,0.2,
-33.5067,151.5303,2005-03-19,170.0,0.0,
-33.5067,151.697,2005-03-19,172.0,0.1,
-33.34,151.697,2005-03-19,170.0,0.0,
-33.34,152.19709999999998,2005-03-19,172.0,0.0,
-33.1733,151.697,2005-03-19,170.0,0.0,
-33.1733,151.8637,2005-03-19,172.0,0.1,
-33.0066,152.53049999999996,2005-03-19,176.0,0.0,
-32.8399,151.8637,2005-03-19,169.0,0.3,
-28.0056,153.69740000000002,2005-03-19,168.0,0.0,
-27.8389,153.36400000000003,2005-03-19,135.0,0.0,
-27.8389,153.53070000000002,2005-03-19,150.0,0.0,
-27.8389,153.69740000000002,2005-03-19,165.0,0.0,
-27.6722,153.53070000000002,2005-03-19,150.0,0.0,
-27.0054,153.53070000000002,2005-03-19,154.0,0.0,
-5.3344,145.8625,2005-03-19,264.0,0.2,
-5.001,145.8625,2005-03-19,291.0,0.2,
-4.8343,146.1959,2005-03-19,258.0,0.0,
-4.8343,146.69600000000003,2005-03-19,288.0,0.0,
-4.6676,146.1959,2005-03-19,258.0,0.0,
-41.1749,148.5297,2005-03-20,23.0,0.0,
-38.6744,145.69579999999996,2005-03-20,121.0,0.0,
-36.0072,150.3634,2005-03-20,137.0,0.0,
-35.8405,150.5301,2005-03-20,171.0,0.0,
-35.3404,150.6968,2005-03-20,158.0,0.0,
-35.3404,150.8635,2005-03-20,172.0,0.0,
-35.1737,151.03020000000004,2005-03-20,188.0,0.0,
-35.1737,151.5303,2005-03-20,183.0,0.0,
-35.007,150.8635,2005-03-20,171.0,0.0,
-35.007,151.19690000000003,2005-03-20,189.0,0.0,
-34.8403,150.8635,2005-03-20,167.0,0.2,
-34.8403,151.03020000000004,2005-03-20,181.0,0.0,
-34.6736,151.03020000000004,2005-03-20,181.0,0.0,
-34.6736,151.36360000000002,2005-03-20,191.0,0.0,
-33.6734,151.36360000000002,2005-03-20,180.0,0.0,
-33.6734,151.8637,2005-03-20,191.0,0.0,
-33.5067,151.36360000000002,2005-03-20,180.0,0.0,
-33.5067,151.5303,2005-03-20,186.0,0.0,
-33.5067,151.697,2005-03-20,194.0,0.0,
-33.5067,152.6972,2005-03-20,177.0,0.0,
-33.1733,151.697,2005-03-20,186.0,0.0,
-28.1723,153.8641,2005-03-20,181.0,0.0,
-28.0056,153.53070000000002,2005-03-20,179.0,0.0,
-27.8389,154.1975,2005-03-20,190.0,0.0,
-27.6722,153.8641,2005-03-20,173.0,0.0,
-5.001,145.8625,2005-03-20,72.0,0.0,
-4.8343,146.1959,2005-03-20,39.0,0.0,
-4.8343,146.69600000000003,2005-03-20,38.0,0.0,
-36.8407,150.19669999999996,2005-03-21,164.0,0.2,
-36.0072,150.3634,2005-03-21,162.0,0.0,
-35.3404,150.6968,2005-03-21,175.0,0.0,
-35.3404,150.8635,2005-03-21,184.0,0.0,
-5.3344,145.8625,2005-03-21,63.0,0.0,
-5.001,145.8625,2005-03-21,85.0,0.2,
-4.8343,146.1959,2005-03-21,123.0,0.0,
-27.3388,153.53070000000002,2005-03-22,43.0,0.0,
-27.0054,153.53070000000002,2005-03-22,50.0,0.0,
-5.3344,145.8625,2005-03-22,97.0,0.1,
-5.001,145.8625,2005-03-22,96.0,0.1,
-5.001,146.0292,2005-03-22,119.0,0.3,
-4.8343,145.8625,2005-03-22,79.0,0.2,
-4.8343,146.1959,2005-03-22,130.0,0.2,
-4.8343,146.3626,2005-03-22,130.0,0.2,
-35.007,135.52710000000002,2005-03-23,131.0,0.0,
-34.6736,134.6936,2005-03-23,131.0,0.0,
-5.1677,145.8625,2005-03-23,81.0,0.0,
-5.001,145.8625,2005-03-23,82.0,0.0,
-4.8343,146.1959,2005-03-23,107.0,0.0,
-4.8343,147.1961,2005-03-23,63.0,0.1,
-36.5073,150.19669999999996,2005-03-24,193.0,0.0,
-26.5053,153.53070000000002,2005-03-24,156.0,0.0,
-5.3344,145.8625,2005-03-24,76.0,0.0,
-4.8343,146.1959,2005-03-24,83.0,0.0,
-4.6676,146.1959,2005-03-24,83.0,0.0,
-4.5009,146.1959,2005-03-24,101.0,0.0,
-41.1749,148.363,2005-03-25,179.0,0.0,
-31.0062,153.0306,2005-03-25,7.0,0.0,
-31.0062,153.19730000000004,2005-03-25,7.0,0.0,
-27.6722,154.0308,2005-03-25,99.0,0.0,
-26.672,153.36400000000003,2005-03-25,96.0,0.2,
-20.8375,149.19650000000001,2005-03-25,354.0,0.0,
-5.001,145.8625,2005-03-25,81.0,0.0,
-4.8343,146.1959,2005-03-25,95.0,0.0,
-4.5009,146.1959,2005-03-25,85.0,0.0,
-41.5083,148.5297,2005-03-26,5.0,0.0,
-41.3416,148.5297,2005-03-26,345.0,0.0,
-36.5073,150.19669999999996,2005-03-26,181.0,0.0,
-36.3406,150.02999999999997,2005-03-26,178.0,0.0,
-36.3406,150.19669999999996,2005-03-26,178.0,0.0,
-36.3406,150.3634,2005-03-26,182.0,0.1,
-36.1739,150.3634,2005-03-26,182.0,0.1,
-33.1733,151.697,2005-03-26,187.0,0.3,
-32.8399,152.53049999999996,2005-03-26,194.0,0.2,
-26.8387,153.36400000000003,2005-03-26,143.0,0.2,
-26.8387,153.53070000000002,2005-03-26,146.0,0.0,
-26.8387,153.69740000000002,2005-03-26,147.0,0.0,
-5.3344,145.8625,2005-03-26,135.0,0.1,
-5.001,146.0292,2005-03-26,156.0,0.2,
-4.8343,145.8625,2005-03-26,148.0,0.2,
-4.8343,146.1959,2005-03-26,143.0,0.0,
-4.5009,146.1959,2005-03-26,138.0,0.0,
-41.8417,148.5297,2005-03-27,346.0,0.0,
-41.3416,148.5297,2005-03-27,287.0,0.0,
-36.5073,150.19669999999996,2005-03-27,118.0,0.0,
-36.5073,150.6968,2005-03-27,309.0,0.0,
-36.3406,150.02999999999997,2005-03-27,105.0,0.0,
-36.3406,150.3634,2005-03-27,60.0,0.0,
-36.1739,150.3634,2005-03-27,60.0,0.0,
-35.6738,150.5301,2005-03-27,243.0,0.0,
-35.5071,150.6968,2005-03-27,267.0,0.0,
-35.3404,150.8635,2005-03-27,254.0,0.0,
-35.1737,150.8635,2005-03-27,259.0,0.0,
-35.1737,151.03020000000004,2005-03-27,302.0,0.0,
-35.007,150.8635,2005-03-27,259.0,0.0,
-34.6736,151.03020000000004,2005-03-27,336.0,0.0,
-34.6736,151.19690000000003,2005-03-27,333.0,0.0,
-34.0068,151.5303,2005-03-27,322.0,0.0,
-33.5067,151.5303,2005-03-27,313.0,0.0,
-33.1733,151.8637,2005-03-27,312.0,0.0,
-33.0066,152.53049999999996,2005-03-27,269.0,0.0,
-32.8399,152.53049999999996,2005-03-27,256.0,0.0,
-32.6732,152.19709999999998,2005-03-27,247.0,0.0,
-32.0064,115.35640000000001,2005-03-27,138.0,0.0,
-27.0054,153.8641,2005-03-27,176.0,0.0,
-5.3344,145.8625,2005-03-27,71.0,0.0,
-5.1677,145.8625,2005-03-27,71.0,0.0,
-5.001,145.8625,2005-03-27,85.0,0.0,
-4.8343,145.8625,2005-03-27,84.0,0.0,
-4.8343,146.1959,2005-03-27,88.0,0.0,
-36.5073,150.19669999999996,2005-03-28,187.0,0.0,
-36.5073,150.3634,2005-03-28,188.0,0.0,
-36.3406,150.02999999999997,2005-03-28,187.0,0.0,
-36.3406,150.19669999999996,2005-03-28,187.0,0.0,
-35.6738,150.5301,2005-03-28,192.0,0.0,
-35.5071,150.6968,2005-03-28,198.0,0.0,
-35.3404,150.8635,2005-03-28,196.0,0.0,
-35.1737,151.03020000000004,2005-03-28,200.0,0.0,
-33.8401,151.697,2005-03-28,183.0,0.0,
-32.8399,152.53049999999996,2005-03-28,129.0,0.0,
-32.6732,152.53049999999996,2005-03-28,129.0,0.0,
-28.1723,153.53070000000002,2005-03-28,338.0,0.0,
-28.1723,153.8641,2005-03-28,340.0,0.0,
-28.0056,153.8641,2005-03-28,330.0,0.0,
-27.8389,153.69740000000002,2005-03-28,316.0,0.0,
-26.672,153.19730000000004,2005-03-28,346.0,0.0,
-26.5053,153.19730000000004,2005-03-28,342.0,0.0,
-26.5053,153.36400000000003,2005-03-28,353.0,0.0,
-26.5053,153.8641,2005-03-28,282.0,0.0,
-4.8343,146.1959,2005-03-28,153.0,0.0,
-41.1749,148.69640000000004,2005-03-29,136.0,0.0,
-36.5073,150.19669999999996,2005-03-29,143.0,0.1,
-36.1739,150.3634,2005-03-29,162.0,0.0,
-30.8395,153.19730000000004,2005-03-29,183.0,0.0,
-26.5053,153.19730000000004,2005-03-29,144.0,0.2,
-36.5073,150.19669999999996,2005-03-30,110.0,0.0,
-34.3402,151.03020000000004,2005-03-30,151.0,0.3,
-36.5073,150.19669999999996,2005-03-31,41.0,0.0,
-36.5073,150.3634,2005-03-31,36.0,0.0,
-36.3406,150.02999999999997,2005-03-31,45.0,0.0,
-35.3404,135.52710000000002,2005-03-31,32.0,0.0,
-34.6736,134.6936,2005-03-31,7.0,0.0,
-34.1735,135.19370000000004,2005-03-31,5.0,0.0,
-33.1733,151.8637,2005-03-31,149.0,0.0,
-31.0062,153.0306,2005-03-31,170.0,0.2,
-41.1749,148.5297,2005-04-01,319.0,0.0,
-36.3406,150.3634,2005-04-01,20.0,0.0,
-35.3404,135.52710000000002,2005-04-01,13.0,0.0,
-34.6736,135.027,2005-04-01,355.0,0.0,
-32.8399,151.8637,2005-04-01,79.0,0.0,
-32.8399,152.53049999999996,2005-04-01,212.0,0.0,
-5.001,145.8625,2005-04-01,76.0,0.0,
-37.0074,150.3634,2005-04-02,25.0,0.0,
-36.8407,149.86329999999998,2005-04-02,30.0,0.0,
-36.8407,150.19669999999996,2005-04-02,24.0,0.0,
-36.0072,150.3634,2005-04-02,31.0,0.0,
-35.6738,150.5301,2005-04-02,23.0,0.0,
-35.3404,150.8635,2005-04-02,20.0,0.0,
-35.1737,151.03020000000004,2005-04-02,13.0,0.0,
-35.007,150.8635,2005-04-02,6.0,0.0,
-34.8403,150.8635,2005-04-02,347.0,0.0,
-34.8403,151.36360000000002,2005-04-02,5.0,0.0,
-34.6736,151.03020000000004,2005-04-02,16.0,0.0,
-34.6736,151.19690000000003,2005-04-02,5.0,0.0,
-33.5067,151.697,2005-04-02,10.0,0.0,
-33.34,152.19709999999998,2005-04-02,2.0,0.0,
-33.0066,151.697,2005-04-02,355.0,0.0,
-32.8399,152.53049999999996,2005-04-02,5.0,0.0,
-32.6732,152.53049999999996,2005-04-02,5.0,0.0,
-32.5065,152.53049999999996,2005-04-02,11.0,0.0,
-31.8397,152.6972,2005-04-02,17.0,0.0,
-30.1727,153.19730000000004,2005-04-02,51.0,0.0,
-30.1727,153.36400000000003,2005-04-02,34.0,0.0,
-30.006,153.53070000000002,2005-04-02,41.0,0.0,
-28.1723,153.8641,2005-04-02,129.0,0.0,
-28.0056,153.8641,2005-04-02,132.0,0.0,
-36.8407,150.19669999999996,2005-04-03,1.0,0.0,
-36.5073,150.19669999999996,2005-04-03,360.0,0.0,
-36.0072,150.3634,2005-04-03,351.0,0.0,
-35.1737,151.03020000000004,2005-04-03,15.0,0.0,
-34.8403,151.03020000000004,2005-04-03,15.0,0.0,
-34.6736,150.8635,2005-04-03,359.0,0.0,
-34.6736,151.03020000000004,2005-04-03,15.0,0.0,
-34.6736,151.19690000000003,2005-04-03,9.0,0.0,
-34.5069,150.8635,2005-04-03,348.0,0.0,
-34.5069,151.03020000000004,2005-04-03,1.0,0.0,
-34.0068,151.36360000000002,2005-04-03,3.0,0.0,
-33.0066,151.8637,2005-04-03,318.0,0.0,
-32.6732,152.6972,2005-04-03,5.0,0.0,
-32.5065,152.53049999999996,2005-04-03,10.0,0.0,
-30.3394,153.19730000000004,2005-04-03,13.0,0.0,
-30.3394,153.36400000000003,2005-04-03,2.0,0.0,
-30.1727,153.36400000000003,2005-04-03,2.0,0.0,
-28.8391,113.68939999999998,2005-04-03,93.0,0.0,
-28.8391,113.85609999999997,2005-04-03,93.0,0.0,
-28.5057,113.85609999999997,2005-04-03,95.0,0.0,
-28.0056,153.8641,2005-04-03,35.0,0.0,
-27.8389,154.0308,2005-04-03,45.0,0.0,
-27.0054,153.53070000000002,2005-04-03,69.0,0.0,
-26.8387,153.53070000000002,2005-04-03,77.0,0.0,
-26.5053,153.36400000000003,2005-04-03,88.0,0.0,
-5.1677,145.8625,2005-04-03,72.0,0.2,
-37.1741,150.19669999999996,2005-04-04,190.0,0.0,
-36.0072,150.3634,2005-04-04,172.0,0.0,
-34.1735,135.19370000000004,2005-04-04,121.0,0.0,
-28.8391,113.68939999999998,2005-04-04,37.0,0.0,
-28.8391,113.85609999999997,2005-04-04,37.0,0.0,
-28.5057,113.85609999999997,2005-04-04,5.0,0.0,
-27.0054,153.36400000000003,2005-04-04,142.0,0.0,
-26.8387,153.36400000000003,2005-04-04,147.0,0.0,
-26.5053,153.36400000000003,2005-04-04,144.0,0.0,
-22.0044,114.18950000000001,2005-04-04,139.0,0.0,
-34.6736,135.027,2005-04-05,29.0,0.0,
-32.5065,152.36379999999997,2005-04-05,147.0,1.1,
-28.8391,113.68939999999998,2005-04-05,265.0,0.0,
-28.8391,113.85609999999997,2005-04-05,265.0,0.0,
-28.6724,113.68939999999998,2005-04-05,265.0,0.0,
-28.5057,113.68939999999998,2005-04-05,262.0,0.0,
-28.5057,113.85609999999997,2005-04-05,262.0,0.0,
-36.8407,150.3634,2005-04-06,21.0,0.0,
-35.5071,150.6968,2005-04-06,141.0,0.0,
-35.5071,150.8635,2005-04-06,141.0,0.0,
-35.3404,150.6968,2005-04-06,122.0,0.0,
-35.3404,150.8635,2005-04-06,135.0,0.0,
-35.1737,151.03020000000004,2005-04-06,208.0,0.0,
-28.8391,113.68939999999998,2005-04-06,113.0,0.0,
-28.8391,113.85609999999997,2005-04-06,113.0,0.0,
-20.5041,116.5233,2005-04-06,78.0,0.0,
-28.8391,113.68939999999998,2005-04-07,157.0,0.0,
-28.8391,113.85609999999997,2005-04-07,157.0,0.0,
-37.1741,150.19669999999996,2005-04-08,27.0,0.0,
-37.1741,150.3634,2005-04-08,27.0,0.0,
-37.0074,150.19669999999996,2005-04-08,352.0,0.0,
-37.0074,150.3634,2005-04-08,352.0,0.0,
-36.8407,149.86329999999998,2005-04-08,36.0,0.0,
-36.8407,150.19669999999996,2005-04-08,357.0,0.0,
-36.8407,150.3634,2005-04-08,357.0,0.0,
-36.5073,150.3634,2005-04-08,18.0,0.0,
-35.5071,150.6968,2005-04-08,80.0,0.0,
-33.34,151.697,2005-04-08,50.0,0.0,
-33.1733,151.5303,2005-04-08,50.0,0.0,
-32.6732,152.36379999999997,2005-04-08,59.0,0.2,
-42.5085,148.1963,2005-04-09,17.0,0.0,
-42.3418,148.363,2005-04-09,14.0,0.0,
-42.3418,148.5297,2005-04-09,14.0,0.0,
-42.1751,148.363,2005-04-09,14.0,0.0,
-42.1751,148.5297,2005-04-09,14.0,0.0,
-41.3416,148.363,2005-04-09,320.0,0.0,
-37.1741,150.19669999999996,2005-04-09,13.0,0.0,
-37.0074,150.19669999999996,2005-04-09,15.0,0.0,
-37.0074,150.3634,2005-04-09,15.0,0.0,
-36.8407,149.86329999999998,2005-04-09,36.0,0.0,
-36.8407,150.19669999999996,2005-04-09,16.0,0.0,
-36.8407,150.3634,2005-04-09,16.0,0.0,
-36.5073,150.19669999999996,2005-04-09,26.0,0.0,
-36.5073,150.3634,2005-04-09,16.0,0.0,
-36.0072,151.03020000000004,2005-04-09,10.0,0.0,
-35.6738,150.3634,2005-04-09,22.0,0.0,
-35.6738,150.6968,2005-04-09,20.0,0.0,
-35.5071,150.6968,2005-04-09,23.0,0.0,
-35.3404,150.5301,2005-04-09,27.0,0.0,
-34.6736,134.6936,2005-04-09,355.0,0.0,
-34.3402,151.03020000000004,2005-04-09,32.0,0.0,
-32.8399,152.53049999999996,2005-04-09,39.0,0.0,
-32.6732,152.53049999999996,2005-04-09,39.0,0.0,
-30.3394,153.36400000000003,2005-04-09,99.0,0.0,
-19.0038,147.3628,2005-04-09,122.0,0.2,
7.0014,171.53430000000003,2005-04-09,72.0,0.2,
-42.8419,148.1963,2005-04-10,336.0,0.0,
-42.1751,148.363,2005-04-10,353.0,0.0,
-42.1751,148.5297,2005-04-10,357.0,0.0,
-37.1741,150.19669999999996,2005-04-10,14.0,0.0,
-37.0074,150.19669999999996,2005-04-10,17.0,0.0,
-36.8407,150.3634,2005-04-10,18.0,0.0,
-36.674,150.3634,2005-04-10,18.0,0.0,
-34.5069,150.8635,2005-04-10,21.0,0.0,
-32.5065,154.0308,2005-04-10,28.0,0.0,
-30.8395,153.0306,2005-04-10,41.0,0.2,
-7.1681,147.52949999999998,2005-04-10,63.0,0.4,
-37.0074,150.02999999999997,2005-04-11,194.0,0.1,
-36.8407,150.3634,2005-04-11,188.0,0.3,
-35.3404,135.52710000000002,2005-04-11,117.0,0.0,
-34.3402,151.03020000000004,2005-04-11,163.0,1.1,
-20.3374,116.5233,2005-04-11,104.0,0.0,
-7.0014,147.3628,2005-04-11,85.0,0.0,
-36.8407,150.02999999999997,2005-04-12,145.0,0.0,
-36.8407,150.19669999999996,2005-04-12,165.0,0.0,
-36.3406,150.02999999999997,2005-04-12,115.0,0.0,
-35.5071,150.6968,2005-04-12,158.0,0.0,
-34.6736,135.027,2005-04-12,142.0,0.0,
-34.1735,135.19370000000004,2005-04-12,249.0,0.0,
-17.6702,168.20029999999997,2005-04-12,117.0,0.1,
-35.6738,150.5301,2005-04-13,22.0,0.0,
-34.6736,135.027,2005-04-13,268.0,2.1,
-17.1701,168.20029999999997,2005-04-13,115.0,0.2,
-35.8405,150.6968,2005-04-14,15.0,0.0,
-33.8401,151.5303,2005-04-15,184.0,0.1,
-29.3392,153.53070000000002,2005-04-15,164.0,0.0,
-27.8389,153.36400000000003,2005-04-15,138.0,0.0,
-27.8389,153.69740000000002,2005-04-15,163.0,0.0,
-21.8377,114.3562,2005-04-15,50.0,0.0,
-17.5035,168.03359999999998,2005-04-15,295.0,2.1,
-7.1681,147.3628,2005-04-15,80.0,2.1,
-41.3416,148.5297,2005-04-16,321.0,0.0,
-35.3404,135.52710000000002,2005-04-16,84.0,0.0,
-35.1737,135.52710000000002,2005-04-16,84.0,0.0,
-34.0068,151.19690000000003,2005-04-16,164.0,0.0,
-34.0068,151.5303,2005-04-16,189.0,0.2,
-34.0068,151.697,2005-04-16,195.0,0.0,
-33.8401,151.36360000000002,2005-04-16,178.0,0.2,
-33.8401,151.5303,2005-04-16,187.0,0.2,
-33.8401,151.697,2005-04-16,194.0,0.0,
-33.6734,151.36360000000002,2005-04-16,175.0,0.1,
-33.5067,151.5303,2005-04-16,180.0,0.1,
-33.5067,152.6972,2005-04-16,183.0,0.0,
-30.1727,153.36400000000003,2005-04-16,183.0,0.2,
-28.0056,153.8641,2005-04-16,158.0,0.2,
-27.8389,154.0308,2005-04-16,159.0,0.1,
-27.6722,153.8641,2005-04-16,158.0,0.1,
-21.8377,114.18950000000001,2005-04-16,108.0,0.0,
-38.5077,145.029,2005-04-17,349.0,0.0,
-37.0074,150.3634,2005-04-17,18.0,0.0,
-36.5073,150.19669999999996,2005-04-17,27.0,0.0,
-36.3406,150.02999999999997,2005-04-17,30.0,0.0,
-36.0072,150.3634,2005-04-17,21.0,0.0,
-35.8405,150.5301,2005-04-17,21.0,0.0,
-35.6738,150.19669999999996,2005-04-17,27.0,0.0,
-34.3402,150.8635,2005-04-17,20.0,0.0,
-34.3402,151.03020000000004,2005-04-17,24.0,0.0,
-34.3402,151.19690000000003,2005-04-17,24.0,0.0,
-34.0068,151.19690000000003,2005-04-17,27.0,0.0,
-34.0068,151.36360000000002,2005-04-17,35.0,0.0,
-34.0068,151.5303,2005-04-17,27.0,0.0,
-34.0068,151.697,2005-04-17,6.0,0.0,
-33.8401,151.5303,2005-04-17,34.0,0.0,
-33.6734,151.36360000000002,2005-04-17,48.0,0.0,
-33.5067,151.36360000000002,2005-04-17,48.0,0.0,
-33.0066,151.8637,2005-04-17,66.0,0.0,
-33.0066,152.19709999999998,2005-04-17,37.0,0.0,
-31.3396,153.0306,2005-04-17,139.0,0.0,
-22.1711,113.85609999999997,2005-04-17,145.0,0.0,
-21.8377,114.18950000000001,2005-04-17,170.0,0.0,
-20.5041,116.5233,2005-04-17,279.0,0.0,
-17.5035,122.02440000000001,2005-04-17,279.0,0.0,
-7.0014,147.86289999999997,2005-04-17,128.0,0.0,
-30.3394,153.36400000000003,2005-04-18,8.0,0.0,
-18.337,146.69600000000003,2005-04-18,157.0,0.0,
-33.1733,152.19709999999998,2005-04-19,193.0,0.0,
-33.0066,152.19709999999998,2005-04-19,197.0,0.0,
-30.3394,153.36400000000003,2005-04-19,10.0,0.0,
-27.6722,153.8641,2005-04-19,130.0,0.0,
-18.337,146.69600000000003,2005-04-19,152.0,0.0,
-16.1699,167.20010000000002,2005-04-19,291.0,0.1,
-32.0064,115.18970000000002,2005-04-20,216.0,0.0,
-41.1749,148.5297,2005-04-21,327.0,0.0,
-41.1749,148.69640000000004,2005-04-21,325.0,0.0,
-35.8405,150.6968,2005-04-21,225.0,0.0,
-34.8403,151.03020000000004,2005-04-21,118.0,0.0,
-33.1733,151.697,2005-04-22,111.0,0.0,
-43.1753,148.1963,2005-04-23,71.0,0.0,
-43.0086,148.1963,2005-04-23,69.0,0.1,
-42.8419,148.1963,2005-04-23,76.0,0.3,
-42.6752,148.1963,2005-04-23,76.0,0.3,
-41.1749,148.5297,2005-04-23,121.0,1.2,
-37.0074,150.19669999999996,2005-04-23,132.0,0.0,
-36.8407,149.86329999999998,2005-04-23,122.0,0.0,
-36.8407,150.3634,2005-04-23,126.0,0.0,
-36.674,150.3634,2005-04-23,126.0,0.0,
-36.5073,150.19669999999996,2005-04-23,105.0,0.0,
-36.5073,150.3634,2005-04-23,115.0,0.0,
-36.3406,150.02999999999997,2005-04-23,94.0,0.0,
-36.1739,150.3634,2005-04-23,108.0,0.0,
-36.0072,150.3634,2005-04-23,108.0,0.0,
-36.0072,151.697,2005-04-23,191.0,0.0,
-35.8405,150.5301,2005-04-23,117.0,0.0,
-35.6738,150.19669999999996,2005-04-23,99.0,0.0,
-35.6738,150.5301,2005-04-23,117.0,0.0,
-35.3404,135.52710000000002,2005-04-23,13.0,0.0,
-34.6736,151.03020000000004,2005-04-23,128.0,0.0,
-34.0068,151.36360000000002,2005-04-23,149.0,0.0,
-33.34,152.19709999999998,2005-04-23,276.0,0.0,
-33.1733,151.697,2005-04-23,124.0,0.0,
-33.0066,151.8637,2005-04-23,90.0,0.0,
-33.0066,152.53049999999996,2005-04-23,291.0,0.0,
-32.8399,152.53049999999996,2005-04-23,288.0,0.0,
-32.5065,152.36379999999997,2005-04-23,70.0,0.0,
-26.8387,153.36400000000003,2005-04-23,143.0,0.1,
-26.8387,153.69740000000002,2005-04-23,131.0,0.2,
-26.672,153.19730000000004,2005-04-23,141.0,0.0,
-26.5053,153.36400000000003,2005-04-23,142.0,0.1,
-20.004,116.85669999999999,2005-04-23,136.0,0.0,
7.0014,171.53430000000003,2005-04-23,57.0,0.0,
7.0014,171.70100000000002,2005-04-23,57.0,0.0,
-42.8419,148.02959999999996,2005-04-24,8.0,0.0,
-39.3412,145.8625,2005-04-24,7.0,0.0,
-37.3408,150.3634,2005-04-24,30.0,0.0,
-36.8407,150.3634,2005-04-24,34.0,0.0,
-36.674,150.3634,2005-04-24,34.0,0.0,
-36.1739,150.5301,2005-04-24,39.0,0.0,
-36.1739,151.697,2005-04-24,61.0,0.0,
-36.0072,150.3634,2005-04-24,50.0,0.0,
-36.0072,151.03020000000004,2005-04-24,53.0,0.0,
-35.8405,150.5301,2005-04-24,67.0,0.0,
-35.6738,150.5301,2005-04-24,67.0,0.0,
-35.5071,150.6968,2005-04-24,87.0,0.0,
-35.5071,150.8635,2005-04-24,87.0,0.0,
-35.1737,151.03020000000004,2005-04-24,113.0,0.0,
-34.8403,150.8635,2005-04-24,109.0,0.0,
-34.6736,151.03020000000004,2005-04-24,134.0,0.0,
-34.6736,151.36360000000002,2005-04-24,141.0,0.0,
-34.6736,151.5303,2005-04-24,133.0,0.0,
-34.5069,150.8635,2005-04-24,114.0,0.0,
-33.8401,151.5303,2005-04-24,161.0,0.1,
-33.5067,151.5303,2005-04-24,169.0,0.1,
-33.1733,152.19709999999998,2005-04-24,153.0,0.0,
-33.0066,152.19709999999998,2005-04-24,167.0,0.1,
-33.0066,152.53049999999996,2005-04-24,162.0,0.0,
-32.8399,152.53049999999996,2005-04-24,182.0,0.0,
-32.5065,152.53049999999996,2005-04-24,187.0,0.0,
-32.0064,115.18970000000002,2005-04-24,139.0,0.0,
-31.8397,115.5231,2005-04-24,163.0,0.0,
-30.8395,153.0306,2005-04-24,216.0,0.0,
-27.1721,153.69740000000002,2005-04-24,149.0,0.0,
-27.1721,154.0308,2005-04-24,150.0,0.0,
-27.0054,153.36400000000003,2005-04-24,148.0,0.0,
-26.5053,153.53070000000002,2005-04-24,148.0,0.0,
-20.5041,116.35660000000001,2005-04-24,84.0,0.0,
-20.3374,116.5233,2005-04-24,96.0,0.0,
-17.1701,168.36699999999996,2005-04-24,141.0,0.0,
-7.1681,147.52949999999998,2005-04-24,86.0,0.0,
-7.0014,147.69619999999998,2005-04-24,88.0,0.0,
-7.0014,148.02959999999996,2005-04-24,97.0,0.0,
-42.8419,148.02959999999996,2005-04-25,276.0,0.0,
-42.8419,148.1963,2005-04-25,275.0,0.0,
-36.8407,150.02999999999997,2005-04-25,142.0,0.0,
-36.8407,150.3634,2005-04-25,162.0,0.0,
-36.5073,150.19669999999996,2005-04-25,137.0,0.0,
-36.1739,150.3634,2005-04-25,167.0,0.0,
-36.1739,151.19690000000003,2005-04-25,352.0,0.0,
-36.0072,151.697,2005-04-25,357.0,0.0,
-35.6738,150.5301,2005-04-25,346.0,0.0,
-35.1737,151.03020000000004,2005-04-25,5.0,0.0,
-33.34,152.19709999999998,2005-04-25,315.0,0.0,
-33.1733,152.19709999999998,2005-04-25,315.0,0.0,
-33.0066,152.53049999999996,2005-04-25,276.0,0.0,
-32.8399,152.0304,2005-04-25,291.0,0.0,
-32.8399,152.53049999999996,2005-04-25,254.0,0.0,
-32.6732,152.19709999999998,2005-04-25,248.0,0.0,
-20.3374,116.5233,2005-04-25,80.0,0.0,
-36.5073,150.19669999999996,2005-04-26,39.0,0.0,
-33.6734,151.36360000000002,2005-04-26,108.0,0.0,
-32.8399,152.53049999999996,2005-04-26,51.0,0.0,
-32.0064,115.18970000000002,2005-04-26,179.0,0.0,
-30.8395,153.0306,2005-04-26,176.0,0.0,
-36.5073,150.19669999999996,2005-04-27,63.0,0.0,
-36.1739,150.3634,2005-04-27,70.0,0.0,
-36.1739,151.697,2005-04-27,340.0,0.0,
-34.8403,151.03020000000004,2005-04-27,12.0,0.0,
-33.0066,151.697,2005-04-27,45.0,0.0,
-36.674,150.3634,2005-04-28,18.0,0.0,
-36.1739,150.3634,2005-04-28,18.0,0.0,
-33.0066,151.697,2005-04-28,355.0,0.0,
-21.671,114.18950000000001,2005-04-29,91.0,2.5,
-36.0072,150.3634,2005-04-30,114.0,0.0,
-34.8403,151.03020000000004,2005-04-30,294.0,0.0,
-33.0066,151.8637,2005-04-30,225.0,0.0,
-27.3388,153.53070000000002,2005-04-30,330.0,0.0,
-27.1721,153.69740000000002,2005-04-30,307.0,0.0,
-27.0054,153.36400000000003,2005-04-30,5.0,0.0,
-27.0054,153.53070000000002,2005-04-30,325.0,0.0,
-27.0054,153.8641,2005-04-30,291.0,0.0,
-26.8387,153.36400000000003,2005-04-30,18.0,0.0,
-26.5053,153.19730000000004,2005-04-30,83.0,0.0,
-24.6716,153.19730000000004,2005-04-30,132.0,0.0,
-20.5041,149.19650000000001,2005-04-30,146.0,0.0,
-36.5073,150.19669999999996,2005-05-01,209.0,0.0,
-36.3406,150.19669999999996,2005-05-01,212.0,0.0,
-34.0068,151.36360000000002,2005-05-01,226.0,0.0,
-33.6734,151.36360000000002,2005-05-01,233.0,0.0,
-33.5067,152.0304,2005-05-01,237.0,0.0,
-33.34,151.8637,2005-05-01,244.0,0.0,
-33.34,152.0304,2005-05-01,245.0,0.0,
-33.0066,151.8637,2005-05-01,260.0,0.0,
-30.3394,153.36400000000003,2005-05-01,182.0,0.0,
-27.1721,153.69740000000002,2005-05-01,334.0,0.0,
-26.8387,153.69740000000002,2005-05-01,340.0,0.0,
-20.1707,149.02980000000002,2005-05-01,144.0,0.0,
-32.6732,152.6972,2005-05-02,146.0,0.0,
-21.3376,114.68959999999998,2005-05-02,81.0,0.0,
-32.6732,152.53049999999996,2005-05-03,113.0,0.0,
-26.5053,153.36400000000003,2005-05-03,150.0,1.6,
-36.5073,150.19669999999996,2005-05-05,30.0,0.0,
-36.3406,150.3634,2005-05-05,14.0,0.0,
-33.0066,151.697,2005-05-05,47.0,0.0,
-32.8399,151.8637,2005-05-05,60.0,0.0,
-26.8387,153.53070000000002,2005-05-05,146.0,0.0,
-33.5067,151.5303,2005-05-06,171.0,0.0,
-32.8399,152.53049999999996,2005-05-06,115.0,0.0,
-32.5065,152.36379999999997,2005-05-06,119.0,0.0,
-30.8395,153.0306,2005-05-06,186.0,0.3,
-20.3374,116.5233,2005-05-06,128.0,0.0,
-14.1695,136.36059999999998,2005-05-06,100.0,0.0,
-36.8407,149.86329999999998,2005-05-07,180.0,0.0,
-36.5073,150.19669999999996,2005-05-07,162.0,0.0,
-36.3406,150.3634,2005-05-07,177.0,0.0,
-32.8399,152.53049999999996,2005-05-07,136.0,1.6,
-38.341,144.6956,2005-05-08,67.0,0.0,
-17.5035,119.35720000000003,2005-05-08,147.0,0.0,
-6.668,147.0294,2005-05-08,115.0,0.4,
-42.3418,148.5297,2005-05-09,309.0,0.0,
-36.8407,150.3634,2005-05-09,183.0,0.0,
-34.1735,135.19370000000004,2005-05-09,167.0,0.0,
-35.6738,150.5301,2005-05-10,45.0,0.0,
-34.1735,135.19370000000004,2005-05-10,168.0,0.0,
-15.1697,145.69579999999996,2005-05-10,126.0,0.0,
-36.8407,150.19669999999996,2005-05-11,161.0,0.0,
-36.5073,150.19669999999996,2005-05-11,125.0,0.0,
-34.1735,135.19370000000004,2005-05-11,151.0,0.0,
-36.3406,150.02999999999997,2005-05-12,38.0,0.0,
-34.1735,135.19370000000004,2005-05-12,36.0,0.0,
-21.0042,149.19650000000001,2005-05-12,292.0,0.0,
-41.0082,148.69640000000004,2005-05-13,293.0,0.0,
-36.8407,149.86329999999998,2005-05-13,111.0,0.1,
-36.5073,150.19669999999996,2005-05-13,115.0,0.0,
-36.3406,150.02999999999997,2005-05-13,113.0,0.0,
-34.1735,135.19370000000004,2005-05-13,333.0,0.0,
-30.1727,153.19730000000004,2005-05-13,208.0,0.4,
-17.6702,168.03359999999998,2005-05-13,71.0,0.0,
-17.6702,168.20029999999997,2005-05-13,72.0,0.0,
-17.5035,168.03359999999998,2005-05-13,71.0,0.0,
-17.5035,168.5337,2005-05-13,74.0,0.0,
-37.1741,150.3634,2005-05-14,181.0,0.0,
-36.8407,150.3634,2005-05-14,181.0,0.0,
-36.5073,150.19669999999996,2005-05-14,178.0,0.0,
-35.6738,150.5301,2005-05-14,188.0,0.0,
-28.339,113.52269999999999,2005-05-14,341.0,0.0,
-20.3374,116.85669999999999,2005-05-14,110.0,0.0,
-41.3416,148.5297,2005-05-15,162.0,0.0,
-38.5077,145.029,2005-05-15,140.0,0.0,
-38.341,144.6956,2005-05-15,149.0,0.0,
-38.1743,140.3614,2005-05-15,156.0,0.0,
-36.5073,150.19669999999996,2005-05-15,191.0,0.0,
-33.6734,151.36360000000002,2005-05-15,197.0,0.2,
-33.5067,151.36360000000002,2005-05-15,197.0,0.2,
-33.5067,151.5303,2005-05-15,197.0,0.1,
-33.5067,151.697,2005-05-15,189.0,0.0,
-33.5067,151.8637,2005-05-15,189.0,0.0,
-28.339,113.52269999999999,2005-05-15,13.0,0.0,
-28.0056,153.53070000000002,2005-05-15,186.0,0.0,
-21.8377,114.18950000000001,2005-05-15,175.0,0.0,
-38.341,141.19489999999996,2005-05-16,151.0,0.0,
-38.1743,140.3614,2005-05-16,139.0,0.0,
-36.3406,150.3634,2005-05-16,194.0,0.6,
-21.8377,113.85609999999997,2005-05-16,213.0,0.0,
-20.3374,116.5233,2005-05-16,177.0,0.0,
-38.341,140.6948,2005-05-17,268.0,0.0,
-38.1743,140.3614,2005-05-17,262.0,0.0,
-36.8407,150.3634,2005-05-17,141.0,0.2,
-36.1739,150.5301,2005-05-17,147.0,0.3,
-20.5041,116.5233,2005-05-17,79.0,0.0,
-38.1743,140.3614,2005-05-18,129.0,0.0,
-36.3406,150.3634,2005-05-18,197.0,0.3,
-17.8369,168.36699999999996,2005-05-18,286.0,0.3,
-17.5035,168.03359999999998,2005-05-18,266.0,0.1,
-38.1743,140.3614,2005-05-19,46.0,0.0,
-37.1741,150.3634,2005-05-20,194.0,0.0,
-36.5073,150.19669999999996,2005-05-20,188.0,0.0,
-36.3406,150.3634,2005-05-20,193.0,0.0,
-35.3404,135.52710000000002,2005-05-20,319.0,0.0,
-17.8369,168.36699999999996,2005-05-20,87.0,0.0,
-17.6702,168.20029999999997,2005-05-20,87.0,0.0,
-37.3408,150.3634,2005-05-21,262.0,0.0,
-37.1741,150.3634,2005-05-21,262.0,0.0,
-37.0074,150.5301,2005-05-21,241.0,0.0,
-36.8407,149.86329999999998,2005-05-21,270.0,0.0,
-36.8407,150.3634,2005-05-21,232.0,0.0,
-36.674,150.3634,2005-05-21,232.0,0.0,
-36.5073,150.19669999999996,2005-05-21,153.0,0.0,
-36.5073,150.3634,2005-05-21,225.0,0.0,
-36.5073,150.5301,2005-05-21,233.0,0.0,
-36.3406,150.02999999999997,2005-05-21,135.0,0.0,
-36.3406,150.19669999999996,2005-05-21,135.0,0.0,
-36.3406,150.3634,2005-05-21,225.0,0.0,
-36.3406,150.5301,2005-05-21,233.0,0.0,
-36.3406,150.6968,2005-05-21,235.0,0.0,
-36.1739,150.3634,2005-05-21,225.0,0.0,
-36.1739,150.5301,2005-05-21,233.0,0.0,
-36.0072,150.3634,2005-05-21,220.0,0.0,
-33.1733,152.19709999999998,2005-05-21,244.0,0.0,
-33.0066,152.53049999999996,2005-05-21,238.0,0.0,
-32.8399,152.53049999999996,2005-05-21,243.0,0.0,
-20.5041,116.5233,2005-05-21,52.0,0.0,
-20.3374,116.5233,2005-05-21,53.0,0.0,
-17.8369,168.36699999999996,2005-05-21,69.0,0.0,
-17.6702,168.20029999999997,2005-05-21,69.0,0.0,
-9.5019,147.1961,2005-05-21,143.0,0.0,
-37.0074,150.5301,2005-05-22,255.0,0.0,
-36.8407,149.86329999999998,2005-05-22,287.0,0.0,
-36.8407,150.3634,2005-05-22,302.0,0.0,
-36.674,150.5301,2005-05-22,272.0,0.0,
-36.5073,150.19669999999996,2005-05-22,350.0,0.0,
-36.5073,150.3634,2005-05-22,323.0,0.0,
-36.5073,150.5301,2005-05-22,298.0,0.0,
-36.3406,150.19669999999996,2005-05-22,360.0,0.0,
-36.3406,150.3634,2005-05-22,333.0,0.0,
-36.3406,150.5301,2005-05-22,311.0,0.0,
-36.1739,150.3634,2005-05-22,333.0,0.0,
-36.0072,150.5301,2005-05-22,321.0,0.0,
-35.3404,135.52710000000002,2005-05-22,311.0,0.4,
-33.0066,152.53049999999996,2005-05-22,213.0,0.0,
-30.3394,153.0306,2005-05-22,187.0,0.0,
-20.5041,116.5233,2005-05-22,278.0,0.2,
-17.8369,168.36699999999996,2005-05-22,38.0,0.0,
-9.5019,147.1961,2005-05-22,139.0,0.0,
-6.668,147.0294,2005-05-22,109.0,0.0,
-36.674,150.3634,2005-05-23,329.0,0.0,
-36.5073,150.19669999999996,2005-05-23,357.0,0.0,
-36.5073,150.3634,2005-05-23,333.0,0.0,
-36.5073,150.5301,2005-05-23,323.0,0.0,
-36.3406,150.3634,2005-05-23,332.0,0.0,
-36.3406,150.5301,2005-05-23,322.0,0.0,
-36.1739,150.3634,2005-05-23,332.0,0.0,
-34.3402,151.03020000000004,2005-05-23,256.0,0.0,
-21.8377,114.18950000000001,2005-05-23,153.0,0.0,
-20.3374,116.5233,2005-05-23,347.0,0.1,
-37.1741,150.3634,2005-05-24,325.0,0.0,
-36.8407,150.02999999999997,2005-05-24,325.0,0.0,
-36.8407,150.19669999999996,2005-05-24,319.0,0.0,
-22.0044,113.68939999999998,2005-05-24,133.0,0.0,
-22.0044,113.68939999999998,2005-05-25,45.0,0.2,
-36.5073,150.19669999999996,2005-05-27,207.0,0.0,
-35.8405,150.5301,2005-05-28,297.0,0.0,
-35.6738,150.5301,2005-05-28,297.0,0.0,
-30.3394,153.0306,2005-05-28,270.0,0.0,
-28.0056,153.53070000000002,2005-05-28,288.0,0.0,
-26.5053,153.8641,2005-05-28,245.0,0.0,
-5.001,145.8625,2005-05-28,79.0,0.0,
-36.3406,150.5301,2005-05-29,223.0,0.0,
-36.3406,150.6968,2005-05-29,222.0,0.0,
-35.8405,150.5301,2005-05-29,229.0,0.0,
-35.5071,150.6968,2005-05-29,230.0,0.0,
-34.0068,151.5303,2005-05-29,217.0,0.0,
-33.5067,151.8637,2005-05-29,217.0,0.0,
-33.5067,152.0304,2005-05-29,220.0,0.0,
-26.5053,153.53070000000002,2005-05-29,170.0,0.0,
-17.8369,168.20029999999997,2005-05-29,108.0,0.0,
-17.5035,168.03359999999998,2005-05-29,107.0,0.0,
-5.001,145.8625,2005-05-29,76.0,0.0,
-37.0074,150.3634,2005-05-30,229.0,0.0,
-36.5073,150.19669999999996,2005-05-30,27.0,0.0,
-33.6734,151.36360000000002,2005-05-31,224.0,0.0,
-36.5073,150.19669999999996,2005-06-02,53.0,0.0,
-20.5041,116.5233,2005-06-02,84.0,0.0,
-20.5041,116.5233,2005-06-03,95.0,0.0,
-20.3374,116.5233,2005-06-03,97.0,0.0,
-36.8407,149.86329999999998,2005-06-04,225.0,0.0,
-36.8407,150.3634,2005-06-04,180.0,0.0,
-36.5073,150.19669999999996,2005-06-04,135.0,0.0,
-36.3406,150.3634,2005-06-04,171.0,0.0,
-35.1737,151.03020000000004,2005-06-04,293.0,0.0,
-34.8403,151.03020000000004,2005-06-04,335.0,0.0,
-34.8403,151.19690000000003,2005-06-04,326.0,0.0,
-30.3394,153.0306,2005-06-04,51.0,0.0,
-27.1721,153.19730000000004,2005-06-04,107.0,0.1,
-27.1721,153.36400000000003,2005-06-04,123.0,0.0,
-26.8387,153.53070000000002,2005-06-04,134.0,0.0,
-22.1711,113.85609999999997,2005-06-04,324.0,0.5,
-21.5043,114.85630000000003,2005-06-04,353.0,0.0,
-20.5041,116.5233,2005-06-04,91.0,0.0,
-20.3374,116.18989999999997,2005-06-04,86.0,0.0,
-20.3374,116.5233,2005-06-04,95.0,0.0,
-20.004,116.85669999999999,2005-06-04,103.0,0.0,
-17.5035,119.35720000000003,2005-06-04,75.0,0.0,
-36.8407,150.3634,2005-06-05,225.0,0.0,
-35.1737,151.03020000000004,2005-06-05,177.0,0.0,
-32.8399,152.53049999999996,2005-06-05,234.0,0.0,
-30.3394,153.53070000000002,2005-06-05,333.0,0.0,
-27.6722,153.8641,2005-06-05,138.0,0.0,
-27.0054,153.53070000000002,2005-06-05,147.0,0.1,
-21.5043,114.85630000000003,2005-06-05,335.0,0.0,
-20.5041,116.5233,2005-06-05,66.0,0.0,
-20.3374,116.18989999999997,2005-06-05,38.0,0.0,
-20.3374,116.5233,2005-06-05,57.0,0.0,
-20.004,116.85669999999999,2005-06-05,45.0,0.0,
-28.1723,153.8641,2005-06-06,171.0,0.1,
-20.5041,116.5233,2005-06-06,302.0,0.2,
-20.3374,116.18989999999997,2005-06-06,313.0,0.1,
-20.3374,116.5233,2005-06-06,313.0,0.1,
-20.3374,116.5233,2005-06-08,179.0,0.0,
-20.3374,116.85669999999999,2005-06-09,182.0,0.4,
-17.5035,168.20029999999997,2005-06-09,115.0,0.2,
-36.674,150.3634,2005-06-10,6.0,0.0,
-17.5035,168.03359999999998,2005-06-10,107.0,1.9,
-17.5035,168.20029999999997,2005-06-10,103.0,1.0,
-17.3368,168.20029999999997,2005-06-10,94.0,0.5,
-32.8399,152.53049999999996,2005-06-11,16.0,0.0,
-26.5053,153.36400000000003,2005-06-11,32.0,0.0,
-20.5041,116.5233,2005-06-11,131.0,0.0,
-20.3374,116.5233,2005-06-11,131.0,0.0,
-19.1705,147.52949999999998,2005-06-11,107.0,0.0,
-19.0038,147.3628,2005-06-11,113.0,0.0,
-36.8407,150.3634,2005-06-12,281.0,0.0,
-36.674,150.3634,2005-06-12,281.0,0.0,
-36.5073,150.19669999999996,2005-06-12,27.0,0.0,
-35.6738,150.5301,2005-06-12,239.0,0.0,
-35.5071,150.6968,2005-06-12,213.0,0.0,
-35.1737,150.8635,2005-06-12,250.0,0.0,
-34.0068,151.36360000000002,2005-06-12,248.0,0.0,
-32.6732,152.36379999999997,2005-06-12,270.0,2.0,
-26.8387,153.53070000000002,2005-06-12,322.0,0.0,
-20.6708,149.19650000000001,2005-06-12,119.0,0.0,
-20.5041,149.19650000000001,2005-06-12,115.0,0.0,
-20.3374,116.5233,2005-06-12,164.0,0.0,
-20.004,116.85669999999999,2005-06-12,161.0,0.0,
-19.1705,147.52949999999998,2005-06-12,103.0,0.0,
-19.1705,147.69619999999998,2005-06-12,107.0,0.0,
-19.0038,147.3628,2005-06-12,105.0,0.0,
-35.6738,150.3634,2005-06-13,24.0,0.0,
-35.1737,151.03020000000004,2005-06-13,16.0,0.0,
-34.5069,151.03020000000004,2005-06-13,15.0,0.0,
-20.6708,149.19650000000001,2005-06-13,92.0,0.0,
-19.1705,147.52949999999998,2005-06-13,81.0,0.0,
-17.8369,146.1959,2005-06-13,105.0,0.0,
-17.5035,168.03359999999998,2005-06-13,160.0,0.0,
-19.0038,147.3628,2005-06-14,56.0,0.0,
-36.5073,150.5301,2005-06-15,,,
-36.3406,150.02999999999997,2005-06-15,,,
-36.5073,150.5301,2005-06-16,,,
-36.1739,150.3634,2005-06-17,,,
-20.5041,116.5233,2005-06-17,,,
-19.1705,147.52949999999998,2005-06-17,,,
-17.3368,168.20029999999997,2005-06-17,,,
-27.8389,153.53070000000002,2005-06-18,,,
-27.0054,153.53070000000002,2005-06-18,,,
-26.8387,153.53070000000002,2005-06-18,,,
-20.8375,149.5299,2005-06-18,,,
-20.3374,116.5233,2005-06-18,,,
-19.1705,147.52949999999998,2005-06-18,,,
-19.0038,147.3628,2005-06-18,,,
-17.5035,122.02440000000001,2005-06-18,,,
7.0014,171.36760000000004,2005-06-18,,,
7.0014,171.53430000000003,2005-06-18,,,
7.0014,171.8677,2005-06-18,,,
7.1681,171.70100000000002,2005-06-18,,,
-35.8405,150.5301,2005-06-19,,,
-19.1705,147.52949999999998,2005-06-19,,,
-36.8407,150.3634,2005-06-21,,,
-19.0038,147.3628,2005-06-21,,,
-27.0054,153.36400000000003,2005-06-25,,,
-38.1743,140.5281,2005-06-26,,,
-35.8405,150.5301,2005-06-26,,,
-27.8389,153.53070000000002,2005-06-27,,,
-17.0034,178.36900000000003,2005-06-27,,,
-14.3362,168.36699999999996,2005-06-27,,,
-27.1721,153.19730000000004,2005-06-28,,,
-38.1743,140.5281,2005-06-29,,,
-14.3362,168.36699999999996,2005-06-29,,,
-7.1681,147.52949999999998,2005-06-29,,,
-19.0038,147.3628,2005-06-30,,,
-14.6696,168.36699999999996,2005-06-30,,,
-19.0038,147.3628,2005-07-01,,,
-17.8369,168.5337,2005-07-03,,,
-20.3374,116.5233,2005-07-04,,,
-17.6702,121.85770000000002,2005-07-04,,,
-30.8395,153.0306,2005-07-05,,,
-17.8369,168.20029999999997,2005-07-05,,,
-14.1695,167.3668,2005-07-05,,,
-34.0068,151.5303,2005-07-06,,,
-34.0068,151.697,2005-07-06,,,
-27.0054,153.69740000000002,2005-07-07,,,
-18.5037,177.8689,2005-07-07,,,
-35.6738,150.3634,2005-07-08,,,
-15.5031,167.3668,2005-07-08,,,
-19.1705,147.52949999999998,2005-07-09,,,
-19.0038,147.3628,2005-07-09,,,
-17.6702,122.02440000000001,2005-07-09,,,
-17.5035,168.5337,2005-07-09,,,
-7.0014,147.86289999999997,2005-07-09,,,
-42.1751,148.5297,2005-07-10,,,
-19.1705,147.52949999999998,2005-07-10,,,
-18.1703,146.69600000000003,2005-07-10,,,
-7.0014,147.1961,2005-07-10,,,
-20.3374,116.5233,2005-07-11,,,
-20.3374,116.85669999999999,2005-07-11,,,
-19.1705,147.52949999999998,2005-07-11,,,
-19.0038,147.3628,2005-07-11,,,
-22.1711,113.85609999999997,2005-07-12,,,
-20.5041,117.02339999999998,2005-07-12,,,
-18.5037,177.8689,2005-07-12,,,
-15.1697,167.20010000000002,2005-07-12,,,
-19.1705,147.52949999999998,2005-07-13,,,
-19.0038,147.3628,2005-07-13,,,
-18.5037,-174.2015,2005-07-13,,,
-19.1705,147.52949999999998,2005-07-14,,,
-19.0038,147.3628,2005-07-14,,,
-18.337,146.69600000000003,2005-07-14,,,
-18.337,178.0356,2005-07-14,,,
-17.6702,122.02440000000001,2005-07-14,,,
-17.5035,122.02440000000001,2005-07-14,,,
-19.1705,147.52949999999998,2005-07-15,,,
-19.0038,147.3628,2005-07-15,,,
-18.5037,-174.2015,2005-07-15,,,
-18.0036,146.3626,2005-07-15,,,
-17.6702,122.02440000000001,2005-07-15,,,
-17.5035,122.02440000000001,2005-07-15,,,
-14.1695,167.3668,2005-07-15,,,
-20.004,148.86310000000003,2005-07-16,,,
-19.1705,147.52949999999998,2005-07-16,,,
-19.0038,147.3628,2005-07-16,,,
-17.6702,122.02440000000001,2005-07-16,,,
-17.6702,122.1911,2005-07-16,,,
-17.5035,122.02440000000001,2005-07-16,,,
-13.8361,167.3668,2005-07-16,,,
-13.6694,167.20010000000002,2005-07-16,,,
-13.6694,167.3668,2005-07-16,,,
-28.0056,153.53070000000002,2005-07-17,,,
-17.6702,122.02440000000001,2005-07-17,,,
-17.6702,122.1911,2005-07-17,,,
-17.5035,122.02440000000001,2005-07-17,,,
-13.6694,167.20010000000002,2005-07-17,,,
-17.6702,122.02440000000001,2005-07-18,,,
-17.6702,122.1911,2005-07-18,,,
-17.5035,122.02440000000001,2005-07-18,,,
-20.3374,116.5233,2005-07-19,,,
-17.6702,122.02440000000001,2005-07-19,,,
-17.6702,122.1911,2005-07-19,,,
-17.5035,122.02440000000001,2005-07-19,,,
-15.5031,167.5335,2005-07-19,,,
-18.6704,178.53570000000002,2005-07-20,,,
-17.6702,122.02440000000001,2005-07-20,,,
-17.5035,121.85770000000002,2005-07-20,,,
-17.5035,122.02440000000001,2005-07-20,,,
-14.1695,167.5335,2005-07-20,,,
-17.6702,122.02440000000001,2005-07-21,,,
-17.6702,122.1911,2005-07-21,,,
-17.5035,121.85770000000002,2005-07-21,,,
-17.5035,122.02440000000001,2005-07-21,,,
-36.5073,150.19669999999996,2005-07-22,,,
-36.674,150.3634,2005-07-23,,,
-36.5073,150.19669999999996,2005-07-23,,,
-27.0054,153.36400000000003,2005-07-23,,,
-30.3394,153.19730000000004,2005-07-24,,,
-17.5035,168.20029999999997,2005-07-24,,,
-17.5035,168.20029999999997,2005-07-25,,,
-17.5035,168.20029999999997,2005-07-26,,,
-20.3374,116.5233,2005-07-27,,,
-19.0038,147.3628,2005-07-27,,,
-17.8369,168.36699999999996,2005-07-28,,,
-13.5027,167.3668,2005-07-28,,,
-36.674,150.3634,2005-07-29,,,
-20.5041,116.35660000000001,2005-07-29,,,
-20.5041,116.5233,2005-07-29,,,
-20.3374,116.5233,2005-07-29,,,
-20.3374,116.69,2005-07-29,,,
-20.3374,116.85669999999999,2005-07-29,,,
-20.1707,116.5233,2005-07-29,,,
-13.5027,167.5335,2005-07-29,,,
-21.671,114.18950000000001,2005-07-30,,,
-20.5041,116.35660000000001,2005-07-30,,,
-20.5041,116.5233,2005-07-30,,,
-20.5041,116.69,2005-07-30,,,
-20.3374,116.5233,2005-07-30,,,
-20.3374,116.69,2005-07-30,,,
-20.3374,116.85669999999999,2005-07-30,,,
-17.5035,122.02440000000001,2005-07-30,,,
-13.5027,167.5335,2005-07-30,,,
-20.6708,116.35660000000001,2005-07-31,,,
-20.5041,116.5233,2005-07-31,,,
-20.5041,116.69,2005-07-31,,,
-20.3374,116.5233,2005-07-31,,,
-20.3374,116.69,2005-07-31,,,
-18.6704,178.53570000000002,2005-07-31,,,
-17.5035,122.02440000000001,2005-07-31,,,
-13.5027,167.3668,2005-07-31,,,
